Patient ID,REL #,Patient ID2,Mutation #,Alleles,Changes in same gene,Changes in other genes,NCL Phenotype or other disease,Age at onset (y),Histology,Country of origin,other ethnic detail,Country of Residence,Reference,PMID_patient,Notes,Identifier,Location,Nucleotide change,Amino acid change,Type of Mutation - DNA,Additional mutation information,Predicted functional effect,clinvar classification,rs number,contig position (GRCh38.p7),PMID_mutation,References,Original description,Others notes,Disease_Subtype
Pa-cln1.001,,1_Vesa_1995,cln1.001,p.Arg122Trp,,,infantile,,,Finland,,,"Vesa et al., 1995",7637805,Finnish Founder effect,cln1.001,Exon 04,c.364A>T,p.(Arg122Trp),substitution,missense,Probably damaging,Pathogenic,rs137852695,40091398,7637805,Vesa et al. 1995,,Finnish major mutation. Mutation leads to intracellular accumulation of the polypeptide and undetectable enzyme activity in the brain of patients.,CLN1
Pa-cln1.002,,2_Vesa_1995,cln1.001,p.Arg122Trp,,,infantile,,,Finland,,,"Vesa et al., 1995",7637805,Finnish Founder effect,cln1.001,Exon 04,c.364A>T,p.(Arg122Trp),substitution,missense,Probably damaging,Pathogenic,rs137852695,40091398,7637805,Vesa et al. 1995,,Finnish major mutation. Mutation leads to intracellular accumulation of the polypeptide and undetectable enzyme activity in the brain of patients.,CLN1
Pa-cln1.003,,3_Vesa_1995,cln1.001,p.Arg122Trp,,,infantile,,,Finland,,,"Vesa et al., 1995",7637805,Finnish Founder effect,cln1.001,Exon 04,c.364A>T,p.(Arg122Trp),substitution,missense,Probably damaging,Pathogenic,rs137852695,40091398,7637805,Vesa et al. 1995,,Finnish major mutation. Mutation leads to intracellular accumulation of the polypeptide and undetectable enzyme activity in the brain of patients.,CLN1
Pa-cln1.004,,4_Vesa_1995,cln1.001,p.Arg122Trp,,,infantile,,,Finland,,,"Vesa et al., 1995",7637805,Finnish Founder effect,cln1.001,Exon 04,c.364A>T,p.(Arg122Trp),substitution,missense,Probably damaging,Pathogenic,rs137852695,40091398,7637805,Vesa et al. 1995,,Finnish major mutation. Mutation leads to intracellular accumulation of the polypeptide and undetectable enzyme activity in the brain of patients.,CLN1
Pa-cln1.005,,5_Vesa_1995,cln1.001,p.Arg122Trp,,,infantile,,,Finland,,,"Vesa et al., 1995",7637805,Finnish Founder effect,cln1.001,Exon 04,c.364A>T,p.(Arg122Trp),substitution,missense,Probably damaging,Pathogenic,rs137852695,40091398,7637805,Vesa et al. 1995,,Finnish major mutation. Mutation leads to intracellular accumulation of the polypeptide and undetectable enzyme activity in the brain of patients.,CLN1
Pa-cln1.006,,6_Vesa_1995,cln1.001,p.Arg122Trp,,,infantile,,,Finland,,,"Vesa et al., 1995",7637805,Finnish Founder effect,cln1.001,Exon 04,c.364A>T,p.(Arg122Trp),substitution,missense,Probably damaging,Pathogenic,rs137852695,40091398,7637805,Vesa et al. 1995,,Finnish major mutation. Mutation leads to intracellular accumulation of the polypeptide and undetectable enzyme activity in the brain of patients.,CLN1
Pa-cln1.007,,7_Vesa_1995,cln1.001,p.Arg122Trp,,,infantile,,,Finland,,,"Vesa et al., 1995",7637805,Finnish Founder effect,cln1.001,Exon 04,c.364A>T,p.(Arg122Trp),substitution,missense,Probably damaging,Pathogenic,rs137852695,40091398,7637805,Vesa et al. 1995,,Finnish major mutation. Mutation leads to intracellular accumulation of the polypeptide and undetectable enzyme activity in the brain of patients.,CLN1
Pa-cln1.008,,8_Vesa_1995,cln1.001,p.Arg122Trp,,,infantile,,,Finland,,,"Vesa et al., 1995",7637805,Finnish Founder effect,cln1.001,Exon 04,c.364A>T,p.(Arg122Trp),substitution,missense,Probably damaging,Pathogenic,rs137852695,40091398,7637805,Vesa et al. 1995,,Finnish major mutation. Mutation leads to intracellular accumulation of the polypeptide and undetectable enzyme activity in the brain of patients.,CLN1
Pa-cln1.009,,9_Vesa_1995,cln1.001,p.Arg122Trp,,,infantile,,,Finland,,,"Vesa et al., 1995",7637805,Finnish Founder effect,cln1.001,Exon 04,c.364A>T,p.(Arg122Trp),substitution,missense,Probably damaging,Pathogenic,rs137852695,40091398,7637805,Vesa et al. 1995,,Finnish major mutation. Mutation leads to intracellular accumulation of the polypeptide and undetectable enzyme activity in the brain of patients.,CLN1
Pa-cln1.010,,10_Vesa_1995,cln1.001,p.Arg122Trp,,,infantile,,,Finland,,,"Vesa et al., 1995",7637805,Finnish Founder effect,cln1.001,Exon 04,c.364A>T,p.(Arg122Trp),substitution,missense,Probably damaging,Pathogenic,rs137852695,40091398,7637805,Vesa et al. 1995,,Finnish major mutation. Mutation leads to intracellular accumulation of the polypeptide and undetectable enzyme activity in the brain of patients.,CLN1
Pa-cln1.011,,11_Vesa_1995,cln1.001,p.Arg122Trp,,,infantile,,,Finland,,,"Vesa et al., 1995",7637805,Finnish Founder effect,cln1.001,Exon 04,c.364A>T,p.(Arg122Trp),substitution,missense,Probably damaging,Pathogenic,rs137852695,40091398,7637805,Vesa et al. 1995,,Finnish major mutation. Mutation leads to intracellular accumulation of the polypeptide and undetectable enzyme activity in the brain of patients.,CLN1
Pa-cln1.012,,12_Vesa_1995,cln1.001,p.Arg122Trp,,,infantile,,,Finland,,,"Vesa et al., 1995",7637805,Finnish Founder effect,cln1.001,Exon 04,c.364A>T,p.(Arg122Trp),substitution,missense,Probably damaging,Pathogenic,rs137852695,40091398,7637805,Vesa et al. 1995,,Finnish major mutation. Mutation leads to intracellular accumulation of the polypeptide and undetectable enzyme activity in the brain of patients.,CLN1
Pa-cln1.013,,13_Vesa_1995,cln1.001,p.Arg122Trp,,,infantile,,,Finland,,,"Vesa et al., 1995",7637805,Finnish Founder effect,cln1.001,Exon 04,c.364A>T,p.(Arg122Trp),substitution,missense,Probably damaging,Pathogenic,rs137852695,40091398,7637805,Vesa et al. 1995,,Finnish major mutation. Mutation leads to intracellular accumulation of the polypeptide and undetectable enzyme activity in the brain of patients.,CLN1
Pa-cln1.014,,14_Vesa_1995,cln1.001,p.Arg122Trp,,,infantile,,,Finland,,,"Vesa et al., 1995",7637805,Finnish Founder effect,cln1.001,Exon 04,c.364A>T,p.(Arg122Trp),substitution,missense,Probably damaging,Pathogenic,rs137852695,40091398,7637805,Vesa et al. 1995,,Finnish major mutation. Mutation leads to intracellular accumulation of the polypeptide and undetectable enzyme activity in the brain of patients.,CLN1
Pa-cln1.015,,15_Vesa_1995,cln1.001,p.Arg122Trp,,,infantile,,,Finland,,,"Vesa et al., 1995",7637805,Finnish Founder effect,cln1.001,Exon 04,c.364A>T,p.(Arg122Trp),substitution,missense,Probably damaging,Pathogenic,rs137852695,40091398,7637805,Vesa et al. 1995,,Finnish major mutation. Mutation leads to intracellular accumulation of the polypeptide and undetectable enzyme activity in the brain of patients.,CLN1
Pa-cln1.016,,16_Vesa_1995,cln1.001,p.Arg122Trp,,,infantile,,,Finland,,,"Vesa et al., 1995",7637805,Finnish Founder effect,cln1.001,Exon 04,c.364A>T,p.(Arg122Trp),substitution,missense,Probably damaging,Pathogenic,rs137852695,40091398,7637805,Vesa et al. 1995,,Finnish major mutation. Mutation leads to intracellular accumulation of the polypeptide and undetectable enzyme activity in the brain of patients.,CLN1
Pa-cln1.017,,17_Vesa_1995,cln1.001,p.Arg122Trp,,,infantile,,,Finland,,,"Vesa et al., 1995",7637805,Finnish Founder effect,cln1.001,Exon 04,c.364A>T,p.(Arg122Trp),substitution,missense,Probably damaging,Pathogenic,rs137852695,40091398,7637805,Vesa et al. 1995,,Finnish major mutation. Mutation leads to intracellular accumulation of the polypeptide and undetectable enzyme activity in the brain of patients.,CLN1
Pa-cln1.018,,18_Vesa_1995,cln1.001,p.Arg122Trp,,,infantile,,,Finland,,,"Vesa et al., 1995",7637805,Finnish Founder effect,cln1.001,Exon 04,c.364A>T,p.(Arg122Trp),substitution,missense,Probably damaging,Pathogenic,rs137852695,40091398,7637805,Vesa et al. 1995,,Finnish major mutation. Mutation leads to intracellular accumulation of the polypeptide and undetectable enzyme activity in the brain of patients.,CLN1
Pa-cln1.019,,19_Vesa_1995,cln1.001,p.Arg122Trp,,,infantile,,,Finland,,,"Vesa et al., 1995",7637805,Finnish Founder effect,cln1.001,Exon 04,c.364A>T,p.(Arg122Trp),substitution,missense,Probably damaging,Pathogenic,rs137852695,40091398,7637805,Vesa et al. 1995,,Finnish major mutation. Mutation leads to intracellular accumulation of the polypeptide and undetectable enzyme activity in the brain of patients.,CLN1
Pa-cln1.020,,20_Vesa_1995,cln1.001,p.Arg122Trp,,,infantile,,,Finland,,,"Vesa et al., 1995",7637805,Finnish Founder effect,cln1.001,Exon 04,c.364A>T,p.(Arg122Trp),substitution,missense,Probably damaging,Pathogenic,rs137852695,40091398,7637805,Vesa et al. 1995,,Finnish major mutation. Mutation leads to intracellular accumulation of the polypeptide and undetectable enzyme activity in the brain of patients.,CLN1
Pa-cln1.021,,21_Vesa_1995,cln1.001,p.Arg122Trp,,,infantile,,,Finland,,,"Vesa et al., 1995",7637805,Finnish Founder effect,cln1.001,Exon 04,c.364A>T,p.(Arg122Trp),substitution,missense,Probably damaging,Pathogenic,rs137852695,40091398,7637805,Vesa et al. 1995,,Finnish major mutation. Mutation leads to intracellular accumulation of the polypeptide and undetectable enzyme activity in the brain of patients.,CLN1
Pa-cln1.022,,22_Vesa_1995,cln1.001,p.Arg122Trp,,,infantile,,,Finland,,,"Vesa et al., 1995",7637805,Finnish Founder effect,cln1.001,Exon 04,c.364A>T,p.(Arg122Trp),substitution,missense,Probably damaging,Pathogenic,rs137852695,40091398,7637805,Vesa et al. 1995,,Finnish major mutation. Mutation leads to intracellular accumulation of the polypeptide and undetectable enzyme activity in the brain of patients.,CLN1
Pa-cln1.023,,23_Vesa_1995,cln1.001,p.Arg122Trp,,,infantile,,,Finland,,,"Vesa et al., 1995",7637805,Finnish Founder effect,cln1.001,Exon 04,c.364A>T,p.(Arg122Trp),substitution,missense,Probably damaging,Pathogenic,rs137852695,40091398,7637805,Vesa et al. 1995,,Finnish major mutation. Mutation leads to intracellular accumulation of the polypeptide and undetectable enzyme activity in the brain of patients.,CLN1
Pa-cln1.024,,24_Vesa_1995,cln1.001,p.Arg122Trp,,,infantile,,,Finland,,,"Vesa et al., 1995",7637805,Finnish Founder effect,cln1.001,Exon 04,c.364A>T,p.(Arg122Trp),substitution,missense,Probably damaging,Pathogenic,rs137852695,40091398,7637805,Vesa et al. 1995,,Finnish major mutation. Mutation leads to intracellular accumulation of the polypeptide and undetectable enzyme activity in the brain of patients.,CLN1
Pa-cln1.025,,25_Vesa_1995,cln1.001,p.Arg122Trp,,,infantile,,,Finland,,,"Vesa et al., 1995",7637805,Finnish Founder effect,cln1.001,Exon 04,c.364A>T,p.(Arg122Trp),substitution,missense,Probably damaging,Pathogenic,rs137852695,40091398,7637805,Vesa et al. 1995,,Finnish major mutation. Mutation leads to intracellular accumulation of the polypeptide and undetectable enzyme activity in the brain of patients.,CLN1
Pa-cln1.026,,26_Vesa_1995,cln1.001,p.Arg122Trp,,,infantile,,,Finland,,,"Vesa et al., 1995",7637805,Finnish Founder effect,cln1.001,Exon 04,c.364A>T,p.(Arg122Trp),substitution,missense,Probably damaging,Pathogenic,rs137852695,40091398,7637805,Vesa et al. 1995,,Finnish major mutation. Mutation leads to intracellular accumulation of the polypeptide and undetectable enzyme activity in the brain of patients.,CLN1
Pa-cln1.027,,27_Vesa_1995,cln1.001,p.Arg122Trp,,,infantile,,,Finland,,,"Vesa et al., 1995",7637805,Finnish Founder effect,cln1.001,Exon 04,c.364A>T,p.(Arg122Trp),substitution,missense,Probably damaging,Pathogenic,rs137852695,40091398,7637805,Vesa et al. 1995,,Finnish major mutation. Mutation leads to intracellular accumulation of the polypeptide and undetectable enzyme activity in the brain of patients.,CLN1
Pa-cln1.028,,28_Vesa_1995,cln1.001,p.Arg122Trp,,,infantile,,,Finland,,,"Vesa et al., 1995",7637805,Finnish Founder effect,cln1.001,Exon 04,c.364A>T,p.(Arg122Trp),substitution,missense,Probably damaging,Pathogenic,rs137852695,40091398,7637805,Vesa et al. 1995,,Finnish major mutation. Mutation leads to intracellular accumulation of the polypeptide and undetectable enzyme activity in the brain of patients.,CLN1
Pa-cln1.029,,29_Vesa_1995,cln1.001,p.Arg122Trp,,,infantile,,,Finland,,,"Vesa et al., 1995",7637805,Finnish Founder effect,cln1.001,Exon 04,c.364A>T,p.(Arg122Trp),substitution,missense,Probably damaging,Pathogenic,rs137852695,40091398,7637805,Vesa et al. 1995,,Finnish major mutation. Mutation leads to intracellular accumulation of the polypeptide and undetectable enzyme activity in the brain of patients.,CLN1
Pa-cln1.030,,30_Vesa_1995,cln1.001,p.Arg122Trp,,,infantile,,,Finland,,,"Vesa et al., 1995",7637805,Finnish Founder effect,cln1.001,Exon 04,c.364A>T,p.(Arg122Trp),substitution,missense,Probably damaging,Pathogenic,rs137852695,40091398,7637805,Vesa et al. 1995,,Finnish major mutation. Mutation leads to intracellular accumulation of the polypeptide and undetectable enzyme activity in the brain of patients.,CLN1
Pa-cln1.031,,31_Vesa_1995,cln1.001,p.Arg122Trp,,,infantile,,,Finland,,,"Vesa et al., 1995",7637805,Finnish Founder effect,cln1.001,Exon 04,c.364A>T,p.(Arg122Trp),substitution,missense,Probably damaging,Pathogenic,rs137852695,40091398,7637805,Vesa et al. 1995,,Finnish major mutation. Mutation leads to intracellular accumulation of the polypeptide and undetectable enzyme activity in the brain of patients.,CLN1
Pa-cln1.032,,32_Vesa_1995,cln1.001,p.Arg122Trp,,,infantile,,,Finland,,,"Vesa et al., 1995",7637805,Finnish Founder effect,cln1.001,Exon 04,c.364A>T,p.(Arg122Trp),substitution,missense,Probably damaging,Pathogenic,rs137852695,40091398,7637805,Vesa et al. 1995,,Finnish major mutation. Mutation leads to intracellular accumulation of the polypeptide and undetectable enzyme activity in the brain of patients.,CLN1
Pa-cln1.033,,33_Vesa_1995,cln1.001,p.Arg122Trp,,,infantile,,,Finland,,,"Vesa et al., 1995",7637805,Finnish Founder effect,cln1.001,Exon 04,c.364A>T,p.(Arg122Trp),substitution,missense,Probably damaging,Pathogenic,rs137852695,40091398,7637805,Vesa et al. 1995,,Finnish major mutation. Mutation leads to intracellular accumulation of the polypeptide and undetectable enzyme activity in the brain of patients.,CLN1
Pa-cln1.034,,34_Vesa_1995,cln1.001,p.Arg122Trp,,,infantile,,,Finland,,,"Vesa et al., 1995",7637805,Finnish Founder effect,cln1.001,Exon 04,c.364A>T,p.(Arg122Trp),substitution,missense,Probably damaging,Pathogenic,rs137852695,40091398,7637805,Vesa et al. 1995,,Finnish major mutation. Mutation leads to intracellular accumulation of the polypeptide and undetectable enzyme activity in the brain of patients.,CLN1
Pa-cln1.035,,35_Vesa_1995,cln1.001,p.Arg122Trp,,,infantile,,,Finland,,,"Vesa et al., 1995",7637805,Finnish Founder effect,cln1.001,Exon 04,c.364A>T,p.(Arg122Trp),substitution,missense,Probably damaging,Pathogenic,rs137852695,40091398,7637805,Vesa et al. 1995,,Finnish major mutation. Mutation leads to intracellular accumulation of the polypeptide and undetectable enzyme activity in the brain of patients.,CLN1
Pa-cln1.036,,36_Vesa_1995,cln1.001,p.Arg122Trp,,,infantile,,,Finland,,,"Vesa et al., 1995",7637805,Finnish Founder effect,cln1.001,Exon 04,c.364A>T,p.(Arg122Trp),substitution,missense,Probably damaging,Pathogenic,rs137852695,40091398,7637805,Vesa et al. 1995,,Finnish major mutation. Mutation leads to intracellular accumulation of the polypeptide and undetectable enzyme activity in the brain of patients.,CLN1
Pa-cln1.037,,37_Vesa_1995,cln1.001,p.Arg122Trp,,,infantile,,,Finland,,,"Vesa et al., 1995",7637805,Finnish Founder effect,cln1.001,Exon 04,c.364A>T,p.(Arg122Trp),substitution,missense,Probably damaging,Pathogenic,rs137852695,40091398,7637805,Vesa et al. 1995,,Finnish major mutation. Mutation leads to intracellular accumulation of the polypeptide and undetectable enzyme activity in the brain of patients.,CLN1
Pa-cln1.038,,38_Vesa_1995,cln1.001,p.Arg122Trp,,,infantile,,,Finland,,,"Vesa et al., 1995",7637805,Finnish Founder effect,cln1.001,Exon 04,c.364A>T,p.(Arg122Trp),substitution,missense,Probably damaging,Pathogenic,rs137852695,40091398,7637805,Vesa et al. 1995,,Finnish major mutation. Mutation leads to intracellular accumulation of the polypeptide and undetectable enzyme activity in the brain of patients.,CLN1
Pa-cln1.039,,39_Vesa_1995,cln1.001,p.Arg122Trp,,,infantile,,,Finland,,,"Vesa et al., 1995",7637805,Finnish Founder effect,cln1.001,Exon 04,c.364A>T,p.(Arg122Trp),substitution,missense,Probably damaging,Pathogenic,rs137852695,40091398,7637805,Vesa et al. 1995,,Finnish major mutation. Mutation leads to intracellular accumulation of the polypeptide and undetectable enzyme activity in the brain of patients.,CLN1
Pa-cln1.040,,40_Vesa_1995,cln1.001,p.Arg122Trp,,,infantile,,,Finland,,,"Vesa et al., 1995",7637805,Finnish Founder effect,cln1.001,Exon 04,c.364A>T,p.(Arg122Trp),substitution,missense,Probably damaging,Pathogenic,rs137852695,40091398,7637805,Vesa et al. 1995,,Finnish major mutation. Mutation leads to intracellular accumulation of the polypeptide and undetectable enzyme activity in the brain of patients.,CLN1
Pa-cln1.041,,41_Vesa_1995,,null allele,,,infantile,,,Finland,,,"Vesa et al., 1995",7637805,the existence of a null allele was confirmed by amplification from genomic DNA and cDNA but it is not specified in the report,,,,,,,,,,,,,,,CLN1
Pa-cln1.041,,41_Vesa_1995,cln1.001,p.Arg122Trp,,,infantile,,,Finland,,,"Vesa et al., 1995",7637805,,cln1.001,Exon 04,c.364A>T,p.(Arg122Trp),substitution,missense,Probably damaging,Pathogenic,rs137852695,40091398,7637805,Vesa et al. 1995,,Finnish major mutation. Mutation leads to intracellular accumulation of the polypeptide and undetectable enzyme activity in the brain of patients.,CLN1
Pa-cln1.042,,42_Vesa_1995,,null allele,,,infantile,,,Finland,,,"Vesa et al., 1995",7637805,the existence of a null allele was confirmed by amplification from genomic DNA and cDNA but it is not specified in the report,,,,,,,,,,,,,,,CLN1
Pa-cln1.042,,42_Vesa_1995,cln1.001,p.Arg122Trp,,,infantile,,,Finland,,,"Vesa et al., 1995",7637805,,cln1.001,Exon 04,c.364A>T,p.(Arg122Trp),substitution,missense,Probably damaging,Pathogenic,rs137852695,40091398,7637805,Vesa et al. 1995,,Finnish major mutation. Mutation leads to intracellular accumulation of the polypeptide and undetectable enzyme activity in the brain of patients.,CLN1
Pa-cln1.043,,43_Vesa_1995,cln1.001,p.Arg122Trp,,,infantile,,,Germany,,,"Vesa et al., 1995",7637805,,cln1.001,Exon 04,c.364A>T,p.(Arg122Trp),substitution,missense,Probably damaging,Pathogenic,rs137852695,40091398,7637805,Vesa et al. 1995,,Finnish major mutation. Mutation leads to intracellular accumulation of the polypeptide and undetectable enzyme activity in the brain of patients.,CLN1
Pa-cln1.044,,44_Vesa_1995,cln1.001,p.Arg122Trp,,,infantile,,,Estonia,,,"Vesa et al., 1995",7637805,,cln1.001,Exon 04,c.364A>T,p.(Arg122Trp),substitution,missense,Probably damaging,Pathogenic,rs137852695,40091398,7637805,Vesa et al. 1995,,Finnish major mutation. Mutation leads to intracellular accumulation of the polypeptide and undetectable enzyme activity in the brain of patients.,CLN1
Pa-cln1.045,,45_Vesa_1995,,not identified,,,infantile,,,Germany,,,"Vesa et al., 1995",7637805,,,,,,,,,,,,,,,,CLN1
Pa-cln1.045,,45_Vesa_1995,cln1.001,p.Arg122Trp,,,infantile,,,Germany,,,"Vesa et al., 1995",7637805,,cln1.001,Exon 04,c.364A>T,p.(Arg122Trp),substitution,missense,Probably damaging,Pathogenic,rs137852695,40091398,7637805,Vesa et al. 1995,,Finnish major mutation. Mutation leads to intracellular accumulation of the polypeptide and undetectable enzyme activity in the brain of patients.,CLN1
Pa-cln1.046,,46_Vesa_1995,,not identified,,,infantile,,,Sweden,,,"Vesa et al., 1995",7637805,,,,,,,,,,,,,,,,CLN1
Pa-cln1.046,,46_Vesa_1995,cln1.001,p.Arg122Trp,,,infantile,,,Sweden,,,"Vesa et al., 1995",7637805,,cln1.001,Exon 04,c.364A>T,p.(Arg122Trp),substitution,missense,Probably damaging,Pathogenic,rs137852695,40091398,7637805,Vesa et al. 1995,,Finnish major mutation. Mutation leads to intracellular accumulation of the polypeptide and undetectable enzyme activity in the brain of patients.,CLN1
Pa-cln1.047,,47_Vesa_1995,,not identified,,,infantile,,,UK,,,"Vesa et al., 1995",7637805,,,,,,,,,,,,,,,,CLN1
Pa-cln1.047,,47_Vesa_1995,cln1.002,p.Lys55*,,,infantile,,,UK,,,"Vesa et al., 1995",7637805,,cln1.002,Exon 02,c.163A>T,p.(Lys55*),substitution,nonsense,,Likely pathogenic,rs386833633,40092469,7637805,Vesa et al. 1995,,,CLN1
Pa-cln1.048,REL#01,28_II1_Mitchison_1998,cln1.009,p.(Arg151*),,,juvenile,6,GROD,England,,,"Mitchison et al., 1998",9425237,siblings,cln1.009,Exon 05,c.451C>T,p.(Arg151*),substitution,nonsense,,Pathogenic,rs137852700,40089495,9425237,Mitchison et al. 1998,,,CLN1
Pa-cln1.048,REL#01,28_II1_Mitchison_1998,cln1.004,(p.Thr75Pro),,,juvenile,6,GROD,England,,,"Mitchison et al., 1998",9425237,siblings,cln1.004,Exon 02,c.223A>C,p.(Thr75Pro),substitution,Missense,Benign,Pathogenic,rs137852696,40092409,9425237,Mitchison et al. 1998,,homozygous change in a number of patients,CLN1
Pa-cln1.049,REL#01,28_II2_Mitchison_1998,cln1.009,p.(Arg151*),,,juvenile,8,GROD,England,,,"Mitchison et al., 1998",9425237,siblings,cln1.009,Exon 05,c.451C>T,p.(Arg151*),substitution,nonsense,,Pathogenic,rs137852700,40089495,9425237,Mitchison et al. 1998,,,CLN1
Pa-cln1.049,REL#01,28_II2_Mitchison_1998,cln1.004,(p.Thr75Pro),,,juvenile,8,GROD,England,,,"Mitchison et al., 1998",9425237,siblings,cln1.004,Exon 02,c.223A>C,p.(Thr75Pro),substitution,Missense,Benign,Pathogenic,rs137852696,40092409,9425237,Mitchison et al. 1998,,homozygous change in a number of patients,CLN1
Pa-cln1.050,REL#02,54_II2_Mitchison_1998,cln1.009,p.(Arg151*),,,juvenile,7,GROD,Canada,Newfoundland,,"Mitchison et al., 1998",9425237,siblings,cln1.009,Exon 05,c.451C>T,p.(Arg151*),substitution,nonsense,,Pathogenic,rs137852700,40089495,9425237,Mitchison et al. 1998,,,CLN1
Pa-cln1.050,REL#02,54_II2_Mitchison_1998,cln1.004,(p.Thr75Pro),,,juvenile,7,GROD,Canada,Newfoundland,,"Mitchison et al., 1998",9425237,siblings,cln1.004,Exon 02,c.223A>C,p.(Thr75Pro),substitution,Missense,Benign,Pathogenic,rs137852696,40092409,9425237,Mitchison et al. 1998,,homozygous change in a number of patients,CLN1
Pa-cln1.051,REL#02,54_II3_Mitchison_1998,cln1.009,p.(Arg151*),,,juvenile,7,GROD,Canada,Newfoundland,,"Mitchison et al., 1998",9425237,Siblings,cln1.009,Exon 05,c.451C>T,p.(Arg151*),substitution,nonsense,,Pathogenic,rs137852700,40089495,9425237,Mitchison et al. 1998,,,CLN1
Pa-cln1.051,REL#02,54_II3_Mitchison_1998,cln1.004,(p.Thr75Pro),,,juvenile,7,GROD,Canada,Newfoundland,,"Mitchison et al., 1998",9425237,Siblings,cln1.004,Exon 02,c.223A>C,p.(Thr75Pro),substitution,Missense,Benign,Pathogenic,rs137852696,40092409,9425237,Mitchison et al. 1998,,homozygous change in a number of patients,CLN1
Pa-cln1.052,REL#02,54_II4_Mitchison_1998,cln1.009,p.(Arg151*),,,juvenile,7,GROD,Canada,Newfoundland,,"Mitchison et al., 1998",9425237,siblings,cln1.009,Exon 05,c.451C>T,p.(Arg151*),substitution,nonsense,,Pathogenic,rs137852700,40089495,9425237,Mitchison et al. 1998,,,CLN1
Pa-cln1.052,REL#02,54_II4_Mitchison_1998,cln1.004,(p.Thr75Pro),,,juvenile,7,GROD,Canada,Newfoundland,,"Mitchison et al., 1998",9425237,siblings,cln1.004,Exon 02,c.223A>C,p.(Thr75Pro),substitution,Missense,Benign,Pathogenic,rs137852696,40092409,9425237,Mitchison et al. 1998,,homozygous change in a number of patients,CLN1
Pa-cln1.053,REL#03,56_II1_Mitchison_1998,cln1.004,(p.Thr75Pro),,,juvenile,7,GROD,USA,,,"Mitchison et al., 1998",9425237,siblings,cln1.004,Exon 02,c.223A>C,p.(Thr75Pro),substitution,Missense,Benign,Pathogenic,rs137852696,40092409,9425237,Mitchison et al. 1998,,homozygous change in a number of patients,CLN1
Pa-cln1.053,REL#03,56_II1_Mitchison_1998,cln1.004,(p.Thr75Pro),,,juvenile,8,GROD,USA,,,"Mitchison et al., 1998",9425237,siblings,cln1.004,Exon 02,c.223A>C,p.(Thr75Pro),substitution,Missense,Benign,Pathogenic,rs137852696,40092409,9425237,Mitchison et al. 1998,,homozygous change in a number of patients,CLN1
Pa-cln1.054,REL#03,56_II2_Mitchison_1998,cln1.004,(p.Thr75Pro),,,juvenile,8,GROD,USA,,,"Mitchison et al., 1998",9425237,siblings,cln1.004,Exon 02,c.223A>C,p.(Thr75Pro),substitution,Missense,Benign,Pathogenic,rs137852696,40092409,9425237,Mitchison et al. 1998,,homozygous change in a number of patients,CLN1
Pa-cln1.055,,105_II2_Mitchison_1998,cln1.009,p.(Arg151*),,,juvenile,10,GROD,Scotland,,,"Mitchison et al., 1998",9425237,,cln1.009,Exon 05,c.451C>T,p.(Arg151*),substitution,nonsense,,Pathogenic,rs137852700,40089495,9425237,Mitchison et al. 1998,,,CLN1
Pa-cln1.055,,105_II2_Mitchison_1998,cln1.004,(p.Thr75Pro),,,juvenile,10,GROD,Scotland,,,"Mitchison et al., 1998",9425237,,cln1.004,Exon 02,c.223A>C,p.(Thr75Pro),substitution,Missense,Benign,Pathogenic,rs137852696,40092409,9425237,Mitchison et al. 1998,,homozygous change in a number of patients,CLN1
Pa-cln1.056,,173_II2_Mitchison_1998,cln1.009,p.(Arg151*),,,juvenile,10,GROD,Belgium,,,"Mitchison et al., 1998",9425237,,cln1.009,Exon 05,c.451C>T,p.(Arg151*),substitution,nonsense,,Pathogenic,rs137852700,40089495,9425237,Mitchison et al. 1998,,,CLN1
Pa-cln1.056,,173_II2_Mitchison_1998,cln1.006,p.(Leu219Gln),,,juvenile,10,GROD,Belgium,,,"Mitchison et al., 1998",9425237,,cln1.006,Exon 07,c.656T>A,p.(Leu219Gln),substitution,missense,Probably damaging,Pathogenic,rs137852698,40078630,9425237,Mitchison et al. 1998,,,CLN1
Pa-cln1.057,,208_II3_Mitchison_1998,cln1.009,p.(Arg151*),,,juvenile,7,GROD,USA,,,"Mitchison et al., 1998",9425237,,cln1.009,Exon 05,c.451C>T,p.(Arg151*),substitution,nonsense,,Pathogenic,rs137852700,40089495,9425237,Mitchison et al. 1998,,,CLN1
Pa-cln1.057,,208_II3_Mitchison_1998,cln1.005,p.(Asp79Gly),,,juvenile,7,GROD,USA,,,"Mitchison et al., 1998",9425237,,cln1.005,Exon 03,c.236A>G,p.(Asp79Gly),substitution,missense,Probably damaging,Pathogenic,rs137852697,40092171,9425237,Mitchison et al. 1998,,,CLN1
Pa-cln1.058,,325_II1_Mitchison_1998,cln1.008,p.(Leu10*),,,juvenile,7,GROD,Scotland,,,"Mitchison et al., 1998",9425237,,cln1.008,Exon 01,c.29T>A,p.(Leu10*),substitution,nonsense,,Pathogenic/Likely pathogenic,rs137852699,40097210,9425237,Mitchison et al. 1998,,,CLN1
Pa-cln1.058,,325_II1_Mitchison_1998,cln1.004,(p.Thr75Pro),,,juvenile,7,GROD,Scotland,,,"Mitchison et al., 1998",9425237,,cln1.004,Exon 02,c.223A>C,p.(Thr75Pro),substitution,Missense,Benign,Pathogenic,rs137852696,40092409,9425237,Mitchison et al. 1998,,homozygous change in a number of patients,CLN1
Pa-cln1.059,,341_II2_Mitchison_1998,cln1.009,p.(Arg151*),,,juvenile,7,GROD,Scotland,,,"Mitchison et al., 1998",9425237,,cln1.009,Exon 05,c.451C>T,p.(Arg151*),substitution,nonsense,,Pathogenic,rs137852700,40089495,9425237,Mitchison et al. 1998,,,CLN1
Pa-cln1.059,,341_II2_Mitchison_1998,cln1.004,(p.Thr75Pro),,,juvenile,7,GROD,Scotland,,,"Mitchison et al., 1998",9425237,,cln1.004,Exon 02,c.223A>C,p.(Thr75Pro),substitution,Missense,Benign,Pathogenic,rs137852696,40092409,9425237,Mitchison et al. 1998,,homozygous change in a number of patients,CLN1
Pa-cln1.060,,345_II2_Mitchison_1998,cln1.008,p.(Leu10*),,,juvenile,7,GROD,Scotland,,,"Mitchison et al., 1998",9425237,,cln1.008,Exon 01,c.29T>A,p.(Leu10*),substitution,nonsense,,Pathogenic/Likely pathogenic,rs137852699,40097210,9425237,Mitchison et al. 1998,,,CLN1
Pa-cln1.060,,345_II2_Mitchison_1998,cln1.004,(p.Thr75Pro),,,juvenile,7,GROD,Scotland,,,"Mitchison et al., 1998",9425237,,cln1.004,Exon 02,c.223A>C,p.(Thr75Pro),substitution,Missense,Benign,Pathogenic,rs137852696,40092409,9425237,Mitchison et al. 1998,,homozygous change in a number of patients,CLN1
Pa-cln1.061,,346_II1_Mitchison_1998,cln1.009,p.(Arg151*),,,juvenile,7,GROD,Scotland,,,"Mitchison et al., 1998",9425237,,cln1.009,Exon 05,c.451C>T,p.(Arg151*),substitution,nonsense,,Pathogenic,rs137852700,40089495,9425237,Mitchison et al. 1998,,,CLN1
Pa-cln1.061,,346_II1_Mitchison_1998,cln1.004,(p.Thr75Pro),,,juvenile,7,GROD,Scotland,,,"Mitchison et al., 1998",9425237,,cln1.004,Exon 02,c.223A>C,p.(Thr75Pro),substitution,Missense,Benign,Pathogenic,rs137852696,40092409,9425237,Mitchison et al. 1998,,homozygous change in a number of patients,CLN1
Pa-cln1.062,,1465_Das_1998,cln1.001,p.Arg122Trp,,,infantile,0.3,GROD,Sweden / Norway,,USA/ Canada,"Das et al., 1998",9664077,,cln1.001,Exon 04,c.364A>T,p.(Arg122Trp),substitution,missense,Probably damaging,Pathogenic,rs137852695,40091398,7637805,Vesa et al. 1995,,Finnish major mutation. Mutation leads to intracellular accumulation of the polypeptide and undetectable enzyme activity in the brain of patients.,CLN1
Pa-cln1.062,,1465_Das_1998,cln1.017,p.(Val181Met),,,infantile,0.3,GROD,Sweden / Norway,,USA/ Canada,"Das et al., 1998",9664077,,cln1.017,Exon 06,c.541G>A,p.(Val181Met),substitution,missense,Probably damaging,Likely pathogenic,rs148412181,40080483,9664077,Das et al. 1998,,,CLN1
Pa-cln1.063,,1694_Das_1998,cln1.009,p.(Arg151*),,,infantile,0.5,GROD,,Pennsylvanian Dutch,USA/ Canada,"Das et al., 1998",9664077,,cln1.009,Exon 05,c.451C>T,p.(Arg151*),substitution,nonsense,,Pathogenic,rs137852700,40089495,9425237,Mitchison et al. 1998,,,CLN1
Pa-cln1.063,,1694_Das_1998,cln1.015,p.(Arg164*),,,infantile,0.5,GROD,,Pennsylvanian Dutch,USA/ Canada,"Das et al., 1998",9664077,,cln1.015,Exon 05,c.490C>T,p.(Arg164*),substitution,nonsense,,Pathogenic/Likely pathogenic,rs386833649,40089456,9664077,Das et al. 1998,,,CLN1
Pa-cln1.064,,1474_Das_1998,cln1.008,p.(Leu10*),,,infantile,0.5,GROD,Greece / Ireland,,USA/ Canada,"Das et al., 1998",9664077,,cln1.008,Exon 01,c.29T>A,p.(Leu10*),substitution,nonsense,,Pathogenic/Likely pathogenic,rs137852699,40097210,9425237,Mitchison et al. 1998,,,CLN1
Pa-cln1.065,,1547_Das_1998,cln1.009,p.(Arg151*),,,infantile,0.7,GROD,Germany,,USA/ Canada,"Das et al., 1998",9664077,,cln1.009,Exon 05,c.451C>T,p.(Arg151*),substitution,nonsense,,Pathogenic,rs137852700,40089495,9425237,Mitchison et al. 1998,,,CLN1
Pa-cln1.066,,5_Das 1998_Das_1998,cln1.009,p.(Arg151*),,,infantile,0.7,GROD,Germany / England/ Poland,,USA/ Canada,"Das et al., 1998",9664077,,cln1.009,Exon 05,c.451C>T,p.(Arg151*),substitution,nonsense,,Pathogenic,rs137852700,40089495,9425237,Mitchison et al. 1998,,,CLN1
Pa-cln1.067,,1019_Das_1998,cln1.009,p.(Arg151*),,,infantile,0.7,GROD,Scotland / Ireland / England / Germany / Sweden,,USA/ Canada,"Das et al., 1998",9664077,,cln1.009,Exon 05,c.451C>T,p.(Arg151*),substitution,nonsense,,Pathogenic,rs137852700,40089495,9425237,Mitchison et al. 1998,,,CLN1
Pa-cln1.067,,1019_Das_1998,cln1.014,p.(Met133Argfs*4),,,infantile,0.7,GROD,Scotland / Ireland / England / Germany / Sweden,,USA/ Canada,"Das et al., 1998",9664077,,cln1.014,Exon 04,c.398delT,p.(Met133Argfs*4),deletion,frameshift,,Likely pathogenic,rs386833644,40091363,9664077,Das et al. 1998,,,CLN1
Pa-cln1.068,,1461_Das_1998,cln1.009,p.(Arg151*),,,infantile,1,GROD,Sweden / Dutch,,USA/ Canada,"Das et al., 1998",9664077,,cln1.009,Exon 05,c.451C>T,p.(Arg151*),substitution,nonsense,,Pathogenic,rs137852700,40089495,9425237,Mitchison et al. 1998,,,CLN1
Pa-cln1.069,,1676_Das_1998,cln1.009,p.(Arg151*),,,infantile,1,GROD,Germany / Wales / USA / Italy,Native American,USA/ Canada,"Das et al., 1998",9664077,,cln1.009,Exon 05,c.451C>T,p.(Arg151*),substitution,nonsense,,Pathogenic,rs137852700,40089495,9425237,Mitchison et al. 1998,,,CLN1
Pa-cln1.070,,9_Das 1998,cln1.009,p.(Arg151*),,,infantile,1,GROD,Germany / Wales / USA / Italy,Cherokee,USA/ Canada,"Das et al., 1998",9664077,,cln1.009,Exon 05,c.451C>T,p.(Arg151*),substitution,nonsense,,Pathogenic,rs137852700,40089495,9425237,Mitchison et al. 1998,,,CLN1
Pa-cln1.071,,1196_Das_1998,cln1.001,p.Arg122Trp,,,infantile,1,GROD,Sweden / Norway,,USA/ Canada,"Das et al., 1998",9664077,,cln1.001,Exon 04,c.364A>T,p.(Arg122Trp),substitution,missense,Probably damaging,Pathogenic,rs137852695,40091398,7637805,Vesa et al. 1995,,Finnish major mutation. Mutation leads to intracellular accumulation of the polypeptide and undetectable enzyme activity in the brain of patients.,CLN1
Pa-cln1.071,,1196_Das_1998,cln1.012,p.(Gly42Glu),,,infantile,1,GROD,Sweden / Norway,,USA/ Canada,"Das et al., 1998",9664077,,cln1.012,Exon 02,c.125G>A,p.(Gly42Glu),substitution,missense,Probably damaging,Likely pathogenic,rs386833631,40092507,9664077,Das et al. 1998,,,CLN1
Pa-cln1.072,,1652_Das_1998,cln1.009,p.(Arg151*),,,infantile,1,GROD,Ireland / Wales / England / Germany / Norway,,USA/ Canada,"Das et al., 1998",9664077,,cln1.009,Exon 05,c.451C>T,p.(Arg151*),substitution,nonsense,,Pathogenic,rs137852700,40089495,9425237,Mitchison et al. 1998,,,CLN1
Pa-cln1.072,,1652_Das_1998,cln1.011,p.(His39Gln),,,infantile,1,GROD,Ireland / Wales / England / Germany / Norway,,USA/ Canada,"Das et al., 1998",9664077,,cln1.011,Exon 01,c.117T>A,p.(His39Gln),substitution,missense,Probably damaging,Likely pathogenic,rs386833627,40097122,9664077,Das et al. 1998,,,CLN1
Pa-cln1.073,,1725_Das_1998,cln1.020,c.727-2A>T,,,infantile,1,GROD,Wales / England / Germany / Netherlands,,USA/ Canada,"Das et al., 1998",9664077,,cln1.020,Intron 07,c.727-2A>T      ,,substitution,splice acceptor variant,most probably affecting splicing,Pathogenic/Likely pathogenic,rs386833664,40076915,9664077,Das et al. 1998,IVS7-2A>T,,CLN1
Pa-cln1.073,,1725_Das_1998,cln1.009,p.(Arg151*),,,infantile,1,GROD,Wales / England / Germany / Netherlands,,USA/ Canada,"Das et al., 1998",9664077,,cln1.009,Exon 05,c.451C>T,p.(Arg151*),substitution,nonsense,,Pathogenic,rs137852700,40089495,9425237,Mitchison et al. 1998,,,CLN1
Pa-cln1.074,,1674_Das_1998,cln1.001,p.Arg122Trp,,,infantile,,GROD,Ireland / England / Sweden,,USA/ Canada,"Das et al., 1998",9664077,,cln1.001,Exon 04,c.364A>T,p.(Arg122Trp),substitution,missense,Probably damaging,Pathogenic,rs137852695,40091398,7637805,Vesa et al. 1995,,Finnish major mutation. Mutation leads to intracellular accumulation of the polypeptide and undetectable enzyme activity in the brain of patients.,CLN1
Pa-cln1.074,,1674_Das_1998,cln1.018,p.(Glu184Lys),,,infantile,,GROD,Ireland / England / Sweden,,USA/ Canada,"Das et al., 1998",9664077,,cln1.018,Exon 06,c.550G>A,p.(Glu184Lys),substitution,missense,Probably damaging,Likely pathogenic,rs386833655,40080474,9664077,Das et al. 1998,,,CLN1
Pa-cln1.075,,1601_Das_1998,cln1.008,p.(Leu10*),,,infantile,1.5,GROD,Norway / Canada / USA,Cherokee,USA/ Canada,"Das et al., 1998",9664077,,cln1.008,Exon 01,c.29T>A,p.(Leu10*),substitution,nonsense,,Pathogenic/Likely pathogenic,rs137852699,40097210,9425237,Mitchison et al. 1998,,,CLN1
Pa-cln1.075,,1601_Das_1998,cln1.013,p.(Tyr109Asp),,,infantile,1.5,GROD,Norway / Canada / USA,Cherokee,USA/ Canada,"Das et al., 1998",9664077,,cln1.013,Exon 03,c.325T>G,p.(Tyr109Asp),substitution,missense,Probably damaging,Pathogenic,rs386833642,40092082,9664077,Das et al. 1998,,,CLN1
Pa-cln1.076,,1031_Das_1998,cln1.009,p.(Arg151*),,,late infantile,1.5,GROD,Scotland / Ireland / England / Germany,,USA/ Canada,"Das et al., 1998",9664077,late infantile despite age at onset because had a sib that presented at 24mo,cln1.009,Exon 05,c.451C>T,p.(Arg151*),substitution,nonsense,,Pathogenic,rs137852700,40089495,9425237,Mitchison et al. 1998,,,CLN1
Pa-cln1.077,,1112_Das_1998,cln1.009,p.(Arg151*),,,late infantile,1.5,GROD / CV,Germany / Ireland,,USA/ Canada,"Das et al., 1998",9664077,late infantile because had GROD inclusions,cln1.009,Exon 05,c.451C>T,p.(Arg151*),substitution,nonsense,,Pathogenic,rs137852700,40089495,9425237,Mitchison et al. 1998,,,CLN1
Pa-cln1.077,,1112_Das_1998,cln1.017,p.(Val181Met),,,late infantile,1.5,GROD / CV,Germany / Ireland,,USA/ Canada,"Das et al., 1998",9664077,late infantile because had GROD inclusions,cln1.017,Exon 06,c.541G>A,p.(Val181Met),substitution,missense,Probably damaging,Likely pathogenic,rs148412181,40080483,9664077,Das et al. 1998,,,CLN1
Pa-cln1.078,,1576_Das_1998,,not identified,,,late infantile,1.5,GROD,Morocco,Arabic,USA/ Canada,"Das et al., 1998",9664077,2nd allele not found despite excessive investigation across PPT1_late infantile despite age at onset because had a sib that presented at 24mo,,,,,,,,,,,,,,,CLN1
Pa-cln1.078,,1576_Das_1998,cln1.015,p.(Arg164*),,,late infantile,1.5,GROD,Morocco,Arabic,USA/ Canada,"Das et al., 1998",9664077,2nd allele not found despite excessive investigation across PPT1_late infantile despite age at onset because had a sib that presented at 24mo,cln1.015,Exon 05,c.490C>T,p.(Arg164*),substitution,nonsense,,Pathogenic/Likely pathogenic,rs386833649,40089456,9664077,Das et al. 1998,,,CLN1
Pa-cln1.079,,1005_Das_1998,cln1.010,c.3G>A,,,late infantile,3.5,GROD,Scotland / Germany / Ireland,,USA/ Canada,"Das et al., 1998",9664077,,cln1.010,Exon 01,c.3G>A,,substitution,altered initiation site,,Likely pathogenic,rs386833645,40097236,9664077,Das et al. 1998,,,CLN1
Pa-cln1.079,,1005_Das_1998,cln1.013,p.(Tyr109Asp),,,late infantile,3.5,GROD,Scotland / Germany / Ireland,,USA/ Canada,"Das et al., 1998",9664077,,cln1.013,Exon 03,c.325T>G,p.(Tyr109Asp),substitution,missense,Probably damaging,Pathogenic,rs386833642,40092082,9664077,Das et al. 1998,,,CLN1
Pa-cln1.080,,1639_Das_1998,cln1.016,p.(Gln177Glu),,,late infantile,3.5,GROD,England,,USA/ Canada,"Das et al., 1998",9664077,late infantile because had seizures as presenting symptom,cln1.016,Exon 05,c.529C>G,p.(Gln177Glu),substitution,missense,Probably damaging,Pathogenic/Likely pathogenic,rs386833650,40089417,9664077,Das et al. 1998,,,CLN1
Pa-cln1.080,,1639_Das_1998,cln1.023,p.(Trp296*),,,late infantile,3.5,GROD,England,,USA/ Canada,"Das et al., 1998",9664077,late infantile because had seizures as presenting symptom,cln1.023,Exon 09,c.888G>A,p.(Trp296*),substitution,nonsense,,Likely pathogenic,rs386833670,40074094,9664077,Das et al. 1998,,,CLN1
Pa-cln1.081,,1400_Das_1998,cln1.010,c.3G>A,,,juvenile,5,GROD,Germany / USA,Native American,USA/ Canada,"Das et al., 1998",9664077,,cln1.010,Exon 01,c.3G>A,,substitution,altered initiation site,,Likely pathogenic,rs386833645,40097236,9664077,Das et al. 1998,,,CLN1
Pa-cln1.081,,1400_Das_1998,cln1.021,p.(Tyr247His),,,juvenile,5,GROD,Germany / USA,Native American,USA/ Canada,"Das et al., 1998",9664077,,cln1.021,Exon 08,c.739T>C,p.(Tyr247His),substitution,missense,Probably damaging,Likely pathogenic,rs386833665,40076901,9664077,Das et al. 1998,,,CLN1
Pa-cln1.082,,1523_Das_1998,cln1.009,p.(Arg151*),,,juvenile,5,GROD,Germany,,USA/ Canada,"Das et al., 1998",9664077,,cln1.009,Exon 05,c.451C>T,p.(Arg151*),substitution,nonsense,,Pathogenic,rs137852700,40089495,9425237,Mitchison et al. 1998,,,CLN1
Pa-cln1.082,,1523_Das_1998,cln1.022,p.(Gly250Val),,,juvenile,5,GROD,Germany,,USA/ Canada,"Das et al., 1998",9664077,,cln1.022,Exon 08,c.749G>T,p.(Gly250Val),substitution,missense,Benign,Likely pathogenic,rs386833666,40076891,9664077,Das et al. 1998,,,CLN1
Pa-cln1.083,,1162_Das_1998,cln1.009,p.(Arg151*),,,juvenile,5,GROD / CV / FP,France Canada / Ireland,,USA/ Canada,"Das et al., 1998",9664077,,cln1.009,Exon 05,c.451C>T,p.(Arg151*),substitution,nonsense,,Pathogenic,rs137852700,40089495,9425237,Mitchison et al. 1998,,,CLN1
Pa-cln1.083,,1162_Das_1998,cln1.004,(p.Thr75Pro),,,juvenile,5,GROD / CV / FP,France Canada / Ireland,,USA/ Canada,"Das et al., 1998",9664077,,cln1.004,Exon 02,c.223A>C,p.(Thr75Pro),substitution,Missense,Benign,Pathogenic,rs137852696,40092409,9425237,Mitchison et al. 1998,,homozygous change in a number of patients,CLN1
Pa-cln1.084,,1428_Das_1998,cln1.009,p.(Arg151*),,,juvenile,6,GROD / CV,Norway / Germany / Ireland / England,,USA/ Canada,"Das et al., 1998",9664077,,cln1.009,Exon 05,c.451C>T,p.(Arg151*),substitution,nonsense,,Pathogenic,rs137852700,40089495,9425237,Mitchison et al. 1998,,,CLN1
Pa-cln1.084,,1428_Das_1998,cln1.004,(p.Thr75Pro),,,juvenile,6,GROD / CV,Norway / Germany / Ireland / England,,USA/ Canada,"Das et al., 1998",9664077,,cln1.004,Exon 02,c.223A>C,p.(Thr75Pro),substitution,Missense,Benign,Pathogenic,rs137852696,40092409,9425237,Mitchison et al. 1998,,homozygous change in a number of patients,CLN1
Pa-cln1.085,,1553_Das_1998,cln1.009,p.(Arg151*),,,juvenile,6,GROD,Scotland / Ireland / England / France / France Canada,,USA/ Canada,"Das et al., 1998",9664077,,cln1.009,Exon 05,c.451C>T,p.(Arg151*),substitution,nonsense,,Pathogenic,rs137852700,40089495,9425237,Mitchison et al. 1998,,,CLN1
Pa-cln1.085,,1553_Das_1998,cln1.004,(p.Thr75Pro),,,juvenile,6,GROD,Scotland / Ireland / England / France / France Canada,,USA/ Canada,"Das et al., 1998",9664077,,cln1.004,Exon 02,c.223A>C,p.(Thr75Pro),substitution,Missense,Benign,Pathogenic,rs137852696,40092409,9425237,Mitchison et al. 1998,,homozygous change in a number of patients,CLN1
Pa-cln1.086,,1210_Das_1998,cln1.009,p.(Arg151*),,,juvenile,7,GROD / CV / FP,Scotland / Ireland / Germany / Hungary,,USA/ Canada,"Das et al., 1998",9664077,,cln1.009,Exon 05,c.451C>T,p.(Arg151*),substitution,nonsense,,Pathogenic,rs137852700,40089495,9425237,Mitchison et al. 1998,,,CLN1
Pa-cln1.086,,1210_Das_1998,cln1.004,(p.Thr75Pro),,,juvenile,7,GROD / CV / FP,Scotland / Ireland / Germany / Hungary,,USA/ Canada,"Das et al., 1998",9664077,,cln1.004,Exon 02,c.223A>C,p.(Thr75Pro),substitution,Missense,Benign,Pathogenic,rs137852696,40092409,9425237,Mitchison et al. 1998,,homozygous change in a number of patients,CLN1
Pa-cln1.087,,1321_Das_1998,cln1.004,(p.Thr75Pro),,,juvenile,7,GROD / CV / FP,Germany / Ireland,,USA/ Canada,"Das et al., 1998",9664077,,cln1.004,Exon 02,c.223A>C,p.(Thr75Pro),substitution,Missense,Benign,Pathogenic,rs137852696,40092409,9425237,Mitchison et al. 1998,,homozygous change in a number of patients,CLN1
Pa-cln1.087,,1321_Das_1998,cln1.017,p.(Val181Met),,,juvenile,7,GROD / CV / FP,Germany / Ireland,,USA/ Canada,"Das et al., 1998",9664077,,cln1.017,Exon 06,c.541G>A,p.(Val181Met),substitution,missense,Probably damaging,Likely pathogenic,rs148412181,40080483,9664077,Das et al. 1998,,,CLN1
Pa-cln1.088,,1419_Das_1998,cln1.004,(p.Thr75Pro),,,juvenile,7,GROD / CV / FP,,,USA/ Canada,"Das et al., 1998",9664077,,cln1.004,Exon 02,c.223A>C,p.(Thr75Pro),substitution,Missense,Benign,Pathogenic,rs137852696,40092409,9425237,Mitchison et al. 1998,,homozygous change in a number of patients,CLN1
Pa-cln1.088,,1419_Das_1998,cln1.019,p.(Tyr215Serfs*5),,,juvenile,7,GROD / CV / FP,,,USA/ Canada,"Das et al., 1998",9664077,,cln1.019,Exon 07,c.644delA,p.(Tyr215Serfs*5),deletion,frameshift,,Likely pathogenic,rs386833660,40078641,9664077,Das et al. 1998,,,CLN1
Pa-cln1.089,,1418_Das_1998,cln1.009,p.(Arg151*),,,juvenile,7.5,GROD,England / Hispanic,,USA/ Canada,"Das et al., 1998",9664077,,cln1.009,Exon 05,c.451C>T,p.(Arg151*),substitution,nonsense,,Pathogenic,rs137852700,40089495,9425237,Mitchison et al. 1998,,,CLN1
Pa-cln1.089,,1418_Das_1998,cln1.005,p.(Asp79Gly),,,juvenile,7.5,GROD,England / Hispanic,,USA/ Canada,"Das et al., 1998",9664077,,cln1.005,Exon 03,c.236A>G,p.(Asp79Gly),substitution,missense,Probably damaging,Pathogenic,rs137852697,40092171,9425237,Mitchison et al. 1998,,,CLN1
Pa-cln1.090,,1357_Das_1998,cln1.004,(p.Thr75Pro),,,juvenile,7.5,GROD,Scotland,,USA/ Canada,"Das et al., 1998",9664077,very mild clinical course,cln1.004,Exon 02,c.223A>C,p.(Thr75Pro),substitution,Missense,Benign,Pathogenic,rs137852696,40092409,9425237,Mitchison et al. 1998,,homozygous change in a number of patients,CLN1
Pa-cln1.091,,389_Munroe_1998,cln1.009,p.(Arg151*),,,infantile,,,Scotland,,,"Munroe et al., 1998",9733046,,cln1.009,Exon 05,c.451C>T,p.(Arg151*),substitution,nonsense,,Pathogenic,rs137852700,40089495,9425237,Mitchison et al. 1998,,,CLN1
Pa-cln1.092,,390_Munroe_1998,cln1.009,p.(Arg151*),,,infantile,,,Scotland,,,"Munroe et al., 1998",9733046,,cln1.009,Exon 05,c.451C>T,p.(Arg151*),substitution,nonsense,,Pathogenic,rs137852700,40089495,9425237,Mitchison et al. 1998,,,CLN1
Pa-cln1.092,,390_Munroe_1998,cln1.002,p.Lys55*,,,infantile,,,Scotland,,,"Munroe et al., 1998",9733046,,cln1.002,Exon 02,c.163A>T,p.(Lys55*),substitution,nonsense,,Likely pathogenic,rs386833633,40092469,7637805,Vesa et al. 1995,,,CLN1
Pa-cln1.093,,391_Munroe_1998,cln1.009,p.(Arg151*),,,infantile,,,Scotland,,,"Munroe et al., 1998",9733046,,cln1.009,Exon 05,c.451C>T,p.(Arg151*),substitution,nonsense,,Pathogenic,rs137852700,40089495,9425237,Mitchison et al. 1998,,,CLN1
Pa-cln1.093,,391_Munroe_1998,cln1.008,p.(Leu10*),,,infantile,,,Scotland,,,"Munroe et al., 1998",9733046,,cln1.008,Exon 01,c.29T>A,p.(Leu10*),substitution,nonsense,,Pathogenic/Likely pathogenic,rs137852699,40097210,9425237,Mitchison et al. 1998,,,CLN1
Pa-cln1.094,,392_Munroe_1998,cln1.008,p.(Leu10*),,,infantile,,,Scotland,,,"Munroe et al., 1998",9733046,,cln1.008,Exon 01,c.29T>A,p.(Leu10*),substitution,nonsense,,Pathogenic/Likely pathogenic,rs137852699,40097210,9425237,Mitchison et al. 1998,,,CLN1
Pa-cln1.095,,1_Santorelli_1998,cln1.007,p.(Met57Asnfs*45),,,infantile,1,GROD,Italy,,,"Santorelli et al., 1998",9571187,,cln1.007,Exon 02,c.169dupA,p.(Met57Asnfs*45),duplication,frameshift,,Pathogenic/Likely pathogenic,rs386833634,40092462,9571187,Santorelli et al. ,,,CLN1
Pa-cln1.095,,392_Munroe_1998,cln1.007,p.(Met57Asnfs*45),,,infantile,1,GROD,Italy,,,"Santorelli et al., 1998",9571187,,cln1.007,Exon 02,c.169dupA,p.(Met57Asnfs*45),duplication,frameshift,,Pathogenic/Likely pathogenic,rs386833634,40092462,9571187,Santorelli et al. ,,,CLN1
Pa-cln1.096,,1_Salonen_2000,cln1.007,p.(Met57Asnfs*45),,,infantile,1.5,CL,Turkey,,,"Salonen et al., 2000",10679943,,cln1.007,Exon 02,c.169dupA,p.(Met57Asnfs*45),duplication,frameshift,,Pathogenic/Likely pathogenic,rs386833634,40092462,9571187,Santorelli et al. ,,,CLN1
Pa-cln1.097,,2_Salonen_2000,cln1.009,p.(Arg151*),,,infantile,1,GROD,England,,,"Salonen et al., 2000",10679943,,cln1.009,Exon 05,c.451C>T,p.(Arg151*),substitution,nonsense,,Pathogenic,rs137852700,40089495,9425237,Mitchison et al. 1998,,,CLN1
Pa-cln1.097,,2_Salonen_2000,cln1.033,p.Glu59Argfs*12,,,infantile,1,GROD,England,,,"Salonen et al., 2000",10679943,,cln1.033,Exon 02,c.174_175del,p.(Lys60GlufsTer41),deletion,frameshift,,Pathogenic,rs386833635,40092456,10679943,Salonen et al. 2000,p.(Glu59Argfs*12). ClinVar gives c.175delG,,CLN1
Pa-cln1.098,,3_Salonen_2000,cln1.030,c.125-2A>G,,,infantile,1,GROD,Turkey,,,"Salonen et al., 2000",10679943,,cln1.030,Intron 01,c.125-2A>G  ,,substitution,splice donor variant,most probably affecting splicing,Likely pathogenic,rs386833630,40092509,10679943,Salonen et al. 2000,IVS1-2A>G,,CLN1
Pa-cln1.099,,4_Salonen_2000,,not identified,,,infantile,0.8,GROD,France,,,"Salonen et al., 2000",10679943,2nd allele not found by sequencing,,,,,,,,,,,,,,,CLN1
Pa-cln1.099,,4_Salonen_2000,cln1.036,p.(Gln259Thrfs*36),,,infantile,0.8,GROD,France,,,"Salonen et al., 2000",10679943,2nd allele not found by sequencing,cln1.036,Exon 08,c.774dupA,p.(Gln259Thrfs*36),duplication,frameshift,,Likely pathogenic,rs386833667,40076865,10679943,Salonen et al. 2000,c.774-775insA,,CLN1
Pa-cln1.100,,5_Salonen_2000,cln1.031,p.(Cys46dup),,,infantile,0.7,GROD,,Afro-Caribbean / Asian,,"Salonen et al., 2000",10679943,,cln1.031,Exon 02,c.135_137dup,p.(Cys46dup) ,insertion,duplication,,Likely pathogenic,rs386833632,40092494,10679943,Salonen et al. 2000,c.132_133insTGT,"Varonomen rule is that, at the protein level,  duplicating insertions should be described as duplications. Knowledge from DNA level should not be incorporated.  Clinvar gives p.(p.Cys46_Asn47insCys) erroneously. Mutalyzer and VarVal give the DNA change as 135_137dup.",CLN1
Pa-cln1.100,,5_Salonen_2000,cln1.031,p.(Cys46dup),,,,,,,,,,,,cln1.031,Exon 02,c.135_137dup,p.(Cys46dup) ,insertion,duplication,,Likely pathogenic,rs386833632,40092494,10679943,Salonen et al. 2000,c.132_133insTGT,"Varonomen rule is that, at the protein level,  duplicating insertions should be described as duplications. Knowledge from DNA level should not be incorporated.  Clinvar gives p.(p.Cys46_Asn47insCys) erroneously. Mutalyzer and VarVal give the DNA change as 135_137dup.",CLN1
Pa-cln1.101,,6_Salonen_2000,cln1.018,p.(Glu184Lys),,,infantile,1,GROD,Turkey,,,"Salonen et al., 2000",10679943,,cln1.018,Exon 06,c.550G>A,p.(Glu184Lys),substitution,missense,Probably damaging,Likely pathogenic,rs386833655,40080474,9664077,Das et al. 1998,,,CLN1
Pa-cln1.101,,6_Salonen_2000,cln1.018,p.(Glu184Lys),,,,,,,,,,,,cln1.018,Exon 06,c.550G>A,p.(Glu184Lys),substitution,missense,Probably damaging,Likely pathogenic,rs386833655,40080474,9664077,Das et al. 1998,,,CLN1
Pa-cln1.102,,7_Salonen_2000,cln1.009,p.(Arg151*),,,infantile,2.2,GROD,Austria,,,"Salonen et al., 2000",10679943,,cln1.009,Exon 05,c.451C>T,p.(Arg151*),substitution,nonsense,,Pathogenic,rs137852700,40089495,9425237,Mitchison et al. 1998,,,CLN1
Pa-cln1.102,,7_Salonen_2000,cln1.009,p.(Arg151*),,,,,,,,,,,,cln1.009,Exon 05,c.451C>T,p.(Arg151*),substitution,nonsense,,Pathogenic,rs137852700,40089495,9425237,Mitchison et al. 1998,,,CLN1
Pa-cln1.103,,8_Salonen_2000,cln1.009,p.(Arg151*),,,infantile,,,USA,,,"Salonen et al., 2000",10679943,,cln1.009,Exon 05,c.451C>T,p.(Arg151*),substitution,nonsense,,Pathogenic,rs137852700,40089495,9425237,Mitchison et al. 1998,,,CLN1
Pa-cln1.103,,8_Salonen_2000,cln1.009,p.(Arg151*),,,,,,,,,,,,cln1.009,Exon 05,c.451C>T,p.(Arg151*),substitution,nonsense,,Pathogenic,rs137852700,40089495,9425237,Mitchison et al. 1998,,,CLN1
Pa-cln1.104,,9_Salonen_2000,cln1.009,p.(Arg151*),,,infantile,1,GROD,England,,,"Salonen et al., 2000",10679943,Maternal Uniparental disomy,cln1.009,Exon 05,c.451C>T,p.(Arg151*),substitution,nonsense,,Pathogenic,rs137852700,40089495,9425237,Mitchison et al. 1998,,,CLN1
Pa-cln1.104,,8_Salonen_2000,cln1.009,p.(Arg151*),,,,,,,,,,,,cln1.009,Exon 05,c.451C>T,p.(Arg151*),substitution,nonsense,,Pathogenic,rs137852700,40089495,9425237,Mitchison et al. 1998,,,CLN1
Pa-cln1.105,,10_Salonen_2000,cln1.035,c.628-1G>T,,,,,,,,,,,,cln1.035,Intron 06,c.628-1G>T ,,substitution,splice donor variant,most probably affecting splicing,Pathogenic/Likely pathogenic,rs386833659,40078659,10679943,Salonen et al. 2000,IVS6-1G>T,causes exon skipping?,CLN1
Pa-cln1.105,,10_Salonen_2000,cln1.027,p.(Phe85del),,,infantile,1.5,GROD,England / Ireland / Germany,,,"Salonen et al., 2000",10679943,,cln1.027,Exon 03,c.249_251delCTT,p.(Phe85del),deletion insertion,deletion,,Likely pathogenic,rs386833637,40092149,10679943,Salonen et al. 2000,dbSNP gives position as c.249_251 and variation type as delins. Previously in database as c.255_257. Also described as delins at protein level previously.,,CLN1
Pa-cln1.106,,11_Salonen_2000,,not identified,,,infantile,,,Japan,,,"Salonen et al., 2000",10679943,2nd allele not found by sequencing,,,,,,,,,,,,,,,CLN1
Pa-cln1.106,,11_Salonen_2000,cln1.034,p.(Cys152*),,,infantile,,,Japan,,,"Salonen et al., 2000",10679943,2nd allele not found by sequencing,cln1.034,Exon 05,c.456C>A,p.(Cys152*),substitution,nonsense,,Likely pathogenic,rs386833648,40089490,10679943,Salonen et al. 2000,,,CLN1
Pa-cln1.107,,1_Waliany_2000,cln1.009,p.(Arg151*),,,infantile,1,GROD,,Hispanic,USA,"Waliany et al., 2000",10649502,,cln1.009,Exon 05,c.451C>T,p.(Arg151*),substitution,nonsense,,Pathogenic,rs137852700,40089495,9425237,Mitchison et al. 1998,,,CLN1
Pa-cln1.108,,1528_Waliany_2000,cln1.009,p.(Arg151*),,,infantile,1,GROD,Ireland / Norway,,USA,"Waliany et al., 2000",10649502,,cln1.009,Exon 05,c.451C>T,p.(Arg151*),substitution,nonsense,,Pathogenic,rs137852700,40089495,9425237,Mitchison et al. 1998,,,CLN1
Pa-cln1.108,,1528_Waliany_2000,cln1.028,p.(Gly118Asp),,,infantile,1,GROD,Ireland / Norway,,USA,"Waliany et al., 2000",10649502,,cln1.028,Exon 03,c.353G>A,p.(Gly118Asp),substitution,missense,Probably damaging,Pathogenic,rs143657539,40092054,10649502,Waliany et al.2000,,,CLN1
Pa-cln1.109,,1778_Waliany_2000,cln1.015,p.(Arg164*),,,infantile,1.25,GROD,,African-American,USA,"Waliany et al., 2000",10649502,,cln1.015,Exon 05,c.490C>T,p.(Arg164*),substitution,nonsense,,Pathogenic/Likely pathogenic,rs386833649,40089456,9664077,Das et al. 1998,,,CLN1
Pa-cln1.109,,1778_Waliany_2000,cln1.029,p.(Gln291*),,,infantile,1.25,GROD,,African-American,USA,"Waliany et al., 2000",10649502,,cln1.029,Exon 09,c.871C>T,p.(Gln291*),substitution,nonsense,,Likely pathogenic,rs386833668,40074111,10649502,Waliany et al.2000,,,CLN1
Pa-cln1.110,,1780_Waliany_2000,cln1.009,p.(Arg151*),,,infantile,1.5,GROD,Sweden / Germany,,USA,"Waliany et al., 2000",10649502,,cln1.009,Exon 05,c.451C>T,p.(Arg151*),substitution,nonsense,,Pathogenic,rs137852700,40089495,9425237,Mitchison et al. 1998,,,CLN1
Pa-cln1.110,,1780_Waliany_2000,cln1.007,p.(Met57Asnfs*45),,,infantile,1.5,GROD,Sweden / Germany,,USA,"Waliany et al., 2000",10649502,,cln1.007,Exon 02,c.169dupA,p.(Met57Asnfs*45),duplication,frameshift,,Pathogenic/Likely pathogenic,rs386833634,40092462,9571187,Santorelli et al. ,,,CLN1
Pa-cln1.111,,1781_Waliany_2000,cln1.016,p.(Gln177Glu),,,late infantile,3,GROD,Germany,,USA,"Waliany et al., 2000",10649502,,cln1.016,Exon 05,c.529C>G,p.(Gln177Glu),substitution,missense,Probably damaging,Pathogenic/Likely pathogenic,rs386833650,40089417,9664077,Das et al. 1998,,,CLN1
Pa-cln1.111,,1781_Waliany_2000,cln1.027,p.(Phe85del),,,late infantile,3,GROD,Germany,,USA,"Waliany et al., 2000",10649502,This patient is reported as c.255-c.257delCTT p.(Phe84del),cln1.027,Exon 03,c.249_251delCTT,p.(Phe85del),deletion insertion,deletion,,Likely pathogenic,rs386833637,40092149,10679943,Salonen et al. 2000,dbSNP gives position as c.249_251 and variation type as delins. Previously in database as c.255_257. Also described as delins at protein level previously.,,CLN1
Pa-cln1.112,,1761_Waliany_2000,cln1.009,p.(Arg151*),,,late infantile,3.2,GROD,,,USA,"Waliany et al., 2000",10649502,,cln1.009,Exon 05,c.451C>T,p.(Arg151*),substitution,nonsense,,Pathogenic,rs137852700,40089495,9425237,Mitchison et al. 1998,,,CLN1
Pa-cln1.112,,1761_Waliany_2000,cln1.016,p.(Gln177Glu),,,late infantile,3.2,GROD,,,USA,"Waliany et al., 2000",10649502,,cln1.016,Exon 05,c.529C>G,p.(Gln177Glu),substitution,missense,Probably damaging,Pathogenic/Likely pathogenic,rs386833650,40089417,9664077,Das et al. 1998,,,CLN1
Pa-cln1.113,,1755_Waliany_2000,cln1.004,(p.Thr75Pro),,,juvenile,5,GROD,Germany / Ireland / Scotland / British,,USA,"Waliany et al., 2000",10649502,,cln1.004,Exon 02,c.223A>C,p.(Thr75Pro),substitution,Missense,Benign,Pathogenic,rs137852696,40092409,9425237,Mitchison et al. 1998,,homozygous change in a number of patients,CLN1
Pa-cln1.113,,1755_Waliany_2000,cln1.017,p.(Val181Met),,,juvenile,5,GROD,Germany / Ireland / Scotland / British,,USA,"Waliany et al., 2000",10649502,,cln1.017,Exon 06,c.541G>A,p.(Val181Met),substitution,missense,Probably damaging,Likely pathogenic,rs148412181,40080483,9664077,Das et al. 1998,,,CLN1
Pa-cln1.114,,1778_Waliany_2000,cln1.004,(p.Thr75Pro),,,juvenile,8,GROD,Ireland / Germany / Wales / Scotland / British,,USA,"Waliany et al., 2000",10649502,,cln1.004,Exon 02,c.223A>C,p.(Thr75Pro),substitution,Missense,Benign,Pathogenic,rs137852696,40092409,9425237,Mitchison et al. 1998,,homozygous change in a number of patients,CLN1
Pa-cln1.115,REL#09,1_van Diggelen_2001,cln1.009,p.(Arg151*),,,adult,31,GROD,France,,,"van Diggelen et al., 2001",11506414,,cln1.009,Exon 05,c.451C>T,p.(Arg151*),substitution,nonsense,,Pathogenic,rs137852700,40089495,9425237,Mitchison et al. 1998,,,CLN1
Pa-cln1.115,REL#09,1_van Diggelen_2001,cln1.044,p.(Gly108Arg),,,adult,31,GROD,France,,,"van Diggelen et al., 2001",11506414,,cln1.044,Exon 03,c.322G>C,p.(Gly108Arg)   ,substitution,missense,Probably damaging,Pathogenic,rs137852701,40092085,11506414,van Diggelen et al. 2001,,,CLN1
Pa-cln1.116,REL#09,2_van Diggelen_2001,cln1.009,p.(Arg151*),,,adult,38,NA (sister has GROD),,,,"van Diggelen et al., 2001",11506414,,cln1.009,Exon 05,c.451C>T,p.(Arg151*),substitution,nonsense,,Pathogenic,rs137852700,40089495,9425237,Mitchison et al. 1998,,,CLN1
Pa-cln1.116,REL#09,2_van Diggelen_2001,cln1.044,p.(Gly108Arg),,,adult,38,NA (sister has GROD),,,,"van Diggelen et al., 2001",11506414,,cln1.044,Exon 03,c.322G>C,p.(Gly108Arg)   ,substitution,missense,Probably damaging,Pathogenic,rs137852701,40092085,11506414,van Diggelen et al. 2001,,,CLN1
Pa-cln1.117,,1_Mazzei_2002,cln1.045,p.Leu222Pro,,,juvenile,4,GROD,Italy,,,"Mazzei et al., 2002",12382155,,cln1.045,Exon 07,c.665T>C,p.(Leu222Pro),substitution,missense,Probably damaging,Likely pathogenic,rs386833661,40078621,12382155,Mazzei et al .2002,,,CLN1
Pa-cln1.118,,1_Teixeira_2003,cln1.017,p.(Val181Met),,,infantile,0.7,GROD,Portugal,,,"Teixeira et al., 2003b",12796825,,cln1.017,Exon 06,c.541G>A,p.(Val181Met),substitution,missense,Probably damaging,Likely pathogenic,rs148412181,40080483,9664077,Das et al. 1998,,,CLN1
Pa-cln1.119,,1_Bonsignore_2006 or 5_Simonati_2009,cln1.049,c.125-15T>G,,,late infantile,2,GROD,Italy,,,"Bonsignore et al., 2006",16759889,siblings.  aberrant splicing confirmed (late infantile phenotype - but towards the severe spectrum),cln1.049,Intron 01,c.125-15T>G,,substitution,no significant splicing motif alteration detected,probably no impact on splicing,Likely pathogenic,rs386833629,40092522,16759889,Bonsignore et al. 2006,,"same predicted consequence as cln1.055, but different mechanism. Multiple transcripts indicating exon skipping seen by RT PCR. Has been described as p.(Asp43_Gly145del). Frequency suggests that it is not a polymorphism.",CLN1
Pa-cln1.120,,2_Bonsignore_2006 or 6_Simonati_2009,cln1.049,c.125-15T>G,,,late infantile,2.5,GROD,Italy,,,"Bonsignore et al., 2006",16759889,siblings. aberrant splicing confirmed (late infantile phenotype - but towards the severe spectrum),cln1.049,Intron 01,c.125-15T>G,,substitution,no significant splicing motif alteration detected,probably no impact on splicing,Likely pathogenic,rs386833629,40092522,16759889,Bonsignore et al. 2006,,"same predicted consequence as cln1.055, but different mechanism. Multiple transcripts indicating exon skipping seen by RT PCR. Has been described as p.(Asp43_Gly145del). Frequency suggests that it is not a polymorphism.",CLN1
Pa-cln1.121,,1_Bi_2006,cln1.053,c.124+1G>A,,,infantile,<1,,China,,,"Bi et al., 2006",17044973,,cln1.053,Intron 01,c.124+1G>A  ,,substitution,splice donor variant,most probably affecting splicing,Likely pathogenic,rs386833628,40097114,17044973,Bi et al 2006,IVS1+1G>A,,CLN1
Pa-cln1.121,,1_Bi_2006,cln1.018,p.(Glu184Lys),,,infantile,<1,,China,,,"Bi et al., 2006",17044973,,cln1.018,Exon 06,c.550G>A,p.(Glu184Lys),substitution,missense,Probably damaging,Likely pathogenic,rs386833655,40080474,9664077,Das et al. 1998,,,CLN1
Pa-cln1.122,,2_Bi_2006,cln1.052,p.(Gln91Pro),,,infantile,<1,,China,,,"Bi et al., 2006",17044973,,cln1.052,Exon 03,c.272A>C,p.(Gln91Pro),substitution,missense,Probably damaging,Uncertain significance,rs386833639,40092135,17044973,Bi et al 2006,,Frequency suggests that this is not a polymorphism. ,CLN1
Pa-cln1.123,,1_Ramadan_2007,cln1.009,p.(Arg151*),rs6672053,,adult,24,GROD,England,,,"Ramadan et al., 2007",17261688,Additional variant rs6672053 called cln1.051 in previous table,cln1.009,Exon 05,c.451C>T,p.(Arg151*),substitution,nonsense,,Pathogenic,rs137852700,40089495,9425237,Mitchison et al. 1998,,,CLN1
Pa-cln1.123,,1_Ramadan_2007,cln1.050,p.(Cys45Tyr),,,adult,24,GROD,England,,,"Ramadan et al., 2007",17261688,p.Cys45Tyr shows residual activity thought to be responsible for the late-onset,cln1.050,Exon 02,c.134G>A,p.(Cys45Tyr),substitution,missense,Probably damaging,Pathogenic,rs137852702,40092498,17261688,Ramadan et al. Neurology 68: 387-388 2007,,,CLN1
Pa-cln1.124,,SFT_Kousi_2009,cln1.057,p.(Trp38Cys),,,,,,Turkey,,,"Kousi et al., 2009",19201763,,cln1.057,Exon 01,c.114G>T,p.(Trp38Cys),substitution,missense,Probably damaging,Likely pathogenic,rs386833626,40097125,19201763,Kousi et al. 2009,,,CLN1
Pa-cln1.125,,1_Simonati_2009,cln1.045,p.Leu222Pro,,,late infantile,2,GROD,Italy,,,"Simonati et al., 2009",19302939,,cln1.045,Exon 07,c.665T>C,p.(Leu222Pro),substitution,missense,Probably damaging,Likely pathogenic,rs386833661,40078621,12382155,Mazzei et al .2002,,,CLN1
Pa-cln1.126,,2_Simonati_2009,cln1.045,p.Leu222Pro,,,late infantile,3,GROD (FP),Italy,,,"Simonati et al., 2009",19302939,,cln1.045,Exon 07,c.665T>C,p.(Leu222Pro),substitution,missense,Probably damaging,Likely pathogenic,rs386833661,40078621,12382155,Mazzei et al .2002,,,CLN1
Pa-cln1.127,,3_Simonati_2009,cln1.045,p.Leu222Pro,,,late infantile,4,GROD,Italy,,,"Simonati et al., 2009",19302939,,cln1.045,Exon 07,c.665T>C,p.(Leu222Pro),substitution,missense,Probably damaging,Likely pathogenic,rs386833661,40078621,12382155,Mazzei et al .2002,,,CLN1
Pa-cln1.128,,4_Simonati_2009,cln1.055,c.124+1214del3.6kb,,,late infantile,3,GROD (FP),Italy,,,"Simonati et al., 2009",19302939,,cln1.055,"Intron 01, Exon 02, Exon 03",c.124+1215_235-102del3627,,deletion,deletion,,,,40092273,19302939,Simonati et al. 2009,c.124+1214 del3.6Kb: skipping of exons 2-4 at the cDNA level; c.124+1215_235-102del3627: 3.6kb deletion or p.Gly42_Gly306delinsAlaLysLeuArg,,CLN1
Pa-cln1.128,,4_Simonati_2009,cln1.026,p.(Val181Leu),,,late infantile,3,GROD (FP),Italy,,,"Simonati et al., 2009",19302939,,cln1.026,Exon 06,c.541G>T,p.(Val181Leu),substitution,missense,Benign,Likely pathogenic,rs148412181,40080483,19302939,Simonati et al. 2009,,,CLN1
Pa-cln1.129,,1HL_Kohan_2009,cln1.048,c.363-3T>G,,,juvenile,6,GROD,Brazil,,,"Kohan et al., 2009",19793312,Alive aged 21 in Kohan 2015 (PMID25976102),cln1.048,Intron 03,c.363-3T>G,,substitution,splice acceptor variant,most probably affecting splicing,Likely pathogenic,rs386833643,40091402,19793312,Kohan et al 2009,IVS3-3T>G,,CLN1
Pa-cln1.129,,1HL_Kohan_2009,cln1.009,p.(Arg151*),,,juvenile,6,GROD,Brazil,,,"Kohan et al., 2009",19793312,Alive aged 21 in Kohan 2015 (PMID25976102),cln1.009,Exon 05,c.451C>T,p.(Arg151*),substitution,nonsense,,Pathogenic,rs137852700,40089495,9425237,Mitchison et al. 1998,,,CLN1
Pa-cln1.130,,1_Kälviäinen_2007,cln1.001,p.Arg122Trp,,,juvenile,6,not performed,Finland,,,"Kälviäinen et al., 2007",17388982,,cln1.001,Exon 04,c.364A>T,p.(Arg122Trp),substitution,missense,Probably damaging,Pathogenic,rs137852695,40091398,7637805,Vesa et al. 1995,,Finnish major mutation. Mutation leads to intracellular accumulation of the polypeptide and undetectable enzyme activity in the brain of patients.,CLN1
Pa-cln1.130,,1_Kälviäinen_2007,cln1.046,p.(Cys152Tyr),,,juvenile,6,not performed,Finland,,,"Kälviäinen et al., 2007",17388982,,cln1.046,Exon 05,c.455G>A,p.(Cys152Tyr),substitution,missense,Possibly damaging,Likely pathogenic,rs386833647,40089491,17388982,Kälviäinen et al. 2007,,,CLN1
Pa-cln1.131,,1_Mueler_2010,cln1.072,c.536+1G>A,,,late infantile,3,,USA,,,"Mueller and Coovadia, 2010",21491624,,cln1.072,Intron 05,c.536+1G>A  ,,substitution,splice donor variant,most probably affecting splicing,Pathogenic/Likely pathogenic,rs386833651,40089409,21491624,Mueller and Coovadia. 2010,,"Aberrant splicing, Fs after Arg179",CLN1
Pa-cln1.132,REL#04,2a_Pérez-Poyato_2011,cln1.026,p.(Val181Leu),,,juvenile,3,,Spain,,,"Pérez-Poyato et al., 2011",21499717,,cln1.026,Exon 06,c.541G>T,p.(Val181Leu),substitution,missense,Benign,Likely pathogenic,rs148412181,40080483,19302939,Simonati et al. 2009,,,CLN1
Pa-cln1.133,REL#04,2b_Pérez-Poyato_2011,cln1.026,p.(Val181Leu),,,juvenile,4,GROD / CV / RL,Spain,,,"Pérez-Poyato et al., 2011",21499717,,cln1.026,Exon 06,c.541G>T,p.(Val181Leu),substitution,missense,Benign,Likely pathogenic,rs148412181,40080483,19302939,Simonati et al. 2009,,,CLN1
Pa-cln1.134,REL#05,4a_Pérez-Poyato_2011,cln1.026,p.(Val181Leu),,,juvenile,2,GROD,Spain,,,"Pérez-Poyato et al., 2011",21499717,,cln1.026,Exon 06,c.541G>T,p.(Val181Leu),substitution,missense,Benign,Likely pathogenic,rs148412181,40080483,19302939,Simonati et al. 2009,,,CLN1
Pa-cln1.135,REL#05,4b_Pérez-Poyato_2011,cln1.026,p.(Val181Leu),,,juvenile,4,GROD,Spain,,,"Pérez-Poyato et al., 2011",21499717,,cln1.026,Exon 06,c.541G>T,p.(Val181Leu),substitution,missense,Benign,Likely pathogenic,rs148412181,40080483,19302939,Simonati et al. 2009,,,CLN1
Pa-cln1.136,REL#05,4c_Pérez-Poyato_2011,cln1.026,p.(Val181Leu),,,juvenile,3,,Spain,,,"Pérez-Poyato et al., 2011",21499717,,cln1.026,Exon 06,c.541G>T,p.(Val181Leu),substitution,missense,Benign,Likely pathogenic,rs148412181,40080483,19302939,Simonati et al. 2009,,,CLN1
Pa-cln1.137,REL#05,4d_Pérez-Poyato_2011,cln1.026,p.(Val181Leu),,,juvenile,4,,Spain,,,"Pérez-Poyato et al., 2011",21499717,,cln1.026,Exon 06,c.541G>T,p.(Val181Leu),substitution,missense,Benign,Likely pathogenic,rs148412181,40080483,19302939,Simonati et al. 2009,,,CLN1
Pa-cln1.138,REL#05,4e_Pérez-Poyato_2011,cln1.026,p.(Val181Leu),,,juvenile,2,,Spain,,,"Pérez-Poyato et al., 2011",21499717,,cln1.026,Exon 06,c.541G>T,p.(Val181Leu),substitution,missense,Benign,Likely pathogenic,rs148412181,40080483,19302939,Simonati et al. 2009,,,CLN1
Pa-cln1.139,,5_Pérez-Poyato_2011,cln1.026,p.(Val181Leu),,,juvenile,4,GROD (FP),Spain,,,"Pérez-Poyato et al., 2011",21499717,,cln1.026,Exon 06,c.541G>T,p.(Val181Leu),substitution,missense,Benign,Likely pathogenic,rs148412181,40080483,19302939,Simonati et al. 2009,,,CLN1
Pa-cln1.140,,6_Pérez-Poyato_2011,cln1.026,p.(Val181Leu),,,juvenile,6,,Spain,,,"Pérez-Poyato et al., 2011",21499717,,cln1.026,Exon 06,c.541G>T,p.(Val181Leu),substitution,missense,Benign,Likely pathogenic,rs148412181,40080483,19302939,Simonati et al. 2009,,,CLN1
Pa-cln1.141,,N8003_Kousi_2011_novel,cln1.057,p.(Trp38Cys),,,,,,Turkey,,,"Kousi et al., 2012",21990111,,cln1.057,Exon 01,c.114G>T,p.(Trp38Cys),substitution,missense,Probably damaging,Likely pathogenic,rs386833626,40097125,19201763,Kousi et al. 2009,,,CLN1
Pa-cln1.142,,N12503_Kousi_2011_novel,cln1.057,p.(Trp38Cys),,,,,,Turkey,,,"Kousi et al., 2012",21990111,,cln1.057,Exon 01,c.114G>T,p.(Trp38Cys),substitution,missense,Probably damaging,Likely pathogenic,rs386833626,40097125,19201763,Kousi et al. 2009,,,CLN1
Pa-cln1.143,,N4103_Kousi_2011_novel,cln1.061,c.363-4G>A,,,,3.5,,Turkey,,,"Kousi et al., 2012",21990111,Sleat 2016 has questioned the pathogenicity of this allele,cln1.061,Intron 03,c.363-4G>A,,substitution,no significant splicing motif alteration detected,probably no impact on splicing,Benign/Likely benign,rs117284255,40091403,21990111,Kousi et al. 2012,,"From Sleat 2016 - Allele frequency is not consistent with patient sequencing data, supporting non-pathogenic call. Two patients apparently homozygous for this variant.",CLN1
Pa-cln1.144,,N10903_Kousi_2011_novel,cln1.061,c.363-4G>A,,,,2,,Turkey,,,"Kousi et al., 2012",21990111,Sleat 2016 has questioned the pathogenicity of this allele,cln1.061,Intron 03,c.363-4G>A,,substitution,no significant splicing motif alteration detected,probably no impact on splicing,Benign/Likely benign,rs117284255,40091403,21990111,Kousi et al. 2012,,"From Sleat 2016 - Allele frequency is not consistent with patient sequencing data, supporting non-pathogenic call. Two patients apparently homozygous for this variant.",CLN1
Pa-cln1.144,,N10903_Kousi_2011_novel,,not identified,,,,2,,Turkey,,,"Kousi et al., 2012",21990111,,,,,,,,,,,,,,,,CLN1
Pa-cln1.145,,N10904_Kousi_2011_novel,cln1.061,c.363-4G>A,,,,3,,Turkey,,,"Kousi et al., 2012",21990111,Sleat 2016 has questioned the pathogenicity of this allele,cln1.061,Intron 03,c.363-4G>A,,substitution,no significant splicing motif alteration detected,probably no impact on splicing,Benign/Likely benign,rs117284255,40091403,21990111,Kousi et al. 2012,,"From Sleat 2016 - Allele frequency is not consistent with patient sequencing data, supporting non-pathogenic call. Two patients apparently homozygous for this variant.",CLN1
Pa-cln1.145,,N10904_Kousi_2011_novel,,not identified,,,,3,,Turkey,,,"Kousi et al., 2012",21990111,,,,,,,,,,,,,,,,CLN1
Pa-cln1.146,REL#06,N5303_Kousi_2011_novel,,not identified,,,infantile,0.4,,Turkey,,,"Kousi et al., 2012",21990111,,,,,,,,,,,,,,,,CLN1
Pa-cln1.146,REL#06,N5303_Kousi_2011_novel,cln1.025,p.(Ile134Thr),,,infantile,0.4,,Turkey,,,"Kousi et al., 2012",21990111,,cln1.025,Exon 04,c.401T>C,p.(Ile134Thr),substitution,missense,benign,Benign/Likely benign,rs1800205,40091361,21990111,Kousi et al 2012 ,Corrected from C>T to T>C. ,Frequency suggests this is a polymorphism.,CLN1
Pa-cln1.147,REL#06,N5304_Kousi_2011_novel,,not identified,,,infantile,0.4,,Turkey,,,"Kousi et al., 2012",21990111,,,,,,,,,,,,,,,,CLN1
Pa-cln1.147,REL#06,N5304_Kousi_2011_novel,cln1.025,p.(Ile134Thr),,,infantile,0.4,,Turkey,,,"Kousi et al., 2012",21990111,,cln1.025,Exon 04,c.401T>C,p.(Ile134Thr),substitution,missense,benign,Benign/Likely benign,rs1800205,40091361,21990111,Kousi et al 2012 ,Corrected from C>T to T>C. ,Frequency suggests this is a polymorphism.,CLN1
Pa-cln1.148,,N8603_Kousi_2011_novel,cln1.059,p.(Ser138Leu),,,,,,Turkey,,,"Kousi et al., 2012",21990111,,cln1.059,Exon 04,c.413C>T,p.(Ser138Leu),substitution,missense,Probably damaging,Uncertain significance,rs386833646,40091349,21990111,Kousi et al. 2012,,Frequency suggests that this is not a polymorphism.,CLN1
Pa-cln1.149,,N13203_Kousi_2011_novel,cln1.070,p.(Leu180Profs*9),,,infantile,0.5,,Turkey,,,"Kousi et al., 2012",21990111,,cln1.070,Exon 06,c.538dupC,p.(Leu180Profs*9),duplication,frameshift,,Likely pathogenic,rs386833653,40080485,21990111,Kousi et al. 2012,,,CLN1
Pa-cln1.150,,N7803_Kousi_2011_novel,cln1.063,p.(Pro189Arg),,,,,,Turkey,,,"Kousi et al., 2012",21990111,,cln1.063,Exon 06,c.566C>G,p.(Pro189Arg),substitution,missense,Probably damaging,Likely pathogenic,rs386833658,40080458,21990111,Kousi et al. 2012,,,CLN1
Pa-cln1.151,,BAR1_Kousi_2011_novel,cln1.017,p.(Val181Met),,,,,,Spain,,,"Kousi et al., 2012",21990111,,cln1.017,Exon 06,c.541G>A,p.(Val181Met),substitution,missense,Probably damaging,Likely pathogenic,rs148412181,40080483,9664077,Das et al. 1998,,,CLN1
Pa-cln1.152,,BAR2_Kousi_2011_novel,cln1.017,p.(Val181Met),,,,,,Spain,,,"Kousi et al., 2012",21990111,,cln1.017,Exon 06,c.541G>A,p.(Val181Met),substitution,missense,Probably damaging,Likely pathogenic,rs148412181,40080483,9664077,Das et al. 1998,,,CLN1
Pa-cln1.153,,BAR3_Kousi_2011_novel,cln1.017,p.(Val181Met),,,,,,Spain,,,"Kousi et al., 2012",21990111,,cln1.017,Exon 06,c.541G>A,p.(Val181Met),substitution,missense,Probably damaging,Likely pathogenic,rs148412181,40080483,9664077,Das et al. 1998,,,CLN1
Pa-cln1.154,,US1_Kousi_2011_novel,cln1.001,p.Arg122Trp,,,,,,USA,,,"Kousi et al., 2012",21990111,,cln1.001,Exon 04,c.364A>T,p.(Arg122Trp),substitution,missense,Probably damaging,Pathogenic,rs137852695,40091398,7637805,Vesa et al. 1995,,Finnish major mutation. Mutation leads to intracellular accumulation of the polypeptide and undetectable enzyme activity in the brain of patients.,CLN1
Pa-cln1.154,,US1_Kousi_2011_novel,cln1.009,p.(Arg151*),,,,,,USA,,,"Kousi et al., 2012",21990111,,cln1.009,Exon 05,c.451C>T,p.(Arg151*),substitution,nonsense,,Pathogenic,rs137852700,40089495,9425237,Mitchison et al. 1998,,,CLN1
Pa-cln1.155,,US2_Kousi_2011_novel,cln1.007,p.(Met57Asnfs*45),,,,,,USA,,,"Kousi et al., 2012",21990111,,cln1.007,Exon 02,c.169dupA,p.(Met57Asnfs*45),duplication,frameshift,,Pathogenic/Likely pathogenic,rs386833634,40092462,9571187,Santorelli et al. ,,,CLN1
Pa-cln1.156,,US3_Kousi_2011_novel,cln1.007,p.(Met57Asnfs*45),,,,,,USA,,,"Kousi et al., 2012",21990111,,cln1.007,Exon 02,c.169dupA,p.(Met57Asnfs*45),duplication,frameshift,,Pathogenic/Likely pathogenic,rs386833634,40092462,9571187,Santorelli et al. ,,,CLN1
Pa-cln1.157,,US4_Kousi_2011_novel,cln1.007,p.(Met57Asnfs*45),,,,,,USA,,,"Kousi et al., 2012",21990111,,cln1.007,Exon 02,c.169dupA,p.(Met57Asnfs*45),duplication,frameshift,,Pathogenic/Likely pathogenic,rs386833634,40092462,9571187,Santorelli et al. ,,,CLN1
Pa-cln1.158,REL#07,ITA1_Kousi_2011_novel,cln1.067,c.235-3T>C,,,juvenile,,GROD (FP),Italy,,,"Kousi et al., 2012",21990111,,cln1.067,Intron 02,c.235-3T>C,,substitution,no significant splicing motif alteration detected,probably no impact on splicing,Likely pathogenic,rs386833636,40092175,21990111,Kousi et al. 2012,,,CLN1
Pa-cln1.158,REL#07,ITA1_Kousi_2011_novel,cln1.017,p.(Val181Met),,,juvenile,,GROD (FP),Italy,,,"Kousi et al., 2012",21990111,,cln1.017,Exon 06,c.541G>A,p.(Val181Met),substitution,missense,Probably damaging,Likely pathogenic,rs148412181,40080483,9664077,Das et al. 1998,,,CLN1
Pa-cln1.159,REL#07,ITA2_Kousi_2011_novel,cln1.067,c.235-3T>C,,,juvenile,,GROD (FP),Italy,,,"Kousi et al., 2012",21990111,,cln1.067,Intron 02,c.235-3T>C,,substitution,no significant splicing motif alteration detected,probably no impact on splicing,Likely pathogenic,rs386833636,40092175,21990111,Kousi et al. 2012,,,CLN1
Pa-cln1.159,REL#07,ITA2_Kousi_2011_novel,cln1.017,p.(Val181Met),,,juvenile,,GROD (FP),Italy,,,"Kousi et al., 2012",21990111,,cln1.017,Exon 06,c.541G>A,p.(Val181Met),substitution,missense,Probably damaging,Likely pathogenic,rs148412181,40080483,9664077,Das et al. 1998,,,CLN1
Pa-cln1.160,,31680_Kousi_2011_novel,cln1.009,p.(Arg151*),,,,,,UK,,,"Kousi et al., 2012",21990111,,cln1.009,Exon 05,c.451C>T,p.(Arg151*),substitution,nonsense,,Pathogenic,rs137852700,40089495,9425237,Mitchison et al. 1998,,,CLN1
Pa-cln1.161,,31478_Kousi_2011_novel,cln1.009,p.(Arg151*),,,,,,UK,,,"Kousi et al., 2012",21990111,,cln1.009,Exon 05,c.451C>T,p.(Arg151*),substitution,nonsense,,Pathogenic,rs137852700,40089495,9425237,Mitchison et al. 1998,,,CLN1
Pa-cln1.162,,31679_Kousi_2011_novel,cln1.009,p.(Arg151*),,,,,,UK,,,"Kousi et al., 2012",21990111,,cln1.009,Exon 05,c.451C>T,p.(Arg151*),substitution,nonsense,,Pathogenic,rs137852700,40089495,9425237,Mitchison et al. 1998,,,CLN1
Pa-cln1.162,,31679_Kousi_2011_novel,cln1.016,p.(Gln177Glu),,,,,,UK,,,"Kousi et al., 2012",21990111,,cln1.016,Exon 05,c.529C>G,p.(Gln177Glu),substitution,missense,Probably damaging,Pathogenic/Likely pathogenic,rs386833650,40089417,9664077,Das et al. 1998,,,CLN1
Pa-cln1.163,,33424_Kousi_2011_novel,cln1.009,p.(Arg151*),,,,,,UK,,,"Kousi et al., 2012",21990111,,cln1.009,Exon 05,c.451C>T,p.(Arg151*),substitution,nonsense,,Pathogenic,rs137852700,40089495,9425237,Mitchison et al. 1998,,,CLN1
Pa-cln1.163,,33424_Kousi_2011_novel,cln1.008,p.(Leu10*),,,,,,UK,,,"Kousi et al., 2012",21990111,,cln1.008,Exon 01,c.29T>A,p.(Leu10*),substitution,nonsense,,Pathogenic/Likely pathogenic,rs137852699,40097210,9425237,Mitchison et al. 1998,,,CLN1
Pa-cln1.164,,25892_Kousi_2011_novel,cln1.064,p.(Trp296Arg),,,,,,UK,,,"Kousi et al., 2012 (Loughlin pers comm)",21990111,,cln1.064,Exon 09,c.886T>C,p.(Trp296Arg),substitution,missense,Probably damaging,Likely pathogenic,rs386833669,40074096,21990111,Kousi et al. 2012,,,CLN1
Pa-cln1.165,,15996_Kousi_2011_novel,cln1.001,p.Arg122Trp,,,,,,UK,,,"Kousi et al., 2012",21990111,,cln1.001,Exon 04,c.364A>T,p.(Arg122Trp),substitution,missense,Probably damaging,Pathogenic,rs137852695,40091398,7637805,Vesa et al. 1995,,Finnish major mutation. Mutation leads to intracellular accumulation of the polypeptide and undetectable enzyme activity in the brain of patients.,CLN1
Pa-cln1.165,,15996_Kousi_2011_novel,cln1.017,p.(Val181Met),,,,,,UK,,,"Kousi et al., 2012",21990111,,cln1.017,Exon 06,c.541G>A,p.(Val181Met),substitution,missense,Probably damaging,Likely pathogenic,rs148412181,40080483,9664077,Das et al. 1998,,,CLN1
Pa-cln1.166,,31678_Kousi_2011_novel,cln1.065,p.(Trp38*),,,,,,UK,,,"Kousi et al., 2012",21990111,,cln1.065,Exon 01,c.114G>A,p.(Trp38*),substitution,nonsense,,Likely pathogenic,rs386833626,40097125,21990111,Kousi et al. 2012,,,CLN1
Pa-cln1.167,,13126_Kousi_2011_novel,cln1.031,p.(Cys46dup),,,,,,UK,,,"Kousi et al., 2012",21990111,,cln1.031,Exon 02,c.135_137dup,p.(Cys46dup) ,insertion,duplication,,Likely pathogenic,rs386833632,40092494,10679943,Salonen et al. 2000,c.132_133insTGT,"Varonomen rule is that, at the protein level,  duplicating insertions should be described as duplications. Knowledge from DNA level should not be incorporated.  Clinvar gives p.(p.Cys46_Asn47insCys) erroneously. Mutalyzer and VarVal give the DNA change as 135_137dup.",CLN1
Pa-cln1.168,,38126_1_Kousi_2011_novel,cln1.009,p.(Arg151*),,,,,,UK,,,"Kousi et al., 2012",21990111,,cln1.009,Exon 05,c.451C>T,p.(Arg151*),substitution,nonsense,,Pathogenic,rs137852700,40089495,9425237,Mitchison et al. 1998,,,CLN1
Pa-cln1.169,,38126_2_Kousi_2011_novel,cln1.009,p.(Arg151*),,,,,,UK,,,"Kousi et al., 2012",21990111,,cln1.009,Exon 05,c.451C>T,p.(Arg151*),substitution,nonsense,,Pathogenic,rs137852700,40089495,9425237,Mitchison et al. 1998,,,CLN1
Pa-cln1.170,,38355_Kousi_2011_novel,cln1.009,p.(Arg151*),,,,,,UK,,,"Kousi et al., 2011",21990111,,cln1.009,Exon 05,c.451C>T,p.(Arg151*),substitution,nonsense,,Pathogenic,rs137852700,40089495,9425237,Mitchison et al. 1998,,,CLN1
Pa-cln1.171,,44859_Kousi_2011_novel,cln1.009,p.(Arg151*),,,,,,UK,,,"Kousi et al., 2012",21990111,,cln1.009,Exon 05,c.451C>T,p.(Arg151*),substitution,nonsense,,Pathogenic,rs137852700,40089495,9425237,Mitchison et al. 1998,,,CLN1
Pa-cln1.171,,44859_Kousi_2011_novel,cln1.008,p.(Leu10*),,,,,,UK,,,"Kousi et al., 2012",21990111,,cln1.008,Exon 01,c.29T>A,p.(Leu10*),substitution,nonsense,,Pathogenic/Likely pathogenic,rs137852699,40097210,9425237,Mitchison et al. 1998,,,CLN1
Pa-cln1.172,,44936_Kousi_2011_novel,cln1.062,p.(His187Arg),,,,,,UK,,,"Kousi et al., 2012",21990111,This variant reported in a patient with IRD and no neurological indications by Viveros-Aguilar et al. 2025 - zygosity not indicated - https://doi.org/10.70632/jbbr.9.1.2025.1-8,cln1.062,Exon 06,c.560A>G,p.(His187Arg),substitution,missense,Probably damaging,Likely pathogenic,rs386833657,40080464,21990111,Kousi et al. 2012,,,CLN1
Pa-cln1.172,,44936_Kousi_2011_novel,cln1.008,p.(Leu10*),,,,,,UK,,,"Kousi et al., 2012",21990111,,cln1.008,Exon 01,c.29T>A,p.(Leu10*),substitution,nonsense,,Pathogenic/Likely pathogenic,rs137852699,40097210,9425237,Mitchison et al. 1998,,,CLN1
Pa-cln1.173,,46782_Kousi_2011_novel,cln1.009,p.(Arg151*),,,,,,UK,,,"Kousi et al., 2012",21990111,,cln1.009,Exon 05,c.451C>T,p.(Arg151*),substitution,nonsense,,Pathogenic,rs137852700,40089495,9425237,Mitchison et al. 1998,,,CLN1
Pa-cln1.173,,46782_Kousi_2011_novel,cln1.008,p.(Leu10*),,,,,,UK,,,"Kousi et al., 2012",21990111,,cln1.008,Exon 01,c.29T>A,p.(Leu10*),substitution,nonsense,,Pathogenic/Likely pathogenic,rs137852699,40097210,9425237,Mitchison et al. 1998,,,CLN1
Pa-cln1.174,,46571_Kousi_2011_novel,cln1.009,p.(Arg151*),,,,,,UK,,,"Kousi et al., 2012",21990111,,cln1.009,Exon 05,c.451C>T,p.(Arg151*),substitution,nonsense,,Pathogenic,rs137852700,40089495,9425237,Mitchison et al. 1998,,,CLN1
Pa-cln1.174,,46571_Kousi_2011_novel,cln1.050,p.(Cys45Tyr),,,,,,UK,,,"Kousi et al., 2012",21990111,,cln1.050,Exon 02,c.134G>A,p.(Cys45Tyr),substitution,missense,Probably damaging,Pathogenic,rs137852702,40092498,17261688,Ramadan et al. Neurology 68: 387-388 2007,,,CLN1
Pa-cln1.175,,52988_Kousi_2011_novel,cln1.007,p.(Met57Asnfs*45),,,,,,UK,,,"Kousi et al., 2012",21990111,,cln1.007,Exon 02,c.169dupA,p.(Met57Asnfs*45),duplication,frameshift,,Pathogenic/Likely pathogenic,rs386833634,40092462,9571187,Santorelli et al. ,,,CLN1
Pa-cln1.176,,54166_Kousi_2011_novel,cln1.009,p.(Arg151*),,,,,,UK,,,"Kousi et al., 2012",21990111,,cln1.009,Exon 05,c.451C>T,p.(Arg151*),substitution,nonsense,,Pathogenic,rs137852700,40089495,9425237,Mitchison et al. 1998,,,CLN1
Pa-cln1.176,,54166_Kousi_2011_novel,cln1.039,p.(Cys96Tyr),,,,,,UK,,,"Kousi et al., 2012",21990111,,cln1.039,Exon 03,c.287G>A,p.(Cys96Tyr)       ,substitution,missense,Probably damaging,Uncertain significance,rs386833640,40092120,11589012,Mole et al.  2001,,Frequency suggests that this is not a polymorphism. ,CLN1
Pa-cln1.177,,53329_Kousi_2011_novel,cln1.009,p.(Arg151*),,,,,,UK,,,"Kousi et al., 2012",21990111,,cln1.009,Exon 05,c.451C>T,p.(Arg151*),substitution,nonsense,,Pathogenic,rs137852700,40089495,9425237,Mitchison et al. 1998,,,CLN1
Pa-cln1.178,,60353_Kousi_2011_novel,cln1.071,p.(Trp186*),,,,,,UK,,,"Kousi et al., 2012",21990111,,cln1.071,Exon 06,c.558G>A,p.(Trp186*),substitution,nonsense,,Likely pathogenic,rs386833656 ,40080466,21990111,Kousi et al. 2012,,,CLN1
Pa-cln1.179,,62556_Kousi_2011_novel,cln1.009,p.(Arg151*),,,,,,UK,,,"Kousi et al., 2012",21990111,,cln1.009,Exon 05,c.451C>T,p.(Arg151*),substitution,nonsense,,Pathogenic,rs137852700,40089495,9425237,Mitchison et al. 1998,,,CLN1
Pa-cln1.180,,63776_Kousi_2011_novel,cln1.017,p.(Val181Met),,,,,,UK,,,"Kousi et al., 2012",21990111,,cln1.017,Exon 06,c.541G>A,p.(Val181Met),substitution,missense,Probably damaging,Likely pathogenic,rs148412181,40080483,9664077,Das et al. 1998,,,CLN1
Pa-cln1.181,,71154_Kousi_2011_novel,cln1.074,c.536+2T>C,,,,,,Iran,,UK,"Kousi et al., 2012, Williams pers comm to NCL Mutation database",21990111,,cln1.074,Intron 05,c.536+2T>C,,substitution,splice donor variant,most probably affecting splicing,Likely pathogenic,rs386833652,40089408,21990111,Kousi et al. 2012,,"Aberrant splicing, Fs after Arg179",CLN1
Pa-cln1.182,,70958_Kousi_2011_novel,cln1.009,p.(Arg151*),,,,,,UK,,,"Kousi et al., 2012",21990111,,cln1.009,Exon 05,c.451C>T,p.(Arg151*),substitution,nonsense,,Pathogenic,rs137852700,40089495,9425237,Mitchison et al. 1998,,,CLN1
Pa-cln1.182,,70958_Kousi_2011_novel,cln1.066,p.(Trp38Cysfs*12),,,,,,UK,,,"Kousi et al., 2012",21990111,,cln1.066,Exon 01,c.114delG,p.(Trp38Cysfs*12),deletion,frameshift,,Likely pathogenic,rs386833625,40097124,21990111,Kousi et al. 2012,,,CLN1
Pa-cln1.183,,78748_Kousi_2011_novel,cln1.009,p.(Arg151*),,,,,,UK,,,"Kousi et al., 2012",21990111,,cln1.009,Exon 05,c.451C>T,p.(Arg151*),substitution,nonsense,,Pathogenic,rs137852700,40089495,9425237,Mitchison et al. 1998,,,CLN1
Pa-cln1.183,,,cln1.013,p.(Tyr109Asp),,,,,,UK,,,"Kousi et al., 2012",21990111,,cln1.013,Exon 03,c.325T>G,p.(Tyr109Asp),substitution,missense,Probably damaging,Pathogenic,rs386833642,40092082,9664077,Das et al. 1998,,,CLN1
Pa-cln1.184,,80756_Kousi_2011_novel,cln1.009,p.(Arg151*),,,,,,UK,,,"Kousi et al., 2012",21990111,,cln1.009,Exon 05,c.451C>T,p.(Arg151*),substitution,nonsense,,Pathogenic,rs137852700,40089495,9425237,Mitchison et al. 1998,,,CLN1
Pa-cln1.184,,,cln1.009,p.(Arg151*),,,,,,UK,,,"Kousi et al., 2012",21990111,,cln1.009,Exon 05,c.451C>T,p.(Arg151*),substitution,nonsense,,Pathogenic,rs137852700,40089495,9425237,Mitchison et al. 1998,,,CLN1
Pa-cln1.185,,82864_Kousi_2011_novel,cln1.009,p.(Arg151*),,,,,,UK,,,"Kousi et al., 2012",21990111,,cln1.009,Exon 05,c.451C>T,p.(Arg151*),substitution,nonsense,,Pathogenic,rs137852700,40089495,9425237,Mitchison et al. 1998,,,CLN1
Pa-cln1.185,,,cln1.016,p.(Gln177Glu),,,,,,UK,,,"Kousi et al., 2012",21990111,,cln1.016,Exon 05,c.529C>G,p.(Gln177Glu),substitution,missense,Probably damaging,Pathogenic/Likely pathogenic,rs386833650,40089417,9664077,Das et al. 1998,,,CLN1
Pa-cln1.186,,,cln1.009,p.(Arg151*),,,,,,The Netherlands,,,"Kousi et al., 2012",21990111,,cln1.009,Exon 05,c.451C>T,p.(Arg151*),substitution,nonsense,,Pathogenic,rs137852700,40089495,9425237,Mitchison et al. 1998,,,CLN1
Pa-cln1.186,,LUMC005_Kousi_2011_novel,cln1.044,p.(Gly108Arg),,,,,,The Netherlands,,,"Kousi et al., 2012",21990111,,cln1.044,Exon 03,c.322G>C,p.(Gly108Arg)   ,substitution,missense,Probably damaging,Pathogenic,rs137852701,40092085,11506414,van Diggelen et al. 2001,,,CLN1
Pa-cln1.187,,LUMC031_Kousi_2011_novel,cln1.009,p.(Arg151*),,,,,,The Netherlands,,,"Kousi et al., 2012",21990111,,cln1.009,Exon 05,c.451C>T,p.(Arg151*),substitution,nonsense,,Pathogenic,rs137852700,40089495,9425237,Mitchison et al. 1998,,,CLN1
Pa-cln1.187,,,cln1.009,p.(Arg151*),,,,,,The Netherlands,,,"Kousi et al., 2012",21990111,,cln1.009,Exon 05,c.451C>T,p.(Arg151*),substitution,nonsense,,Pathogenic,rs137852700,40089495,9425237,Mitchison et al. 1998,,,CLN1
Pa-cln1.188,,LUMC032_Kousi_2011_novel,cln1.009,p.(Arg151*),,,,,,Finland,,,"Kousi et al., 2012",21990111,,cln1.009,Exon 05,c.451C>T,p.(Arg151*),substitution,nonsense,,Pathogenic,rs137852700,40089495,9425237,Mitchison et al. 1998,,,CLN1
Pa-cln1.188,,,cln1.009,p.(Arg151*),,,,,,Finland,,,"Kousi et al., 2012",21990111,,cln1.009,Exon 05,c.451C>T,p.(Arg151*),substitution,nonsense,,Pathogenic,rs137852700,40089495,9425237,Mitchison et al. 1998,,,CLN1
Pa-cln1.189,,LUMC033_Kousi_2011_novel,cln1.009,p.(Arg151*),,,,,,,,,"Kousi et al., 2012",21990111,,cln1.009,Exon 05,c.451C>T,p.(Arg151*),substitution,nonsense,,Pathogenic,rs137852700,40089495,9425237,Mitchison et al. 1998,,,CLN1
Pa-cln1.189,,,cln1.009,p.(Arg151*),,,,,,,,,"Kousi et al., 2012",21990111,,cln1.009,Exon 05,c.451C>T,p.(Arg151*),substitution,nonsense,,Pathogenic,rs137852700,40089495,9425237,Mitchison et al. 1998,,,CLN1
Pa-cln1.190,,LUMC006_Kousi_2011_novel,cln1.001,p.Arg122Trp,,,,,,Finland,,,"Kousi et al., 2012",21990111,,cln1.001,Exon 04,c.364A>T,p.(Arg122Trp),substitution,missense,Probably damaging,Pathogenic,rs137852695,40091398,7637805,Vesa et al. 1995,,Finnish major mutation. Mutation leads to intracellular accumulation of the polypeptide and undetectable enzyme activity in the brain of patients.,CLN1
Pa-cln1.190,,,cln1.017,p.(Val181Met),,,,,,Finland,,,"Kousi et al., 2012",21990111,,cln1.017,Exon 06,c.541G>A,p.(Val181Met),substitution,missense,Probably damaging,Likely pathogenic,rs148412181,40080483,9664077,Das et al. 1998,,,CLN1
Pa-cln1.191,,LUMC007_Kousi_2011_novel,cln1.001,p.Arg122Trp,,,,,,Sweden,,,"Kousi et al., 2012",21990111,,cln1.001,Exon 04,c.364A>T,p.(Arg122Trp),substitution,missense,Probably damaging,Pathogenic,rs137852695,40091398,7637805,Vesa et al. 1995,,Finnish major mutation. Mutation leads to intracellular accumulation of the polypeptide and undetectable enzyme activity in the brain of patients.,CLN1
Pa-cln1.191,,,cln1.046,p.(Cys152Tyr),,,,,,Sweden,,,"Kousi et al., 2012",21990111,,cln1.046,Exon 05,c.455G>A,p.(Cys152Tyr),substitution,missense,Possibly damaging,Likely pathogenic,rs386833647,40089491,17388982,Kälviäinen et al. 2007,,,CLN1
Pa-cln1.192,,LUMC008_Kousi_2011_novel,cln1.038,p.(Gln91_Cys96delinsPhe),,,,,,Turkey,,,"Kousi et al., 2012                                          Mole et al., 2001",21990111,,cln1.038,Exon 03,c.271-287delinsTT,p.(Gln91_Cys96delinsPhe),deletion insertion,insertion,,,,40092120,11589012,Mole et al.  2001,,,CLN1
Pa-cln1.192,,,cln1.038,p.(Gln91_Cys96delinsPhe),,,,,,Turkey,,,"Kousi et al., 2012                                          Mole et al., 2001",21990111,,cln1.038,Exon 03,c.271-287delinsTT,p.(Gln91_Cys96delinsPhe),deletion insertion,insertion,,,,40092120,11589012,Mole et al.  2001,,,CLN1
Pa-cln1.193,,,cln1.009,p.(Arg151*),,,,,,The Netherlands,,,"Kousi et al., 2012",21990111,,cln1.009,Exon 05,c.451C>T,p.(Arg151*),substitution,nonsense,,Pathogenic,rs137852700,40089495,9425237,Mitchison et al. 1998,,,CLN1
Pa-cln1.193,,LUMC009_Kousi_2011_novel,cln1.015,p.(Arg164*),,,,,,The Netherlands,,,"Kousi et al., 2012",21990111,,cln1.015,Exon 05,c.490C>T,p.(Arg164*),substitution,nonsense,,Pathogenic/Likely pathogenic,rs386833649,40089456,9664077,Das et al. 1998,,,CLN1
Pa-cln1.194,,,cln1.009,p.(Arg151*),,,,,,The Netherlands,,,"Kousi et al., 2012",21990111,,cln1.009,Exon 05,c.451C>T,p.(Arg151*),substitution,nonsense,,Pathogenic,rs137852700,40089495,9425237,Mitchison et al. 1998,,,CLN1
Pa-cln1.194,,LUMC010_Kousi_2011_novel,cln1.056,p.(Val228Gly),,,,,,The Netherlands,,,"Kousi et al., 2012",21990111,,cln1.056,Exon 07,c.683T>G,p.(Val228Gly),substitution,missense,Probably damaging,Likely pathogenic,rs386833663,40078603,21990111,Kousi et al. 2012,,,CLN1
Pa-cln1.195,,LUMC011_Kousi_2011_novel,cln1.001,p.Arg122Trp,,,,,,Finland,,,"Kousi et al., 2012",21990111,,cln1.001,Exon 04,c.364A>T,p.(Arg122Trp),substitution,missense,Probably damaging,Pathogenic,rs137852695,40091398,7637805,Vesa et al. 1995,,Finnish major mutation. Mutation leads to intracellular accumulation of the polypeptide and undetectable enzyme activity in the brain of patients.,CLN1
Pa-cln1.195,,,cln1.060,p.(Leu305Pro),,,,,,Finland,,,"Kousi et al., 2012",21990111,,cln1.060,Exon 09,c.914T>C,p.(Leu305Pro),substitution,missense,Probably damaging,Likely pathogenic,rs386833671,40074068,21990111,Kousi et al. 2012,,,CLN1
Pa-cln1.196,,RAY1_Kousi_2011_novel,cln1.004,(p.Thr75Pro),,,,,,Canada,,,"Kousi et al., 2012",21990111,,cln1.004,Exon 02,c.223A>C,p.(Thr75Pro),substitution,Missense,Benign,Pathogenic,rs137852696,40092409,9425237,Mitchison et al. 1998,,homozygous change in a number of patients,CLN1
Pa-cln1.196,,,cln1.004,(p.Thr75Pro),,,,,,Canada,,,"Kousi et al., 2012",21990111,,cln1.004,Exon 02,c.223A>C,p.(Thr75Pro),substitution,Missense,Benign,Pathogenic,rs137852696,40092409,9425237,Mitchison et al. 1998,,homozygous change in a number of patients,CLN1
Pa-cln1.197,,RAY3_Kousi_2011_novel,cln1.009,p.(Arg151*),,,,,,Canada,,,"Kousi et al., 2012",21990111,,cln1.009,Exon 05,c.451C>T,p.(Arg151*),substitution,nonsense,,Pathogenic,rs137852700,40089495,9425237,Mitchison et al. 1998,,,CLN1
Pa-cln1.197,,,cln1.008,p.(Leu10*),,,,,,Canada,,,"Kousi et al., 2012",21990111,,cln1.008,Exon 01,c.29T>A,p.(Leu10*),substitution,nonsense,,Pathogenic/Likely pathogenic,rs137852699,40097210,9425237,Mitchison et al. 1998,,,CLN1
Pa-cln1.198,,RAY4_Kousi_2011_novel,cln1.009,p.(Arg151*),,,,,,Canada,,,"Kousi et al., 2012",21990111,,cln1.009,Exon 05,c.451C>T,p.(Arg151*),substitution,nonsense,,Pathogenic,rs137852700,40089495,9425237,Mitchison et al. 1998,,,CLN1
Pa-cln1.198,,,cln1.004,(p.Thr75Pro),,,,,,Canada,,,"Kousi et al., 2012",21990111,,cln1.004,Exon 02,c.223A>C,p.(Thr75Pro),substitution,Missense,Benign,Pathogenic,rs137852696,40092409,9425237,Mitchison et al. 1998,,homozygous change in a number of patients,CLN1
Pa-cln1.199,,RAY9_Kousi_2011_novel,cln1.009,p.(Arg151*),,,,,,Canada,,,"Kousi et al., 2012",21990111,,cln1.009,Exon 05,c.451C>T,p.(Arg151*),substitution,nonsense,,Pathogenic,rs137852700,40089495,9425237,Mitchison et al. 1998,,,CLN1
Pa-cln1.199,,,cln1.017,p.(Val181Met),,,,,,Canada,,,"Kousi et al., 2012",21990111,,cln1.017,Exon 06,c.541G>A,p.(Val181Met),substitution,missense,Probably damaging,Likely pathogenic,rs148412181,40080483,9664077,Das et al. 1998,,,CLN1
Pa-cln1.200,,RAY28_Kousi_2011_novel,cln1.009,p.(Arg151*),,,,,,Canada,,,"Kousi et al., 2012",21990111,,cln1.009,Exon 05,c.451C>T,p.(Arg151*),substitution,nonsense,,Pathogenic,rs137852700,40089495,9425237,Mitchison et al. 1998,,,CLN1
Pa-cln1.200,,,cln1.004,(p.Thr75Pro),,,,,,Canada,,,"Kousi et al., 2012",21990111,,cln1.004,Exon 02,c.223A>C,p.(Thr75Pro),substitution,Missense,Benign,Pathogenic,rs137852696,40092409,9425237,Mitchison et al. 1998,,homozygous change in a number of patients,CLN1
Pa-cln1.201,,,cln1.058,c.627+4A>G,,,,,,Canada,,,"Kousi et al., 2012",21990111,,cln1.058,Intron 06,c.627+4A>G,,substitution,splice donor variant,most probably affecting splicing,Benign/Likely benign,rs572153728,40080393,CHECK REF,Kousi et al 2012 (Ray pers comm),,Frequency suggests that this is not a polymorphism. ,CLN1
Pa-cln1.201,,RAY50_Kousi_2011_novel,cln1.025,p.(Ile134Thr),,,,,,Canada,,,"Kousi et al., 2012",21990111,,cln1.025,Exon 04,c.401T>C,p.(Ile134Thr),substitution,missense,benign,Benign/Likely benign,rs1800205,40091361,21990111,Kousi et al 2012 ,Corrected from C>T to T>C. ,Frequency suggests this is a polymorphism.,CLN1
Pa-cln1.202,,,,not identified,,,,,,Canada,,,"Kousi et al., 2012",21990111,,,,,,,,,,,,,,,,CLN1
Pa-cln1.202,,RAY54_Kousi_2011_novel,cln1.025,p.(Ile134Thr),,,,,,Canada,,,"Kousi et al., 2012",21990111,,cln1.025,Exon 04,c.401T>C,p.(Ile134Thr),substitution,missense,benign,Benign/Likely benign,rs1800205,40091361,21990111,Kousi et al 2012 ,Corrected from C>T to T>C. ,Frequency suggests this is a polymorphism.,CLN1
Pa-cln1.203,,,,not identified,,,,,,Russia,,,"Kousi et al., 2012 (Burkina personal communication to NCL database)",21990111,,,,,,,,,,,,,,,,CLN1
Pa-cln1.203,,DAT1_Kousi_2011_novel,cln1.007,p.(Met57Asnfs*45),,,,,,Russia,,,"Kousi et al., 2012 (Burkina personal communication to NCL database)",21990111,,cln1.007,Exon 02,c.169dupA,p.(Met57Asnfs*45),duplication,frameshift,,Pathogenic/Likely pathogenic,rs386833634,40092462,9571187,Santorelli et al. ,,,CLN1
Pa-cln1.204,,,,not identified,,,infantile,,,Germany,,,Mole et al.  Eur J Paed Neurol 5 (Suppl A):7-10  200 (Taschner pers comm),11589012,,,,,,,,,,,,,,,,CLN1
Pa-cln1.204,,5_Mole_2001,cln1.027,p.(Phe85del),,,infantile,,,Germany,,,Mole et al.  Eur J Paed Neurol 5 (Suppl A):7-10  200 (Taschner pers comm),11589012,,cln1.027,Exon 03,c.249_251delCTT,p.(Phe85del),deletion insertion,deletion,,Likely pathogenic,rs386833637,40092149,10679943,Salonen et al. 2000,dbSNP gives position as c.249_251 and variation type as delins. Previously in database as c.255_257. Also described as delins at protein level previously.,,CLN1
Pa-cln1.205,,,,not identified,,,juvenile,,,The Netherlands,,,Mole et al.  Eur J Paed Neurol 5 (Suppl A):7-10  200 (Taschner pers comm),11589012,,,,,,,,,,,,,,,,CLN1
Pa-cln1.205,,7_Mole_2001,cln1.039,p.(Cys96Tyr),,,juvenile,,,The Netherlands,,,Mole et al.  Eur J Paed Neurol 5 (Suppl A):7-10  200 (Taschner pers comm),11589012,,cln1.039,Exon 03,c.287G>A,p.(Cys96Tyr)       ,substitution,missense,Probably damaging,Uncertain significance,rs386833640,40092120,11589012,Mole et al.  2001,,Frequency suggests that this is not a polymorphism. ,CLN1
Pa-cln1.206,,,,not identified,,,infantile,,,UK,,,Mole et al.  Eur J Paed Neurol 5 (Suppl A):7-10  200 (Taschner pers comm),11589012,,,,,,,,,,,,,,,,CLN1
Pa-cln1.206,,8_Mole_2001,cln1.040,p.(Lys104*),,,infantile,,,UK,,,Mole et al.  Eur J Paed Neurol 5 (Suppl A):7-10  200 (Taschner pers comm),11589012,,cln1.040,Exon 03,c.310A>T,p.(Lys104*),substitution,nonsense,,Likely pathogenic,rs386833641,40092097,11589012,Mole et al.  2001,,,CLN1
Pa-cln1.207,,,,not identified,,,infantile,,,The Netherlands,,,Mole et al.  Eur J Paed Neurol 5 (Suppl A):7-10  200 (Taschner pers comm),11589012,,,,,,,,,,,,,,,,CLN1
Pa-cln1.207,,11_Mole_2001,cln1.041,p.(Gln182*),,,infantile,,,The Netherlands,,,Mole et al.  Eur J Paed Neurol 5 (Suppl A):7-10  200 (Taschner pers comm),11589012,,cln1.041,Exon 06,c.544C>T,p.(Gln182*)     ,substitution,nonsense,,Likely pathogenic,rs386833654,40080480,11589012,Mole et al.  2001,,,CLN1
Pa-cln1.208,,,,not identified,,,infantile,,,USA,,,Mole et al.  Eur J Paed Neurol 5 (Suppl A):7-10  200 (Yi and Hofmann pers comm),11589012,,,,,,,,,,,,,,,,CLN1
Pa-cln1.208,,13_Mole_2001,cln1.037,p.Phe225Ser,,,infantile,,,USA,,,Mole et al.  Eur J Paed Neurol 5 (Suppl A):7-10  200 (Yi and Hofmann pers comm),11589012,,cln1.037,Exon 07,c.674T>C,p.(Phe225Ser),substitution,missense,Probably damaging,Likely pathogenic,rs386833662,40078612,11589012,Mole et al.  2001,,,CLN1
Pa-cln1.209,,12_Mole_2001,cln1.035,c.628-1G>T,,,infantile,,,USA,,,Mole et al.  Eur J Paed Neurol 5 (Suppl A):7-10  200 (Taschner pers comm),11589012,,cln1.035,Intron 06,c.628-1G>T ,,substitution,splice donor variant,most probably affecting splicing,Pathogenic/Likely pathogenic,rs386833659,40078659,10679943,Salonen et al. 2000,IVS6-1G>T,causes exon skipping?,CLN1
Pa-cln1.209,,,,not identified,,,infantile,,,USA,,,Mole et al.  Eur J Paed Neurol 5 (Suppl A):7-10  200 (Taschner pers comm),11589012,,,,,,,,,,,,,,,,CLN1
Pa-cln1.210,,1_Mole_2001,,Probably not identified,rs41301070,,,,,The Netherlands,,,Mole et al.  Eur J Paed Neurol 5 (Suppl A):7-10  200 (Taschner pers comm),11589012,Variant described in paper (rs41301070) is probably a polymorphism and not disease-causing mutation,,,,,,,,,,,,,,,CLN1
Pa-cln1.210,,,,not identified,,,,,,The Netherlands,,,Mole et al.  Eur J Paed Neurol 5 (Suppl A):7-10  200 (Taschner pers comm),11589012,,,,,,,,,,,,,,,,CLN1
Pa-cln1.211,,16_Mole_2001,cln1.003,c.*526_*529delATCA,,,,,,France,,,Mole et al.  Eur J Paed Neurol 5 (Suppl A):7-10  200 (Taschner pers comm),11589012,described as c.1451-1454del in paper. ,cln1.003,3'UTR,c.*526_*529del,p.(?),deletion,,,,,40073531,11589012,Mole et al.  2001,described as c.1451-1454del in paper.,,CLN1
Pa-cln1.211,,,,not identified,,,,,,France,,,Mole et al.  Eur J Paed Neurol 5 (Suppl A):7-10  200 (Taschner pers comm),11589012,,,,,,,,,,,,,,,,CLN1
Pa-cln1.212,,1_Trzupek,cln1.047,c.312delA,,,infantile,,,England/ Czech Republic,,,Karmen Trzupek pers comm to NCL Mutation Database 2004,,,cln1.047,Exon 03,c.312delA,p.(Lys104Asnfs*18),deletion,frameshift,,,,40092094,N.A.,Trzupek (pers comm. 2004),,,CLN1
Pa-cln1.212,,1_Trzupek,cln1.017,p.(Val181Met),,,infantile,,,England/ Czech Republic,,,Karmen Trzupek pers comm to NCL Mutation Database 2004,,,cln1.017,Exon 06,c.541G>A,p.(Val181Met),substitution,missense,Probably damaging,Likely pathogenic,rs148412181,40080483,9664077,Das et al. 1998,,,CLN1
Pa-cln1.213,,1_Burkina,,not identified,,,infantile,,,Russia,,,A Burkina pers comm to NCL Mutation Database 2004,,,,,,,,,,,,,,,,,CLN1
Pa-cln1.213,,1_Burkina,cln1.009,p.(Arg151*),,,infantile,,,Russia,,,A Burkina pers comm to NCL Mutation Database 2004,,,cln1.009,Exon 05,c.451C>T,p.(Arg151*),substitution,nonsense,,Pathogenic,rs137852700,40089495,9425237,Mitchison et al. 1998,,,CLN1
Pa-cln1.214,,1_Niezen,,not identified,,,infantile,,,The Netherlands,,,R. Nietzen-de Boer pers comm to NCL Mutation Database 2004,,,,,,,,,,,,,,,,,CLN1
Pa-cln1.214,,1_Niezen,cln1.009,p.(Arg151*),,,infantile,,,The Netherlands,,,R. Nietzen-de Boer pers comm to NCL Mutation Database 2004,,,cln1.009,Exon 05,c.451C>T,p.(Arg151*),substitution,nonsense,,Pathogenic,rs137852700,40089495,9425237,Mitchison et al. 1998,,,CLN1
Pa-cln1.215,,1_Taschner,,not identified,,,infantile,,,Belgium,,,Taschner pers comm to NCL Mutation Database,,,,,,,,,,,,,,,,,CLN1
Pa-cln1.215,,1_Taschner,cln1.018,p.(Glu184Lys),,,infantile,,,Belgium,,,Taschner pers comm to NCL Mutation Database,,,cln1.018,Exon 06,c.550G>A,p.(Glu184Lys),substitution,missense,Probably damaging,Likely pathogenic,rs386833655,40080474,9664077,Das et al. 1998,,,CLN1
Pa-cln1.216,,3_Setty_2013,cln1.009,p.(Arg151*),,,juvenile,8,GROD,UK,,,Khan et al 2013; J. Pediatr NeurosciSetty et al. J. Pediatr Neurosci. 2013,24082928,"reported by Setty et al 2013 as well. Aged 13 years, vision remained poor. Had developed behavioral and cognitive problems. Had not developed seizures or motor difficulties. Visual hallucinations",cln1.009,Exon 05,c.451C>T,p.(Arg151*),substitution,nonsense,,Pathogenic,rs137852700,40089495,9425237,Mitchison et al. 1998,,,CLN1
Pa-cln1.216,,3_Setty_2013,cln1.039,p.(Cys96Tyr),,,juvenile,8,GROD,UK,,,Khan et al 2013; J. Pediatr NeurosciSetty et al. J. Pediatr Neurosci. 2013,24082928,"reported by Setty et al 2013 as well. Aged 13 years, vision remained poor. Had developed behavioral and cognitive problems. Had not developed seizures or motor difficulties. Visual hallucinations",cln1.039,Exon 03,c.287G>A,p.(Cys96Tyr)       ,substitution,missense,Probably damaging,Uncertain significance,rs386833640,40092120,11589012,Mole et al.  2001,,Frequency suggests that this is not a polymorphism. ,CLN1
Pa-cln1.217,,Miller_2013,cln1.076,p.Glu260Lysfs*35,,,juvenile,10,,USA,,USA,Miller & Pearce J Child Neuro.  2013,25205113,,cln1.076,Exon 08,c.776dupA,p.(Glu260Glyfs*35),duplication,frameshift,probable nonsense-mediated translation repression,Likely pathogenic,rs1349528345,40076863,25205113,Miller & Pearce 2013,See correction in vol 29(5); new amino acid is Gly,,CLN1
Pa-cln1.217,,Miller_2013,cln1.021,p.(Tyr247His),,,juvenile,10,,USA,,USA,Miller & Pearce J Child Neuro.  2013,25205113,,cln1.021,Exon 08,c.739T>C,p.(Tyr247His),substitution,missense,Probably damaging,Likely pathogenic,rs386833665,40076901,9664077,Das et al. 1998,,,CLN1
Pa-cln1.218,REL#08,Pa3_Pérez-Poyato_2012,cln1.017,p.(Val181Met),,,infantile,1.2,,Spain,,Spain,"Pérez-Poyato et al., Gene 2012",22387303,,cln1.017,Exon 06,c.541G>A,p.(Val181Met),substitution,missense,Probably damaging,Likely pathogenic,rs148412181,40080483,9664077,Das et al. 1998,,,CLN1
Pa-cln1.219,REL#08,Pa4_Pérez-Poyato_2012,cln1.017,p.(Val181Met),,,infantile,1.1,GROD,Spain,,Spain,"Pérez-Poyato et al., Gene 2012",22387303,,cln1.017,Exon 06,c.541G>A,p.(Val181Met),substitution,missense,Probably damaging,Likely pathogenic,rs148412181,40080483,9664077,Das et al. 1998,,,CLN1
Pa-cln1.220,,Pa6_Pérez-Poyato_2012,cln1.077,p.Glu178Val,,,infantile,1,,Spain,,Spain,"Pérez-Poyato et al., Gene 2012",22387303,,cln1.077,Exon 01,c.20_47del28 ,p.(Leu7Hisfs*21) ,deletion,frameshift,,,,40097191,26846731,Niida et al 2016,,Paternal uniparental disomy of chr1. Removed previous reference to affect on splicing.,CLN1
Pa-cln1.220,,Pa6_Pérez-Poyato_2012,cln1.078,p.Ser241Leu,,,infantile,1,,Spain,,Spain,"Pérez-Poyato et al., Gene 2012",22387303,,cln1.078,Exon 07,c.722C>T,p.(Ser241Leu),Substitution,missense,Probably damaging,Uncertain significance,rs746043871,40078564,22387303,"Pérez-Poyato et al., Gene 2012",,Frequency suggests that this is not a polymorphism. ,CLN1
Pa-cln1.221,,,cln1.004,(p.Thr75Pro),,,juvenile,9,,,,USA,"Meteletsina et al., Retinal Cases & Brief Reports, 2016",26510000,,cln1.004,Exon 02,c.223A>C,p.(Thr75Pro),substitution,Missense,Benign,Pathogenic,rs137852696,40092409,9425237,Mitchison et al. 1998,,homozygous change in a number of patients,CLN1
Pa-cln1.221,,,cln1.032,c.234+1G>A,,,juvenile,9,,,,USA,"Meteletsina et al., Retinal Cases & Brief Reports, 2016",26510000,Mutation number changed - previous number (072) was already assigned to another variant,cln1.032,Intron 02,c.234+1G>A,,substitution,splice donor variant,most probably affecting splicing.,Pathogenic,rs796052923,40092397,26510000,"Metelitsina et al Ret Cases & Brief Rep 10, 211-213 (2016)",,,CLN1
Pa-cln1.222,,,cln1.077,p.(Leu7Hisfs*21),,,infantile,1.6,,Japan,,Japan,"Niida et al, Brain & Dev 2016",no PMID,paternal uniparental disomy,cln1.077,Exon 01,c.20_47del28 ,p.(Leu7Hisfs*21) ,deletion,frameshift,,,,40097191,26846731,Niida et al 2016,,Paternal uniparental disomy of chr1. Removed previous reference to affect on splicing.,CLN1
Pa-cln1.223,,,cln1.070,p.(Leu222Pro) ,,,juvenile,,,Romania,,Italy,Travaglini et al. Brain & Dev 2017,no PMID,paternal uniparental disomy,cln1.070,Exon 06,c.538dupC,p.(Leu180Profs*9),duplication,frameshift,,Likely pathogenic,rs386833653,40080485,21990111,Kousi et al. 2012,,,CLN1
Pa-cln1.224,,P1,cln1.017,p.(Val181Met),,,,,,,,India,Sheth et al 2018 BMC Neurology,30541466,"PPT1 activity deficient. Patient series all aged from 0.33 - 9 years with epilepsy, visual impairment, cerebral atrophy, and cerebellar atrophy",cln1.017,Exon 06,c.541G>A,p.(Val181Met),substitution,missense,Probably damaging,Likely pathogenic,rs148412181,40080483,9664077,Das et al. 1998,,,CLN1
Pa-cln1.225,,P2,cln1.024,p.(Asn110Ser),,,,,,,,India,Sheth et al 2018 BMC Neurology,30541466,"PPT1 activity deficient. Patient series all aged from 0.33 - 9 years with epilepsy, visual impairment, cerebral atrophy, and cerebellar atrophy",cln1.024,Exon 03,c.329A>G,p.(Asn110Ser),substitution,missense,Probably damaging,Uncertain significance,rs142894102,40092078,30541466,Sheth et al BMC Neurol. (2018) ,,,CLN1
Pa-cln1.226,,P9,cln1.079,p.(Val236Glu),,,,,,,,India,Sheth et al 2018 BMC Neurology,30541466,"PPT1 activity deficient. Patient series all aged from 0.33 - 9 years with epilepsy, visual impairment, cerebral atrophy, and cerebellar atrophy",cln1.079,Exon 07,c.707T>A,p.(Val236Glu),,missense,Probably damaging,Likely pathogenic,rs878853324,40078579,30541466,Sheth et al BMC Neurol. (2018) ,Described as Val236Gly in the paper,,CLN1
Pa-cln1.227,,P8,cln1.080,p.(Cys45Arg),,,,,,,,India,Sheth et al 2018 BMC Neurology,30541466,"PPT1 activity deficient. Patient series all aged from 0.33 - 9 years with epilepsy, visual impairment, cerebral atrophy, and cerebellar atrophy",cln1.080,Exon 02,c.133T>C,p.(Cys45Arg),,missense,Probably damaging,Likely pathogenic,rs878853323,40092499,30541466,Sheth et al BMC Neurol. (2018) ,,This mutation has been seen in Indian patient from Gujerat during genetic screening of Tay Sachs PMID 22723944. ,CLN1
Pa-cln1.228,,P4,cln1.081,p.(Pro238Leu),,,,,,,,India,Sheth et al 2018 BMC Neurology,30541466,"PPT1 activity deficient. Patient series all aged from 0.33 - 9 years with epilepsy, visual impairment, cerebral atrophy, and cerebellar atrophy",cln1.081,Exon 07,c.713C>T,p.(Pro238Leu),,missense,Probably damaging,Likely pathogenic,rs878853322,40078573,30541466,Sheth et al BMC Neurol. (2018) ,,,CLN1
Pa-cln1.229,,P5,cln1.081,p.(Pro238Leu),,,,,,,,India,Sheth et al 2018 BMC Neurology,30541466,"PPT1 activity deficient. Patient series all aged from 0.33 - 9 years with epilepsy, visual impairment, cerebral atrophy, and cerebellar atrophy",cln1.081,Exon 07,c.713C>T,p.(Pro238Leu),,missense,Probably damaging,Likely pathogenic,rs878853322,40078573,30541466,Sheth et al BMC Neurol. (2018) ,,,CLN1
Pa-cln1.230,,P3,cln1.082,p.(Glu178Asnfs*13 ),,,,,,,,India,Sheth et al 2018 BMC Neurology,30541466,"PPT1 activity deficient. Patient series all aged from 0.33 - 9 years with epilepsy, visual impairment, cerebral atrophy, and cerebellar atrophy",cln1.082,Exon 05,c.532del,p.(Glu178Asnfs*13) ,,frameshift,,Likely pathogenic,rs878853325,40089413,30541466,Sheth et al BMC Neurol. (2018) ,,,CLN1
Pa-cln1.230,,P3,cln1.071,p.(Trp186*),,,,,,,,India,Sheth et al 2018 BMC Neurology,30541466,"PPT1 activity deficient. Patient series all aged from 0.33 - 9 years with epilepsy, visual impairment, cerebral atrophy, and cerebellar atrophy",cln1.071,Exon 06,c.558G>A,p.(Trp186*),substitution,nonsense,,Likely pathogenic,rs386833656 ,40080466,21990111,Kousi et al. 2012,,,CLN1
Pa-cln1.231,,,cln1.083,c.362+5G>T,,,Fragility fractures,,,,,USA,"Marshall, Bess, pers comm",,,cln1.083,Intron 03,c.362+5G>T,p.?,substitution,splice donor variant,most probably affecting splicing,,,40092040C>A,,"Marshall, Bess, pers comm",,Fragility fractures,CLN1
Pa-cln1.231,,,cln1.084,c.628-1G>T,,,Fragility fractures,,,,,USA,"Marshall, Bess, pers comm",,,cln1.084,Intron 06,c.628-1G>T,p.?,substitution,splice acceptor variant,most probably affecting splicing,Pathogenic/Likely pathogenic,rs386833659,40078659C>A,,"Marshall, Bess, pers comm",,very rare,CLN1
Pa-cln1.232,,,cln1.085,p.(Asp267ThrfsTer5),,,,,,Ethiopia,,USA,"Augustine, Erika, pers comm",,Myoclonic epilepsy,cln1.085,Exon 09,c.799del,p.(Asp267Thrfs*5),deletion,frameshift,,Likely pathogenic,rs1648444864,40074184del,,"Augustine, Erika, pers comm",,no frequency data,CLN1
Pa-cln1.233,,,cln1.086,p.Gln106Ter,,,infantile / congenital,,,Turkey,,,Kose et al. 2021,33486620,Myoclonus and nystagmus; reduced PPT1 activity (0.26 nmol/ml/h); age of onset given as 0,cln1.086,Exon 03,c.316C>T,p.(Gln106*),substitution,nonsense,,,,40092091G>A,33486620,Kose et al. 2021,,,CLN1
Pa-cln1.234,,307853,cln1.087,p.(Cys6*),,,,,,Uzbekistan,,,"Rus, pers comm",,"EEG abnormality, Leukodystrophy, Abnormality of the periventricular white matter",cln1.087,Exon 01,c.18C>A,p.(Cys6*),substitution,nonsense,,,,40097221G>T,,"Rus, pers comm",,,CLN1
Pa-cln1.235,,307854,cln1.088,p.(Gln97*),,,,,,Egypt,,,"Rus, pers comm",,"Optic disc pallor, Delayed speech and language development, Muscular hypotonia, Dystonia, Cerebral cortical atrophy, Exaggerated startle response, Developmental regression, Myoclonic spasms, Brain atrophy, Abnormality of movement",cln1.088,Exon 03,c.289C>T,p.(Gln97*),substitution,nonsense,,,,40092118G>A,,"Rus, pers comm",,,CLN1
Pa-cln1.236,,307855,cln1.089,p.?,,,,,,India,,,"Rus, pers comm",,-,cln1.089,Intron 03,c.363-2A>G,p.?,substitution,splice acceptor variant,most probably affecting splicing,Likely pathogenic,rs1553167430,40091401T>C,,"Rus, pers comm",,,CLN1
Pa-cln1.237,,307856,cln1.090,p.(Trp186Arg),,,,,,Saudi Arabia,,,"Rus, pers comm",,-,cln1.090,Exon 06,c.556T>C,p.(Trp186Arg),substitution,missense,Probably damaging,,,40080468A>G,,"Rus, pers comm",,,CLN1
Pa-cln1.238,,307857,cln1.091,p.(Leu27Serfs*12),,,,,,Iran,,,"Rus, pers comm",,"Microcephaly, Motor delay, Frequent falls, Developmental regression, Bruxism",cln1.091,Exon 01,c.74_78dup,p.(Leu27Serfs*12),duplication,frameshift,,,,40097161_40097165dup,,"Rus, pers comm",,,CLN1
Pa-cln1.239,,307858,cln1.092,p.(Gln259*),,,,,,Egypt,,,"Rus, pers comm",,"Microcephaly, Cerebellar atrophy, Cerebral cortical atrophy, Developmental regression, Brain atrophy",cln1.092,Exon 08,c.775C>T,p.(Gln259*),substitution,nonsense,,Pathogenic,,40076865G>A,,"Rus, pers comm",,no frequency data,CLN1
Pa-cln1.240,,307859,cln1.093,p.(Glu286*),,,,,,Egypt,,,"Rus, pers comm",,"Microcephaly, Dementia, Cerebellar atrophy, Bulbar palsy, Spastic tetraparesis, Dysphagia, Cerebral atrophy, Generalized myoclonic seizures, Neurodegeneration, Developmental regression, Hyperkinesis, Brain atrophy",cln1.093,Exon 09,c.856G>T,p.(Glu286*),substitution,nonsense,,Uncertain significance,rs141405110,40074126C>A,,"Rus, pers comm",,very rare,CLN1
Pa-cln1.241,,307872,cln1.094,p.(His289Ilefs*55),,,,,,Turkey,,,"Rus, pers comm",,"Visual impairment, Delayed speech and language development, Seizures, Global developmental delay, Generalized-onset seizure, Developmental regression",cln1.094,Exon 09,c.865del,p.(His289Ilefs*55),deletion,frameshift,,,,40074118del,,"Rus, pers comm",,,CLN1
Pa-cln1.242,,P6,cln1.081,p.Pro238Leu ,,,,,,India,,,Sheth et al 2018 BMC Neurology,30541466,"PPT1 activity deficient. Patient series all aged from 0.33 - 9 years with epilepsy, visual impairment, cerebral atrophy, and cerebellar atrophy",cln1.081,Exon 07,c.713C>T,p.(Pro238Leu),,missense,Probably damaging,Likely pathogenic,rs878853322,40078573,30541466,Sheth et al BMC Neurol. (2018) ,,,CLN1
Pa-cln1.243,,P7,cln1.081,p.Pro238Leu ,,,,,,India,,,Sheth et al 2018 BMC Neurology,30541466,"PPT1 activity deficient. Patient series all aged from 0.33 - 9 years with epilepsy, visual impairment, cerebral atrophy, and cerebellar atrophy",cln1.081,Exon 07,c.713C>T,p.(Pro238Leu),,missense,Probably damaging,Likely pathogenic,rs878853322,40078573,30541466,Sheth et al BMC Neurol. (2018) ,,,CLN1
Pa-cln1.244,,P10,cln1.007,p.(Met57Asnfs*),,,infantile,1.3,,Iran,,,Panjeshahi et al. 2023,27848944,Onset myoclonus. See paper for clinical details,cln1.007,Exon 02,c.169dupA,p.(Met57Asnfs*45),duplication,frameshift,,Pathogenic/Likely pathogenic,rs386833634,40092462,9571187,Santorelli et al. ,,,CLN1
Pa-cln1.245,,L137,cln1.097, p.(Gly73Trp),,,late infantile,,,India,,,Di Fruscio et al. 2015,26075876,Onset epilepsy,cln1.097,Exon 02,c.217G>T, p.(Gly73Trp),substitution,missense,probably damaging,,,g.40092415C>A,26075876,Di Fruscio et al. 2015,,,CLN1
Pa-cln1.246,,L144,cln1.098, p.(Ala183Ser),,,infantile,,,India,,,Di Fruscio et al. 2015,26075876,Onset epilepsy,cln1.098,Exon 06,c.547G>T, p.(Ala183Ser),substitution,missense,possibly damaging,,,g.40080477C>A,26075876,Di Fruscio et al. 2015,,,CLN1
Pa-cln1.247,,P15,cln1.081,p.(Pro238Leu),,,,,,India,,,"Gowda et al., 2020",34849271,"mean age of presentation  9.9 months (range 2 months to 3.4 years) all had regression, epilepsy, involuntary movements. Three other patients with this genotype were found.",cln1.081,Exon 07,c.713C>T,p.(Pro238Leu),,missense,Probably damaging,Likely pathogenic,rs878853322,40078573,30541466,Sheth et al BMC Neurol. (2018) ,,,CLN1
Pa-cln1.248,,,cln1.099,p.(Glu59del),,,juvenile,8,,Japan,,,Ozono et al. 2018,29627028,"visual acuity decline, to complete loss of vision by 11. Slow progression; died aged 44.",cln1.099,Exon 02,c.175_177del,p.(Glu59del),deletion,deletion,,,,g.40092456_40092458del,29627028,Ozono et al. 2018,,,CLN1
Pa-cln1.248,,,cln1.100,p.(Val175AlafsTer19),,,juvenile,8,,Japan,,,Ozono et al. 2018,29627028,"visual acuity decline, to complete loss of vision by 11. Slow progression; died aged 44.",cln1.100,Exon 05,c.516_523dup,p.(Val175AlafsTer19),duplication,frameshift,,,,g.40089423_40089430dup,29627028,Ozono et al. 2018,,,CLN1
Pa-cln1.249,,,cln1.101,p.(Thr94Pro),,,,,,China,,,Zhou et al. 2024,38171563,"3 years old at investigation. Visual impairment, progressive cognitive and motor regression, epilepsy. The child also suffered from hereditary hyperferritinaemia cataract syndrome. Summary only; full article is in Chinese",cln1.101,Exon 03,c.280A>C,p.(Thr94Pro),substitution,missense,possibly damaging,,,g.40092127T>G,38171563,Zhou et al. 2024,,Article in Chinese,CLN1
Pa-cln1.249,,,cln1.102,c.124+3del,,,,,,China,,,Zhou et al. 2024,38171563,"3 years old at investigation. Visual impairment, progressive cognitive and motor regression, epilepsy. The child also suffered from hereditary hyperferritinaemia cataract syndrome. Summary only; full article is in Chinese",cln1.102,Exon 01,c.124+3del,p.(?),deletion,splice donor variant,new donor splice site; broken WT donor site; most probably affecting splicing,,,g.40097112del,38171563,Zhou et al. 2024,c.124-124+3delG,Article in Chinese,CLN1
Pa-cln1.250,,,cln1.103,p.(Ile211Valfs*),,,infantile,1.1,,Thailand,,, Kulsirichawaroj et al. 2022,36137348,"Motor skill decline after influenza infection; progressive microcephaly; inability to fix on and follow an object, spastic tone, hperreflexia, repetitive hand-wringing - phenotype compatible with Rett syndrome: no mutations in MECP2 found",cln1.103,Exon 07,c.629_630dup,p.(Ile211Valfs*),duplication,frameshift,,Pathogenic/Likely pathogenic,rs1302326945,g.40078656_40078657dup,36137348, Kulsirichawaroj et al. 2022,dbSNP says InDel,,CLN1
Pa-cln1.251,,,cln1.104,p.(Tyr172Ser),,,late infantile,3,,India,,USA,Pers comm Breeze 2024,,"Progressive retinal dystrophy, MRI and EEG abnormalities consistent with NCL disease; developmental delay, speech delay; PPT1 levels 9.18 nmol/h/mg",cln1.104,Exon 05,c.515A>C,p.(Tyr172Ser),substitution,missense,Probably damaging,,,g.40089431T>G,,pers comm Breeze 2024,,,CLN1
Pa-cln1.252,,LSD153,cln1.009,p.(Arg151*),,,late infantile,2,,India,,,Sheth et al. 2024,38730490,"Global delay; microcepahly, drooling; PPT1 assay 0.25 nmol/h/mg protein",cln1.009,Exon 05,c.451C>T,p.(Arg151*),substitution,nonsense,,Pathogenic,rs137852700,40089495,9425237,Mitchison et al. 1998,,,CLN1
Pa-cln1.253,,LSD205,,Exon 01 deletion,,,late infantile,1.6,,India,,,Sheth et al. 2024,38730490,"Regression, seizures, cerebral atrophy, abnormal EEG; PT1 assay 0.44 nmol/h/mg protein",,,,,,,,,,,,,,,CLN1
Pa-cln1.254,,LSD206,cln1.081,p.(Pro238Leu),,,late infantile,2.5,,India,,,Sheth et al. 2024,38730490,"Regression, abnormal MRI, impaired hearing; PT1 assay 0.1 nmol/h/mg protein",cln1.081,Exon 07,c.713C>T,p.(Pro238Leu),,missense,Probably damaging,Likely pathogenic,rs878853322,40078573,30541466,Sheth et al BMC Neurol. (2018) ,,,CLN1
Pa-cln1.255,,LSD207,cln1.024,p.(Asn110Ser),,,late infantile,3,,India,,,Sheth et al. 2024,38730490,"Regression, muscle weakness, seizures, abnormal MRI, abnormal gait and hypertonia: PT1 assay 0.42 nmol/h/mg protein",cln1.024,Exon 03,c.329A>G,p.(Asn110Ser),substitution,missense,Probably damaging,Uncertain significance,rs142894102,40092078,30541466,Sheth et al BMC Neurol. (2018) ,,,CLN1
Pa-cln1.256,,LSD208,cln1.081,p.(Pro238Leu),,,late infantile,3.5,,India,,,Sheth et al. 2024,38730490,"Regression, seizures, abnormal MRI, cerebral atrophy; PT1 assay 0.72nmol/h/mg protein",cln1.081,Exon 07,c.713C>T,p.(Pro238Leu),,missense,Probably damaging,Likely pathogenic,rs878853322,40078573,30541466,Sheth et al BMC Neurol. (2018) ,,,CLN1
Pa-cln1.257,,,cln1.037,p.(Phe225Ser),,homozygous c.1178_1179del in CYP27B1,congenital,0.1,granular osmiophilic deposit (muscle),,India,,Gowda et al. 2024,39502845,"Seizures from day 45, delayed development at 20 months, progressive visual impairment from 12 months. Patient has NCL-1 with VDDR-1 associated with complex-1 mitochondrial deficiency",cln1.037,Exon 07,c.674T>C,p.(Phe225Ser),substitution,missense,Probably damaging,Likely pathogenic,rs386833662,40078612,11589012,Mole et al.  2001,,,CLN1
Pa-cln1.258,,,cln1.052,p.(Gln91Pro),,,juvenile,8,,,China,,Zhang et al. 2024,39653353,"onset with intellectual decline and behavioral abnormalities, followed by movement disorder",cln1.052,Exon 03,c.272A>C,p.(Gln91Pro),substitution,missense,Probably damaging,Uncertain significance,rs386833639,40092135,17044973,Bi et al 2006,,Frequency suggests that this is not a polymorphism. ,CLN1
Pa-cln1.258,,,cln1.105,p.(Glu59Gly),,,juvenile,8,,,China,,Zhang et al. 2024,39653353,"onset with intellectual decline and behavioral abnormalities, followed by movement disorder",cln1.105,Exon 02,c.176A>G,p.(Glu59Gly),substitution,missense,possibly damaging,,,40092456,39653353,Zhang et al. 2024,,,CLN1
,,,,,,,,,,,,,,,,,,,,,,,,,,,,,,CLN1
Notes,,,,,,,,,,,,,,,,,,,,,,,,,,,,,,CLN1
Congenital - around birth;  infantile 0.5-1.5 y; late infantile - 2-4 y; juvenile - 5-10 y; adult ,,,,,,,,,,,,,,,,,,,,,,,,,,,,,,CLN1
"GROD - Granular Osmiophilic Deposits, CL - Curvilinear, RL- Rectilinear, FP - Fingerprint, condensed",,,,,,,,,,,,,,,,,,,,,,,,,,,,,,CLN1
NA - not available or not applicable,,,,,,,,,,,,,,,,,,,,,,,,,,,,,,CLN1
