Patient identifer,REL#,Other Patient ID,Mutation_ID,Allele,Changes in the same gene,Changes in other genes,NCL Phenotype or other disease,Age of onset (y),Histology,Country of origin,other ethnic detail,Country of residence,Reference_patient,PMID_patient,Notes_patient,Notes2,Notes3,Notes4,Notes5,Location,Nucleotide change,Amino acid change,Type of Mutation - DNA,additional mutation info,Predicted functional effect in silico,Splice AI scores,clinvar classification,rs number,contig position (GRCh38.p7),Reference_mutation,PMID_mutation,Original description,Notes_mutation,Notes 2,Disease_Subtype
Pa-cln2.001,,C7787_Sleat_1997,cln2.004,c.509-1G>C,,,late infantile,,,Ireland / Scotland / England,,,"Sleat et al., 1997",9295267,,,,,,Intron 05,c.509-1G>C,,substitution,splice acceptor variant,,Acceptor loss 0.96,pathogenic,rs56144125,6617154C>G,Sleat et al. 1999,10330339, g.3556G>C,Described as p.(Phe169*) (Sleat) and p.(Val170Glyfs*29) (Sun et al.2012),,CLN2
Pa-cln2.001,,C7787_Sleat_1997,cln2.001,p.(Arg208*),,,late infantile,,,Ireland / Scotland / England,,,"Sleat et al., 1997",9295267,,,,,,Exon 06,c.622C>T,p.(Arg208*),substitution,Nonsense,,,pathogenic,rs119455955,6617040G>A,Sleat et al. 1999,10330339,,,,CLN2
Pa-cln2.002,,1_Zhong_1998,cln2.004,c.509-1G>C,,,late infantile,,,USA,,,"Wisniewski et al., 1998",9492089,,,,,,Intron 05,c.509-1G>C,,substitution,splice acceptor variant,,Acceptor loss 0.96,pathogenic,rs56144125,6617154C>G,Sleat et al. 1999,10330339, g.3556G>C,Described as p.(Phe169*) (Sleat) and p.(Val170Glyfs*29) (Sun et al.2012),,CLN2
Pa-cln2.003,,2_Zhong_1998,cln2.004,c.509-1G>C,,,late infantile,,,USA,,,"Wisniewski et al., 1999",9492089,,,,,,Intron 05,c.509-1G>C,,substitution,splice acceptor variant,,Acceptor loss 0.96,pathogenic,rs56144125,6617154C>G,Sleat et al. 1999,10330339, g.3556G>C,Described as p.(Phe169*) (Sleat) and p.(Val170Glyfs*29) (Sun et al.2012),,CLN2
Pa-cln2.004,,3_Zhong_1998,cln2.001,p.(Arg208*),,,late infantile,,,USA,,,"Wisniewski et al., 2000",9492089,,,,,,Exon 06,c.622C>T,p.(Arg208*),substitution,Nonsense,,,pathogenic,rs119455955,6617040G>A,Sleat et al. 1999,10330339,,,,CLN2
Pa-cln2.005,,4_Zhong_1998,cln2.004,c.509-1G>C,,,late infantile,,,USA,,,"Wisniewski et al., 2001",9492089,,,,,,Intron 05,c.509-1G>C,,substitution,splice acceptor variant,,Acceptor loss 0.96,pathogenic,rs56144125,6617154C>G,Sleat et al. 1999,10330339, g.3556G>C,Described as p.(Phe169*) (Sleat) and p.(Val170Glyfs*29) (Sun et al.2012),,CLN2
Pa-cln2.005,,4_Zhong_1998,cln2.001,p.(Arg208*),,,late infantile,,,USA,,,"Wisniewski et al., 2001",9492089,,,,,,Exon 06,c.622C>T,p.(Arg208*),substitution,Nonsense,,,pathogenic,rs119455955,6617040G>A,Sleat et al. 1999,10330339,,,,CLN2
Pa-cln2.006,,5_Zhong_1998,cln2.004,c.509-1G>C,,,late infantile,,,USA,,,"Wisniewski et al., 2002",9492089,,,,,,Intron 05,c.509-1G>C,,substitution,splice acceptor variant,,Acceptor loss 0.96,pathogenic,rs56144125,6617154C>G,Sleat et al. 1999,10330339, g.3556G>C,Described as p.(Phe169*) (Sleat) and p.(Val170Glyfs*29) (Sun et al.2012),,CLN2
Pa-cln2.006,,5_Zhong_1998,cln2.001,p.(Arg208*),,,late infantile,,,USA,,,"Wisniewski et al., 2002",9492089,,,,,,Exon 06,c.622C>T,p.(Arg208*),substitution,Nonsense,,,pathogenic,rs119455955,6617040G>A,Sleat et al. 1999,10330339,,,,CLN2
Pa-cln2.007,,6_Zhong_1998,cln2.004,c.509-1G>C,,,late infantile,,,USA,,,"Wisniewski et al., 2003",9492089,,,,,,Intron 05,c.509-1G>C,,substitution,splice acceptor variant,,Acceptor loss 0.96,pathogenic,rs56144125,6617154C>G,Sleat et al. 1999,10330339, g.3556G>C,Described as p.(Phe169*) (Sleat) and p.(Val170Glyfs*29) (Sun et al.2012),,CLN2
Pa-cln2.007,,6_Zhong_1998,cln2.001,p.(Arg208*),,,late infantile,,,USA,,,"Wisniewski et al., 2003",9492089,,,,,,Exon 06,c.622C>T,p.(Arg208*),substitution,Nonsense,,,pathogenic,rs119455955,6617040G>A,Sleat et al. 1999,10330339,,,,CLN2
Pa-cln2.008,,7_Zhong_1998,cln2.004,c.509-1G>C,,,late infantile,,,USA,,,"Wisniewski et al., 2004",9492089,,,,,,Intron 05,c.509-1G>C,,substitution,splice acceptor variant,,Acceptor loss 0.96,pathogenic,rs56144125,6617154C>G,Sleat et al. 1999,10330339, g.3556G>C,Described as p.(Phe169*) (Sleat) and p.(Val170Glyfs*29) (Sun et al.2012),,CLN2
Pa-cln2.008,,7_Zhong_1998,,not identified,,,late infantile,,,USA,,,"Wisniewski et al., 2004",9492089,,,,,,,,,,,,,,,,,,,,,CLN2
Pa-cln2.009,,8_Zhong_1998,cln2.004,c.509-1G>C,,,late infantile,,,USA,,,"Wisniewski et al., 2005",9492089,,,,,,Intron 05,c.509-1G>C,,substitution,splice acceptor variant,,Acceptor loss 0.96,pathogenic,rs56144125,6617154C>G,Sleat et al. 1999,10330339, g.3556G>C,Described as p.(Phe169*) (Sleat) and p.(Val170Glyfs*29) (Sun et al.2012),,CLN2
Pa-cln2.009,,8_Zhong_1998,,not identified,,,late infantile,,,USA,,,"Wisniewski et al., 2005",9492089,,,,,,,,,,,,,,,,,,,,,CLN2
Pa-cln2.010,,9_Zhong_1998,cln2.004,c.509-1G>C,,,late infantile,,,USA,,,"Wisniewski et al., 2006",9492089,,,,,,Intron 05,c.509-1G>C,,substitution,splice acceptor variant,,Acceptor loss 0.96,pathogenic,rs56144125,6617154C>G,Sleat et al. 1999,10330339, g.3556G>C,Described as p.(Phe169*) (Sleat) and p.(Val170Glyfs*29) (Sun et al.2012),,CLN2
Pa-cln2.010,,9_Zhong_1998,,not identified,,,late infantile,,,USA,,,"Wisniewski et al., 2006",9492089,,,,,,,,,,,,,,,,,,,,,CLN2
Pa-cln2.011,,10_Zhong_1998,cln2.004,c.509-1G>C,,,late infantile,,,USA,,,"Wisniewski et al., 2007",9492089,,,,,,Intron 05,c.509-1G>C,,substitution,splice acceptor variant,,Acceptor loss 0.96,pathogenic,rs56144125,6617154C>G,Sleat et al. 1999,10330339, g.3556G>C,Described as p.(Phe169*) (Sleat) and p.(Val170Glyfs*29) (Sun et al.2012),,CLN2
Pa-cln2.011,,10_Zhong_1998,,not identified,,,late infantile,,,USA,,,"Wisniewski et al., 2007",9492089,,,,,,,,,,,,,,,,,,,,,CLN2
Pa-cln2.012,,11_Zhong_1998,,not identified,,,late infantile,,,USA,,,"Wisniewski et al., 2008",9492089,,,,,,,,,,,,,,,,,,,,,CLN2
Pa-cln2.012,,11_Zhong_1998,cln2.001,p.(Arg208*),,,late infantile,,,USA,,,"Wisniewski et al., 2008",9492089,,,,,,Exon 06,c.622C>T,p.(Arg208*),substitution,Nonsense,,,pathogenic,rs119455955,6617040G>A,Sleat et al. 1999,10330339,,,,CLN2
Pa-cln2.013,,IGF032/85_Sleat_1999,cln2.010,p.(Gln66*),,,late infantile,3,CV,Italy,,,"Sleat et al., 1999",10330339,,,,,,Exon 03,c.196C>T,p.(Gln66*),substitution,Nonsense,,,Pathogenic,rs759080581,6618809G>A,Sleat et al. 1999,10330339,,,,CLN2
Pa-cln2.014,,GUS15820_Sleat_1999,cln2.004,c.509-1G>C,,,late infantile,3,CV,Spain / France / England / Ireland / USA,Native American,USA,"Sleat et al., 1999",10330339,,,,,,Intron 05,c.509-1G>C,,substitution,splice acceptor variant,,Acceptor loss 0.96,pathogenic,rs56144125,6617154C>G,Sleat et al. 1999,10330339, g.3556G>C,Described as p.(Phe169*) (Sleat) and p.(Val170Glyfs*29) (Sun et al.2012),,CLN2
Pa-cln2.014,,GUS15820_Sleat_1999,cln2.011,p.(Gln75=),,,late infantile,3,CV,Spain / France / England / Ireland / USA,Native American,USA,"Sleat et al., 1999",10330339,,,,,,Exon 03,c.225A>G,p.(Gln75=),substitution,cryptic splice acceptor variant,potential activation of splicing,,,,6618780T>C,Sleat et al. 1999,10330339,g.1946A>G,"Shown by Helman et al. 2021 to result in the creation of a novel donor splice site and a 5 nt truncation of exon 3, leading to a change in reading frame which is predicted to undergo nonsense mediated decay",,CLN2
Pa-cln2.015,,KEW1_Sleat_1999,cln2.004,c.509-1G>C,,,late infantile,3,CV / GROD,Ireland / USA /  Germany,Native American,,"Sleat et al., 1999",10330339,,,,,,Intron 05,c.509-1G>C,,substitution,splice acceptor variant,,Acceptor loss 0.96,pathogenic,rs56144125,6617154C>G,Sleat et al. 1999,10330339, g.3556G>C,Described as p.(Phe169*) (Sleat) and p.(Val170Glyfs*29) (Sun et al.2012),,CLN2
Pa-cln2.015,,KEW1_Sleat_1999,cln2.012,p.(Gly77Arg),,,late infantile,3,CV / GROD,Ireland / USA /  Germany,Native American,,"Sleat et al., 1999",10330339,,,,,,Exon 03,c.229G>A,p.(Gly77Arg),substitution,Missense,Probably damaging,,pathogenic,rs121908195,6618776C>T,Sleat et al. 1999,10330339,,,,CLN2
Pa-cln2.016,,CABM006_Sleat_1999,cln2.021,p.(Gly389Glu),cln2.033,,late infantile,2.2,FP,,Romany,,"Sleat et al., 1999",10330339,,,,,,Exon 10,c.1166G>A,p.(Gly389Glu),substitution,Missense,Probably damaging,,pathogenic,rs121908199,6615542C>T,Sleat et al. 1999,10330339,,,,CLN2
Pa-cln2.017,,IGF087/79_Sleat_1999,cln2.021,p.(Gly389Glu),cln2.033,,late infantile,3,CV,,Romany,,"Sleat et al., 1999",10330339,,,,,,Exon 10,c.1166G>A,p.(Gly389Glu),substitution,Missense,Probably damaging,,pathogenic,rs121908199,6615542C>T,Sleat et al. 1999,10330339,,,,CLN2
Pa-cln2.018,,BD00224_Sleat_1999,cln2.001,p.(Arg208*),,,late infantile,3,CV,Germany,,,"Sleat et al., 1999",10330339,,,,,,Exon 06,c.622C>T,p.(Arg208*),substitution,Nonsense,,,pathogenic,rs119455955,6617040G>A,Sleat et al. 1999,10330339,,,,CLN2
Pa-cln2.018,,BD00224_Sleat_1999,cln2.013,p.(Ile126Argfs*8),,,late infantile,3,CV,Germany,,,"Sleat et al., 1999",10330339,,,,,,Exon 04,c.377_387del,,deletion,,,,,,6617422_6617629del,Sleat et al. 1999,10330339,g.3081_3091del,"NOT FRAMESHIFT MUTATION. Coding sequence deletions should not cross exon boundaries, See https://variantvalidator.org/recommendations/",,CLN2
Pa-cln2.019,,2740_Sleat_1999,cln2.001,p.(Arg208*),,,late infantile,,,,,,"Sleat et al., 1999",10330339,,,,,,Exon 06,c.622C>T,p.(Arg208*),substitution,Nonsense,,,pathogenic,rs119455955,6617040G>A,Sleat et al. 1999,10330339,,,,CLN2
Pa-cln2.019,,2740_Sleat_1999,cln2.013,p.(Ile126Argfs*8),,,late infantile,,,,,,"Sleat et al., 1999",10330339,,,,,,Exon 04,c.377_387del,,deletion,,,,,,6617422_6617629del,Sleat et al. 1999,10330339,g.3081_3091del,"NOT FRAMESHIFT MUTATION. Coding sequence deletions should not cross exon boundaries, See https://variantvalidator.org/recommendations/",,CLN2
Pa-cln2.020,,CABM011_Sleat_1999,cln2.014,p.(Arg127*),,,late infantile,3,CV,Mexico,,,"Sleat et al., 1999",10330339,,,,,,Exon 04,c.379C>T,p.(Arg127*),substitution,Nonsense,,,pathogenic,rs756564767,6617627G>A,Sleat et al. 1999,10330339,,,,CLN2
Pa-cln2.020,,CABM011_Sleat_1999,cln2.001,p.(Arg208*),,,late infantile,3,CV,Mexico,,,"Sleat et al., 1999",10330339,,,,,,Exon 06,c.622C>T,p.(Arg208*),substitution,Nonsense,,,pathogenic,rs119455955,6617040G>A,Sleat et al. 1999,10330339,,,,CLN2
Pa-cln2.021,,C10516_Sleat_1999,cln2.007,c.509-1G>A,,,late infantile,3.5,CV / FP,England / Scotland,,,"Sleat et al., 1999",10330339,,,,,,Intron 05,c.509-1G>A,,substitution,splice acceptor variant,,Acceptor loss 0.98,pathogenic,rs56144125,6617154C>T,Sleat et al. 1999,10330339, g.3556G>A,Described as splice defect / p.(Gly171Thrfs*5),,CLN2
Pa-cln2.021,,C10516_Sleat_1999,cln2.004,c.509-1G>C,,,late infantile,3.5,CV / FP,England / Scotland,,,"Sleat et al., 1999",10330339,,,,,,Intron 05,c.509-1G>C,,substitution,splice acceptor variant,,Acceptor loss 0.96,pathogenic,rs56144125,6617154C>G,Sleat et al. 1999,10330339, g.3556G>C,Described as p.(Phe169*) (Sleat) and p.(Val170Glyfs*29) (Sun et al.2012),,CLN2
Pa-cln2.022,,DNP1_Sleat_1999,cln2.007,c.509-1G>A,,,late infantile,3,CV,England / The Netherlands,,,"Sleat et al., 1999",10330339,,,,,,Intron 05,c.509-1G>A,,substitution,splice acceptor variant,,Acceptor loss 0.98,pathogenic,rs56144125,6617154C>T,Sleat et al. 1999,10330339, g.3556G>A,Described as splice defect / p.(Gly171Thrfs*5),,CLN2
Pa-cln2.022,,DNP1_Sleat_1999,cln2.004,c.509-1G>C,,,late infantile,3,CV,England / The Netherlands,,,"Sleat et al., 1999",10330339,,,,,,Intron 05,c.509-1G>C,,substitution,splice acceptor variant,,Acceptor loss 0.96,pathogenic,rs56144125,6617154C>G,Sleat et al. 1999,10330339, g.3556G>C,Described as p.(Phe169*) (Sleat) and p.(Val170Glyfs*29) (Sun et al.2012),,CLN2
Pa-cln2.023,,GUS26235__Sleat_1999,cln2.007,c.509-1G>A,,,late infantile,3.5,CV,England / Germany,,,"Sleat et al., 1999",10330339,,,,,,Intron 05,c.509-1G>A,,substitution,splice acceptor variant,,Acceptor loss 0.98,pathogenic,rs56144125,6617154C>T,Sleat et al. 1999,10330339, g.3556G>A,Described as splice defect / p.(Gly171Thrfs*5),,CLN2
Pa-cln2.023,,GUS26235__Sleat_1999,cln2.022,p.(Gln422His),,,late infantile,3.5,CV,England / Germany,,,"Sleat et al., 1999",10330339,,,,,,Exon 10,c.1266G>C,p.(Gln422His),substitution,Missense,Probably damaging,,Pathogenic,rs121908200 ,6615442C>G,Sleat et al. 1999,10330339,,,,CLN2
Pa-cln2.024,,BD00173_Sleat_1999,cln2.004,c.509-1G>C,,,late infantile,3,CV,England / Germany,,,"Sleat et al., 1999",10330339,,,,,,Intron 05,c.509-1G>C,,substitution,splice acceptor variant,,Acceptor loss 0.96,pathogenic,rs56144125,6617154C>G,Sleat et al. 1999,10330339, g.3556G>C,Described as p.(Phe169*) (Sleat) and p.(Val170Glyfs*29) (Sun et al.2012),,CLN2
Pa-cln2.025,,C10557_Sleat_1999,cln2.004,c.509-1G>C,,,late infantile,3,CV,England / Ireland,,,"Sleat et al., 1999",10330339,,,,,,Intron 05,c.509-1G>C,,substitution,splice acceptor variant,,Acceptor loss 0.96,pathogenic,rs56144125,6617154C>G,Sleat et al. 1999,10330339, g.3556G>C,Described as p.(Phe169*) (Sleat) and p.(Val170Glyfs*29) (Sun et al.2012),,CLN2
Pa-cln2.026,,C8878_Sleat_1999,cln2.004,c.509-1G>C,,,late infantile,2.5,CV,Sweden / England / Ireland / Scotland / Norway,,,"Sleat et al., 1999",10330339,,,,,,Intron 05,c.509-1G>C,,substitution,splice acceptor variant,,Acceptor loss 0.96,pathogenic,rs56144125,6617154C>G,Sleat et al. 1999,10330339, g.3556G>C,Described as p.(Phe169*) (Sleat) and p.(Val170Glyfs*29) (Sun et al.2012),,CLN2
Pa-cln2.027,,CABM001_Sleat_1999,cln2.004,c.509-1G>C,,,late infantile,3.5,CV,Germany,,,"Sleat et al., 1999",10330339,,,,,,Intron 05,c.509-1G>C,,substitution,splice acceptor variant,,Acceptor loss 0.96,pathogenic,rs56144125,6617154C>G,Sleat et al. 1999,10330339, g.3556G>C,Described as p.(Phe169*) (Sleat) and p.(Val170Glyfs*29) (Sun et al.2012),,CLN2
Pa-cln2.028,,CABM004_Sleat_1999,cln2.004,c.509-1G>C,,,late infantile,3,CV,Scotland / Ireland,,,"Sleat et al., 1999",10330339,,,,,,Intron 05,c.509-1G>C,,substitution,splice acceptor variant,,Acceptor loss 0.96,pathogenic,rs56144125,6617154C>G,Sleat et al. 1999,10330339, g.3556G>C,Described as p.(Phe169*) (Sleat) and p.(Val170Glyfs*29) (Sun et al.2012),,CLN2
Pa-cln2.029,,CABM009_Sleat_1999,cln2.004,c.509-1G>C,,,late infantile,3.3,CV,England-Ireland / England-Sweden,,,"Sleat et al., 1999",10330339,,,,,,Intron 05,c.509-1G>C,,substitution,splice acceptor variant,,Acceptor loss 0.96,pathogenic,rs56144125,6617154C>G,Sleat et al. 1999,10330339, g.3556G>C,Described as p.(Phe169*) (Sleat) and p.(Val170Glyfs*29) (Sun et al.2012),,CLN2
Pa-cln2.030,,CABM017_Sleat_1999,cln2.004,c.509-1G>C,,,late infantile,3.5,CV,England-Ireland / Germany-India,,,"Sleat et al., 1999",10330339,,,,,,Intron 05,c.509-1G>C,,substitution,splice acceptor variant,,Acceptor loss 0.96,pathogenic,rs56144125,6617154C>G,Sleat et al. 1999,10330339, g.3556G>C,Described as p.(Phe169*) (Sleat) and p.(Val170Glyfs*29) (Sun et al.2012),,CLN2
Pa-cln2.031,,BD00219_Sleat_1999,cln2.004,c.509-1G>C,,,late infantile,3,CV,England,,,"Sleat et al., 1999",10330339,,,,,,Intron 05,c.509-1G>C,,substitution,splice acceptor variant,,Acceptor loss 0.96,pathogenic,rs56144125,6617154C>G,Sleat et al. 1999,10330339, g.3556G>C,Described as p.(Phe169*) (Sleat) and p.(Val170Glyfs*29) (Sun et al.2012),,CLN2
Pa-cln2.031,,BD00219_Sleat_1999,cln2.001,p.(Arg208*),,,late infantile,3,CV,England,,,"Sleat et al., 1999",10330339,,,,,,Exon 06,c.622C>T,p.(Arg208*),substitution,Nonsense,,,pathogenic,rs119455955,6617040G>A,Sleat et al. 1999,10330339,,,,CLN2
Pa-cln2.032,,BD00431_Sleat_1999,cln2.004,c.509-1G>C,,,late infantile,2,CV,Canada,,,"Sleat et al., 1999",10330339,,,,,,Intron 05,c.509-1G>C,,substitution,splice acceptor variant,,Acceptor loss 0.96,pathogenic,rs56144125,6617154C>G,Sleat et al. 1999,10330339, g.3556G>C,Described as p.(Phe169*) (Sleat) and p.(Val170Glyfs*29) (Sun et al.2012),,CLN2
Pa-cln2.032,,BD00431_Sleat_1999,cln2.001,p.(Arg208*),,,late infantile,2,CV,Canada,,,"Sleat et al., 1999",10330339,,,,,,Exon 06,c.622C>T,p.(Arg208*),substitution,Nonsense,,,pathogenic,rs119455955,6617040G>A,Sleat et al. 1999,10330339,,,,CLN2
Pa-cln2.033,,C7153_Sleat_1999,cln2.004,c.509-1G>C,,,late infantile,2,CV,England / Germany,,,"Sleat et al., 1999",10330339,,,,,,Intron 05,c.509-1G>C,,substitution,splice acceptor variant,,Acceptor loss 0.96,pathogenic,rs56144125,6617154C>G,Sleat et al. 1999,10330339, g.3556G>C,Described as p.(Phe169*) (Sleat) and p.(Val170Glyfs*29) (Sun et al.2012),,CLN2
Pa-cln2.033,,C7153_Sleat_1999,cln2.001,p.(Arg208*),,,late infantile,2,CV,England / Germany,,,"Sleat et al., 1999",10330339,,,,,,Exon 06,c.622C>T,p.(Arg208*),substitution,Nonsense,,,pathogenic,rs119455955,6617040G>A,Sleat et al. 1999,10330339,,,,CLN2
Pa-cln2.034,,C9542_Sleat_1999,cln2.004,c.509-1G>C,,,late infantile,2,CV,Germany / Ireland-Scotland,,,"Sleat et al., 1999",10330339,,,,,,Intron 05,c.509-1G>C,,substitution,splice acceptor variant,,Acceptor loss 0.96,pathogenic,rs56144125,6617154C>G,Sleat et al. 1999,10330339, g.3556G>C,Described as p.(Phe169*) (Sleat) and p.(Val170Glyfs*29) (Sun et al.2012),,CLN2
Pa-cln2.034,,C9542_Sleat_1999,cln2.001,p.(Arg208*),,,late infantile,2,CV,Germany / Ireland-Scotland,,,"Sleat et al., 1999",10330339,,,,,,Exon 06,c.622C>T,p.(Arg208*),substitution,Nonsense,,,pathogenic,rs119455955,6617040G>A,Sleat et al. 1999,10330339,,,,CLN2
Pa-cln2.035,,CABM0015_Sleat_1999,cln2.004,c.509-1G>C,,,late infantile,3,CV,Germany -Czech Republic / Canada-USA,Native American,,"Sleat et al., 1999",10330339,,,,,,Intron 05,c.509-1G>C,,substitution,splice acceptor variant,,Acceptor loss 0.96,pathogenic,rs56144125,6617154C>G,Sleat et al. 1999,10330339, g.3556G>C,Described as p.(Phe169*) (Sleat) and p.(Val170Glyfs*29) (Sun et al.2012),,CLN2
Pa-cln2.035,,CABM0015_Sleat_1999,cln2.001,p.(Arg208*),,,late infantile,3,CV,Germany -Czech Republic / Canada-USA,Native American,,"Sleat et al., 1999",10330339,,,,,,Exon 06,c.622C>T,p.(Arg208*),substitution,Nonsense,,,pathogenic,rs119455955,6617040G>A,Sleat et al. 1999,10330339,,,,CLN2
Pa-cln2.036,,CABM002_Sleat_1999,cln2.004,c.509-1G>C,,,late infantile,2.9,CV,Denmark,,,"Sleat et al., 1999",10330339,,,,,,Intron 05,c.509-1G>C,,substitution,splice acceptor variant,,Acceptor loss 0.96,pathogenic,rs56144125,6617154C>G,Sleat et al. 1999,10330339, g.3556G>C,Described as p.(Phe169*) (Sleat) and p.(Val170Glyfs*29) (Sun et al.2012),,CLN2
Pa-cln2.036,,CABM002_Sleat_1999,cln2.001,p.(Arg208*),,,late infantile,2.9,CV,Denmark,,,"Sleat et al., 1999",10330339,,,,,,Exon 06,c.622C>T,p.(Arg208*),substitution,Nonsense,,,pathogenic,rs119455955,6617040G>A,Sleat et al. 1999,10330339,,,,CLN2
Pa-cln2.037,,CABM003_Sleat_1999,cln2.004,c.509-1G>C,,,late infantile,3.8,CV,Northern Europe,,,"Sleat et al., 1999",10330339,,,,,,Intron 05,c.509-1G>C,,substitution,splice acceptor variant,,Acceptor loss 0.96,pathogenic,rs56144125,6617154C>G,Sleat et al. 1999,10330339, g.3556G>C,Described as p.(Phe169*) (Sleat) and p.(Val170Glyfs*29) (Sun et al.2012),,CLN2
Pa-cln2.037,,CABM003_Sleat_1999,cln2.001,p.(Arg208*),,,late infantile,3.8,CV,Northern Europe,,,"Sleat et al., 1999",10330339,,,,,,Exon 06,c.622C>T,p.(Arg208*),substitution,Nonsense,,,pathogenic,rs119455955,6617040G>A,Sleat et al. 1999,10330339,,,,CLN2
Pa-cln2.038,,CABM005_Sleat_1999,cln2.004,c.509-1G>C,,,late infantile,2.3,CV,England / Scotland,,,"Sleat et al., 1999",10330339,,,,,,Intron 05,c.509-1G>C,,substitution,splice acceptor variant,,Acceptor loss 0.96,pathogenic,rs56144125,6617154C>G,Sleat et al. 1999,10330339, g.3556G>C,Described as p.(Phe169*) (Sleat) and p.(Val170Glyfs*29) (Sun et al.2012),,CLN2
Pa-cln2.038,,CABM005_Sleat_1999,cln2.001,p.(Arg208*),,,late infantile,2.3,CV,England / Scotland,,,"Sleat et al., 1999",10330339,,,,,,Exon 06,c.622C>T,p.(Arg208*),substitution,Nonsense,,,pathogenic,rs119455955,6617040G>A,Sleat et al. 1999,10330339,,,,CLN2
Pa-cln2.039,,CABM016_Sleat_1999,cln2.004,c.509-1G>C,,,late infantile,3,CV,England / Ireland / Scotland,,,"Sleat et al., 1999",10330339,,,,,,Intron 05,c.509-1G>C,,substitution,splice acceptor variant,,Acceptor loss 0.96,pathogenic,rs56144125,6617154C>G,Sleat et al. 1999,10330339, g.3556G>C,Described as p.(Phe169*) (Sleat) and p.(Val170Glyfs*29) (Sun et al.2012),,CLN2
Pa-cln2.039,,CABM016_Sleat_1999,cln2.001,p.(Arg208*),,,late infantile,3,CV,England / Ireland / Scotland,,,"Sleat et al., 1999",10330339,,,,,,Exon 06,c.622C>T,p.(Arg208*),substitution,Nonsense,,,pathogenic,rs119455955,6617040G>A,Sleat et al. 1999,10330339,,,,CLN2
Pa-cln2.040,,GUS18769_Sleat_1999,cln2.004,c.509-1G>C,,,late infantile,3,CV,England / Ireland / USA,Native American,,"Sleat et al., 1999",10330339,,,,,,Intron 05,c.509-1G>C,,substitution,splice acceptor variant,,Acceptor loss 0.96,pathogenic,rs56144125,6617154C>G,Sleat et al. 1999,10330339, g.3556G>C,Described as p.(Phe169*) (Sleat) and p.(Val170Glyfs*29) (Sun et al.2012),,CLN2
Pa-cln2.040,,GUS18769_Sleat_1999,cln2.001,p.(Arg208*),,,late infantile,3,CV,England / Ireland / USA,Native American,,"Sleat et al., 1999",10330339,,,,,,Exon 06,c.622C>T,p.(Arg208*),substitution,Nonsense,,,pathogenic,rs119455955,6617040G>A,Sleat et al. 1999,10330339,,,,CLN2
Pa-cln2.041,,GUS26230_Sleat_1999,cln2.004,c.509-1G>C,,,late infantile,,,France / Ireland / Germany,,,"Sleat et al., 1999",10330339,,,,,,Intron 05,c.509-1G>C,,substitution,splice acceptor variant,,Acceptor loss 0.96,pathogenic,rs56144125,6617154C>G,Sleat et al. 1999,10330339, g.3556G>C,Described as p.(Phe169*) (Sleat) and p.(Val170Glyfs*29) (Sun et al.2012),,CLN2
Pa-cln2.041,,GUS26230_Sleat_1999,cln2.001,p.(Arg208*),,,late infantile,,,France / Ireland / Germany,,,"Sleat et al., 1999",10330339,,,,,,Exon 06,c.622C>T,p.(Arg208*),substitution,Nonsense,,,pathogenic,rs119455955,6617040G>A,Sleat et al. 1999,10330339,,,,CLN2
Pa-cln2.042,,C7788_Sleat_1999,cln2.004,c.509-1G>C,,,late infantile,3,CV,Ireland Scotland-England,,,"Sleat et al., 1999",10330339,,,,,,Intron 05,c.509-1G>C,,substitution,splice acceptor variant,,Acceptor loss 0.96,pathogenic,rs56144125,6617154C>G,Sleat et al. 1999,10330339, g.3556G>C,Described as p.(Phe169*) (Sleat) and p.(Val170Glyfs*29) (Sun et al.2012),,CLN2
Pa-cln2.042,,C7788_Sleat_1999,cln2.001,p.(Arg208*),,,late infantile,3,CV,Ireland Scotland-England,,,"Sleat et al., 1999",10330339,,,,,,Exon 06,c.622C>T,p.(Arg208*),substitution,Nonsense,,,pathogenic,rs119455955,6617040G>A,Sleat et al. 1999,10330339,,,,CLN2
Pa-cln2.043,,BD00397_Sleat_1999,cln2.004,c.509-1G>C,,,late infantile,2,CV,England / Scotland,,,"Sleat et al., 1999",10330339,,,,,,Intron 05,c.509-1G>C,,substitution,splice acceptor variant,,Acceptor loss 0.96,pathogenic,rs56144125,6617154C>G,Sleat et al. 1999,10330339, g.3556G>C,Described as p.(Phe169*) (Sleat) and p.(Val170Glyfs*29) (Sun et al.2012),,CLN2
Pa-cln2.043,,BD00397_Sleat_1999,cln2.016,c.887-18A>G,,,late infantile,2,CV,England / Scotland,,,"Sleat et al., 1999",10330339,,,,,,Intron 07,c.887-18A>G,,substitution,splice acceptor variant,,Acceptor gain 0.56,likely pathogenic,rs935526225 ,6616521T>C,Sleat et al. 1999,10330339, g.3556G>C,Described as splice defect / frameshift / p.(Gly296delinsGlyLysLysLysAsnProGly),,CLN2
Pa-cln2.044,,C9801_Sleat_1999,cln2.004,c.509-1G>C,,,late infantile,3,CV,France / Italy,,,"Sleat et al., 1999",10330339,,,,,,Intron 05,c.509-1G>C,,substitution,splice acceptor variant,,Acceptor loss 0.96,pathogenic,rs56144125,6617154C>G,Sleat et al. 1999,10330339, g.3556G>C,Described as p.(Phe169*) (Sleat) and p.(Val170Glyfs*29) (Sun et al.2012),,CLN2
Pa-cln2.044,,C9801_Sleat_1999,cln2.017,p.(Ser324Argfs*2),,,late infantile,3,CV,France / Italy,,,"Sleat et al., 1999",10330339,,,,,,Exon 08,c.972_979del,p.(Ser324Argfs),deletion,frameshift,,,likely pathogenic,rs778232650,g.6616411_6616418del,Sleat et al. 1999,10330339,,,,CLN2
Pa-cln2.045,,CABM007/8_Sleat_1999,cln2.004,c.509-1G>C,,,late infantile,3,,Finland-Sweden-Norway  / England-Scotland,,,"Sleat et al., 1999",10330339,,,,,,Intron 05,c.509-1G>C,,substitution,splice acceptor variant,,Acceptor loss 0.96,pathogenic,rs56144125,6617154C>G,Sleat et al. 1999,10330339, g.3556G>C,Described as p.(Phe169*) (Sleat) and p.(Val170Glyfs*29) (Sun et al.2012),,CLN2
Pa-cln2.045,,CABM007/8_Sleat_1999,cln2.018,p.(Glu343Lys),,,late infantile,3,,Finland-Sweden-Norway  / England-Scotland,,,"Sleat et al., 1999",10330339,,,,,,Exon 08,c.1027G>A,p.(Glu343Lys),substitution,Missense,Probably damaging,,not provided,rs121908197,6616363C>G,Sleat et al. 1999,10330339,,,,CLN2
Pa-cln2.046,,CABM013/14_Sleat_1999,cln2.004,c.509-1G>C,,,late infantile,,,,,,"Sleat et al., 1999",10330339,,,,,,Intron 05,c.509-1G>C,,substitution,splice acceptor variant,,Acceptor loss 0.96,pathogenic,rs56144125,6617154C>G,Sleat et al. 1999,10330339, g.3556G>C,Described as p.(Phe169*) (Sleat) and p.(Val170Glyfs*29) (Sun et al.2012),,CLN2
Pa-cln2.046,,CABM013/14_Sleat_1999,cln2.003,p.(Cys365Tyr),,,late infantile,,,,,,"Sleat et al., 1999",10330339,,,,,,Exon 09,c.1094G>A,p.(Cys365Tyr),substitution,Missense,Probably damaging,,pathogenic/likely pathogenic,rs119455953,6616057C>T,Sleat et al. 1999,10330339,,,,CLN2
Pa-cln2.047,,1932_Sleat_1999,cln2.004,c.509-1G>C,,,late infantile,,,,,,"Sleat et al., 1999",10330339,,,,,,Intron 05,c.509-1G>C,,substitution,splice acceptor variant,,Acceptor loss 0.96,pathogenic,rs56144125,6617154C>G,Sleat et al. 1999,10330339, g.3556G>C,Described as p.(Phe169*) (Sleat) and p.(Val170Glyfs*29) (Sun et al.2012),,CLN2
Pa-cln2.047,,1932_Sleat_1999,cln2.022,p.(Gln422His),,,late infantile,,,,,,"Sleat et al., 1999",10330339,,,,,,Exon 10,c.1266G>C,p.(Gln422His),substitution,Missense,Probably damaging,,Pathogenic,rs121908200 ,6615442C>G,Sleat et al. 1999,10330339,,,,CLN2
Pa-cln2.048,,CABM010_Sleat_1999,cln2.004,c.509-1G>C,,,late infantile,2.8,CV,Denmark,,,"Sleat et al., 1999",10330339,,,,,,Intron 05,c.509-1G>C,,substitution,splice acceptor variant,,Acceptor loss 0.96,pathogenic,rs56144125,6617154C>G,Sleat et al. 1999,10330339, g.3556G>C,Described as p.(Phe169*) (Sleat) and p.(Val170Glyfs*29) (Sun et al.2012),,CLN2
Pa-cln2.048,,CABM010_Sleat_1999,cln2.022,p.(Gln422His),,,late infantile,2.8,CV,Denmark,,,"Sleat et al., 1999",10330339,,,,,,Exon 10,c.1266G>C,p.(Gln422His),substitution,Missense,Probably damaging,,Pathogenic,rs121908200 ,6615442C>G,Sleat et al. 1999,10330339,,,,CLN2
Pa-cln2.049,,KEW2_Sleat_1999,cln2.004,c.509-1G>C,,,juvenile,7,CV / FP,France / Germany / Ireland / Scotland / England,,,"Sleat et al., 1999",10330339,atypical age,,,,,Intron 05,c.509-1G>C,,substitution,splice acceptor variant,,Acceptor loss 0.96,pathogenic,rs56144125,6617154C>G,Sleat et al. 1999,10330339, g.3556G>C,Described as p.(Phe169*) (Sleat) and p.(Val170Glyfs*29) (Sun et al.2012),,CLN2
Pa-cln2.049,,KEW2_Sleat_1999,cln2.006,p.(Arg447His) ,,,juvenile,7,CV / FP,France / Germany / Ireland / Scotland / England,,,"Sleat et al., 1999",10330339,atypical age,,,,,Exon 11,c.1340G>A,p.(Arg447His),substitution,Missense,Probably damaging,,Pathogenic,rs119455956,6615256C>T,Sleat et al. 1999,10330339,,,,CLN2
Pa-cln2.050,,F624/C6824_Sleat_1999,cln2.004,c.509-1G>C,,,late infantile,3,CV / FP,Czech Republic / Ukraine / Wales,,,"Sleat et al., 1999",10330339,,,,,,Intron 05,c.509-1G>C,,substitution,splice acceptor variant,,Acceptor loss 0.96,pathogenic,rs56144125,6617154C>G,Sleat et al. 1999,10330339, g.3556G>C,Described as p.(Phe169*) (Sleat) and p.(Val170Glyfs*29) (Sun et al.2012),,CLN2
Pa-cln2.050,,F624/C6824_Sleat_1999,cln2.024,p.(Ser475Leu),,,late infantile,3,CV / FP,Czech Republic / Ukraine / Wales,,,"Sleat et al., 1999",10330339,,,,,,Exon 11,c.1424C>T,p.(Ser475Leu),substitution,Missense,Probably damaging,,not provided,rs121908202,6615172G>A,Sleat et al. 1999,10330339,,,,CLN2
Pa-cln2.051,,BD00134_Sleat_1999,cln2.001,p.(Arg208*),,,late infantile,2.5,CV,England,,,"Sleat et al., 1999",10330339,,,,,,Exon 06,c.622C>T,p.(Arg208*),substitution,Nonsense,,,pathogenic,rs119455955,6617040G>A,Sleat et al. 1999,10330339,,,,CLN2
Pa-cln2.052,,BD00463_Sleat_1999,cln2.001,p.(Arg208*),,,late infantile,2.9,CV,Poland / Sweden / France / Bohemia,,,"Sleat et al., 1999",10330339,,,,,,Exon 06,c.622C>T,p.(Arg208*),substitution,Nonsense,,,pathogenic,rs119455955,6617040G>A,Sleat et al. 1999,10330339,,,,CLN2
Pa-cln2.053,,C7149_Sleat_1999,cln2.001,p.(Arg208*),,,late infantile,3,CV,Norway / Germany / Poland,,,"Sleat et al., 1999",10330339,,,,,,Exon 06,c.622C>T,p.(Arg208*),substitution,Nonsense,,,pathogenic,rs119455955,6617040G>A,Sleat et al. 1999,10330339,,,,CLN2
Pa-cln2.054,,C8149_Sleat_1999,cln2.001,p.(Arg208*),,,late infantile,3,CV / FP,Poland,,,"Sleat et al., 1999",10330339,,,,,,Exon 06,c.622C>T,p.(Arg208*),substitution,Nonsense,,,pathogenic,rs119455955,6617040G>A,Sleat et al. 1999,10330339,,,,CLN2
Pa-cln2.055,,CABM012_Sleat_1999,cln2.001,p.(Arg208*),,,late infantile,3,,Norway / Germany / Poland,,,"Sleat et al., 1999",10330339,,,,,,Exon 06,c.622C>T,p.(Arg208*),substitution,Nonsense,,,pathogenic,rs119455955,6617040G>A,Sleat et al. 1999,10330339,,,,CLN2
Pa-cln2.056,,C11496_Sleat_1999,cln2.019,c.1075+2T>G,,,late infantile,2,CV,Italy,,,"Sleat et al., 1999",10330339,,,,,,Intron 08,c.1075+2T>G,,substitution,splice donor variant,most probably affecting splicing,Donor loss 0.95; Acceptor loss 0.54,,,6616313A>C,Sleat et al. 1999,10330339,,,,CLN2
Pa-cln2.056,,C11496_Sleat_1999,cln2.001,p.(Arg208*),,,late infantile,2,CV,Italy,,,"Sleat et al., 1999",10330339,,,,,,Exon 06,c.622C>T,p.(Arg208*),substitution,Nonsense,,,pathogenic,rs119455955,6617040G>A,Sleat et al. 1999,10330339,,,,CLN2
Pa-cln2.057,,BD00385_Sleat_1999,cln2.001,p.(Arg208*),,,late infantile,3,CV / FP,England / Germany / Hungary / Poland / Russia,,,"Sleat et al., 1999",10330339,,,,,,Exon 06,c.622C>T,p.(Arg208*),substitution,Nonsense,,,pathogenic,rs119455955,6617040G>A,Sleat et al. 1999,10330339,,,,CLN2
Pa-cln2.057,,BD00385_Sleat_1999,cln2.020,p.(Val385Asp),,,late infantile,3,CV / FP,England / Germany / Hungary / Poland / Russia,,,"Sleat et al., 1999",10330339,,,,,,Exon 10,c.1154T>A,p.(Val385Asp),substitution,Missense,Probably damaging,,not provided,rs121908198,6615554A>T,Sleat et al. 1999,10330339,,,,CLN2
Pa-cln2.058,,BD00271_Sleat_1999,cln2.001,p.(Arg208*),,,late infantile,3,CV,Poland / Germany,,,"Sleat et al., 1999",10330339,,,,,,Exon 06,c.622C>T,p.(Arg208*),substitution,Nonsense,,,pathogenic,rs119455955,6617040G>A,Sleat et al. 1999,10330339,,,,CLN2
Pa-cln2.058,,BD00271_Sleat_1999,cln2.022,p.(Gln422His,,,late infantile,3,CV,Poland / Germany,,,"Sleat et al., 1999",10330339,,,,,,Exon 10,c.1266G>C,p.(Gln422His),substitution,Missense,Probably damaging,,Pathogenic,rs121908200 ,6615442C>G,Sleat et al. 1999,10330339,,,,CLN2
Pa-cln2.059,,C11571_Sleat_1999,cln2.001,p.(Arg208*),,,late infantile,3,CV,Mexico,,,"Sleat et al., 1999",10330339,,,,,,Exon 06,c.622C>T,p.(Arg208*),substitution,Nonsense,,,pathogenic,rs119455955,6617040G>A,Sleat et al. 1999,10330339,,,,CLN2
Pa-cln2.059,,C11571_Sleat_1999,cln2.022,p.(Gln422His,,,late infantile,3,CV,Mexico,,,"Sleat et al., 1999",10330339,,,,,,Exon 10,c.1266G>C,p.(Gln422His),substitution,Missense,Probably damaging,,Pathogenic,rs121908200 ,6615442C>G,Sleat et al. 1999,10330339,,,,CLN2
Pa-cln2.060,,KEW3_Sleat_1999,cln2.001,p.(Arg208*),,,late infantile,2.5,CV,England / Ireland,,,"Sleat et al., 1999",10330339,,,,,,Exon 06,c.622C>T,p.(Arg208*),substitution,Nonsense,,,pathogenic,rs119455955,6617040G>A,Sleat et al. 1999,10330339,,,,CLN2
Pa-cln2.060,,KEW3_Sleat_1999,cln2.022,p.(Gln422His,,,late infantile,2.5,CV,England / Ireland,,,"Sleat et al., 1999",10330339,,,,,,Exon 10,c.1266G>C,p.(Gln422His),substitution,Missense,Probably damaging,,Pathogenic,rs121908200 ,6615442C>G,Sleat et al. 1999,10330339,,,,CLN2
Pa-cln2.061,,ANS1_Sleat_1999,cln2.001,p.(Arg208*),,,juvenile,8,CV / FP,Germany / Ireland / Poland / England,,,"Sleat et al., 1999",10330339,atypical age,,,,,Exon 06,c.622C>T,p.(Arg208*),substitution,Nonsense,,,pathogenic,rs119455955,6617040G>A,Sleat et al. 1999,10330339,,,,CLN2
Pa-cln2.061,,ANS1_Sleat_1999,cln2.006,p.(Arg447His),,,juvenile,8,CV / FP,Germany / Ireland / Poland / England,,,"Sleat et al., 1999",10330339,atypical age,,,,,Exon 11,c.1340G>A,p.(Arg447His),substitution,Missense,Probably damaging,,Pathogenic,rs119455956,6615256C>T,Sleat et al. 1999,10330339,,,,CLN2
Pa-cln2.062,,GUS26252_Sleat_1999,cln2.025,c.1552-1G>C,,,,,,,,,"Sleat et al., 1999",10330339,,,,,,Intron 12,c.1552-1G>C,,substitution,splice acceptor variant,most probably affecting splicing,Acceptor loss 0.84,,rs1057516511,6614687C>G,Sleat et al. 1999,10330339,g.6025G>C,rs1057516511 G>A mutation also described: likely pathogenic,,CLN2
Pa-cln2.062,,GUS26252_Sleat_1999,cln2.001,p.(Arg208*),,,,,,,,,"Sleat et al., 1999",10330339,,,,,,Exon 06,c.622C>T,p.(Arg208*),substitution,Nonsense,,,pathogenic,rs119455955,6617040G>A,Sleat et al. 1999,10330339,,,,CLN2
Pa-cln2.063,,GM09404_Sleat_1999,,not identified,,,,,,,,,"Sleat et al., 1999",10330339,,,,,,,,,,,,,,,,,,,,,CLN2
Pa-cln2.063,,GM09404_Sleat_1999,cln2.015,p.(Ile287Asn),,,,,,,,,"Sleat et al., 1999",10330339,,,,,,Exon 07,c.860T>A,p.(Ile287Asn),substitution,Missense,Probably damaging,,not provided,rs121908196,6616687A>T,Sleat et al. 1999,10330339,,,,CLN2
Pa-cln2.064,,IGF056/87_Sleat_1999,cln2.017,p.(Ser324Argfs*2),,,late infantile,3,CV,Italy,,,"Sleat et al., 1999",10330339,,,,,,Exon 08,c.972_979del,p.(Ser324Argfs),deletion,frameshift,,,likely pathogenic,rs778232650,g.6616411_6616418del,Sleat et al. 1999,10330339,,,,CLN2
Pa-cln2.064,,IGF056/87_Sleat_1999,cln2.017,p.(Ser324Argfs*2)),,,late infantile,3,CV,Italy,,,"Sleat et al., 1999",10330339,,,,,,Exon 08,c.972_979del,p.(Ser324Argfs),deletion,frameshift,,,likely pathogenic,rs778232650,g.6616411_6616418del,Sleat et al. 1999,10330339,,,,CLN2
Pa-cln2.065,,GUS23717_Sleat_1999,cln2.018,p.(Glu343Lys),,,late infantile,3.5,CV,England,,,"Sleat et al., 1999",10330339,,,,,,Exon 08,c.1027G>A,p.(Glu343Lys),substitution,Missense,Probably damaging,,not provided,rs121908197,6616363C>G,Sleat et al. 1999,10330339,,,,CLN2
Pa-cln2.066,,WG308_Sleat_1999,cln2.002,p.(Cys365Arg),,,late infantile,,,,,,"Sleat et al., 1999",10330339,,,,,,Exon 09,c.1093T>C,p.(Cys365Arg),substitution,Missense,Probably damaging,,pathogenic,rs119455953,6616057A>G,Sleat et al. 1999,10330339,,,,CLN2
Pa-cln2.066,,WG308_Sleat_1999,cln2.026,p.(Gln534Profs*74),,,late infantile,,,,,,"Sleat et al., 1999",10330339,,,,,,Exon 13,c.1595dup,p.(Gln534Profs*74),duplication,frameshift,,,,,6614643dup,Sleat et al. 1999,10330339,,,,CLN2
Pa-cln2.067,,WG305_Sleat_1999,cln2.003,p.(Cys365Tyr),,,late infantile,,,,,,"Sleat et al., 1999",10330339,,,,,,Exon 09,c.1094G>A,p.(Cys365Tyr),substitution,Missense,Probably damaging,,pathogenic/likely pathogenic,rs119455953,6616057C>T,Sleat et al. 1999,10330339,,,,CLN2
Pa-cln2.068,,DNP2_Sleat_1999,cln2.023,p.(Ala454Glu),,,late infantile,,,,,,"Sleat et al., 1999",10330339,,,,,,Exon 11,c.1361C>A,p.(Ala454Glu),substitution,Missense,Probably damaging,,not provided,rs121908201,6615235G>T,Sleat et al. 1999,10330339,,,,CLN2
Pa-cln2.068,,DNP2_Sleat_1999,cln2.003,p.(Cys365Tyr),,,late infantile,,,,,,"Sleat et al., 1999",10330339,,,,,,Exon 09,c.1094G>A,p.(Cys365Tyr),substitution,Missense,Probably damaging,,pathogenic/likely pathogenic,rs119455953,6616057C>T,Sleat et al. 1999,10330339,,,,CLN2
Pa-cln2.069,,C9538_Sleat_1999,cln2.022,p.(Gln422His,,,late infantile,2.5,CV,Spain,,,"Sleat et al., 1999",10330339,,,,,,Exon 10,c.1266G>C,p.(Gln422His),substitution,Missense,Probably damaging,,Pathogenic,rs121908200 ,6615442C>G,Sleat et al. 1999,10330339,,,,CLN2
Pa-cln2.070,,BD00284_Sleat_1999,cln2.027,p.(Leu560Thrfs*47),,,late infantile,3,CV,Romania / Canada,,,"Sleat et al., 1999",10330339,,,,,,Exon 13,c.1678_1679del,p.(Leu560Thrfs*47),deletion,frameshift,,,,,6614559_6614560del,Sleat et al. 1999,10330339,,,,CLN2
Pa-cln2.071,,KEW4_Sleat_1999,,not identified,,,late infantile,0.8,CV / GROD,,Hispanic,,"Sleat et al., 1999",10330339,atypical age,,,,,,,,,,,,,,,,,,,,CLN2
Pa-cln2.072,,GUS16766_Sleat_1999,,not identified,,,late infantile,,,Middle East,,,"Sleat et al., 1999",10330339,,,,,,,,,,,,,,,,,,,,,CLN2
Pa-cln2.073,,1107_Harikainen_1999,cln2.007,c.509-1G>A,,,late infantile,3.5,CV / FP,UK / Ireland ,,,"Hartikainen et al., 1999",10356316,,,,,,Intron 05,c.509-1G>A,,substitution,splice acceptor variant,,Acceptor loss 0.98,pathogenic,rs56144125,6617154C>T,Sleat et al. 1999,10330339, g.3556G>A,Described as splice defect / p.(Gly171Thrfs*5),,CLN2
Pa-cln2.073,,1107_Harikainen_1999,cln2.004,c.509-1G>C,,,late infantile,3.5,CV / FP,UK / Ireland ,,,"Hartikainen et al., 1999",10356316,,,,,,Intron 05,c.509-1G>C,,substitution,splice acceptor variant,,Acceptor loss 0.96,pathogenic,rs56144125,6617154C>G,Sleat et al. 1999,10330339, g.3556G>C,Described as p.(Phe169*) (Sleat) and p.(Val170Glyfs*29) (Sun et al.2012),,CLN2
Pa-cln2.074,,1077_Harikainen_1999,cln2.007,c.509-1G>A,,,juvenile,7,CV / FP,Lebanon,,,"Hartikainen et al., 1999",10356316,,,,,,Intron 05,c.509-1G>A,,substitution,splice acceptor variant,,Acceptor loss 0.98,pathogenic,rs56144125,6617154C>T,Sleat et al. 1999,10330339, g.3556G>A,Described as splice defect / p.(Gly171Thrfs*5),,CLN2
Pa-cln2.074,,1077_Harikainen_1999,cln2.122,uncharacterised 5' rearrangement resulting in insertion of intron sequences and frameshift,,,juvenile,7,CV / FP,Lebanon,,,"Hartikainen et al., 1999",10356316,,,,,,,uncharacterised 5' rearrangement resulting in insertion of intron sequences and frameshift,,,frameshift,,,,,,"Hartikainen et al., Mol Genet Metab;1999",10356316,,,,CLN2
Pa-cln2.075,,1_Zhong_2000,cln2.001,p.(Arg208*),,,late infantile,2-2.5,CV,USA,,,"Zhong et al., 2000",11339651,,,,,,Exon 06,c.622C>T,p.(Arg208*),substitution,Nonsense,,,pathogenic,rs119455955,6617040G>A,Sleat et al. 1999,10330339,,,,CLN2
Pa-cln2.075,,1_Zhong_2000,cln2.057,p.(Gly473Arg),,,late infantile,2-2.5,CV,USA,,,"Zhong et al., 2000",11339651,,,,,,Exon 11,c.1417G>A,p.(Gly473Arg),substitution,Missense,Probably damaging,,not provided,rs121908203,6615179C>T,Lam et al. 2001,11241479,,,,CLN2
Pa-cln2.076,,2_Zhong_2000,cln2.104,c.381-2A>G,,,late infantile,3,CV,USA,,,"Zhong et al., 2000",11339651,,,,,,Intron 04,c.381-2A>G,,substitution,splice acceptor variant,splice acceptor variant,Acceptor loss 0.95; acceptor gain 0.64,likely pathogenic,,6617430T>C,Zhong et al. 2000,11339651,,,,CLN2
Pa-cln2.076,,2_Zhong_2000,cln2.001,p.(Arg208*),,,late infantile,3,CV,USA,,,"Zhong et al., 2000",11339651,,,,,,Exon 06,c.622C>T,p.(Arg208*),substitution,Nonsense,,,pathogenic,rs119455955,6617040G>A,Sleat et al. 1999,10330339,,,,CLN2
Pa-cln2.077,,3_Zhong_2000,cln2.004,c.509-1G>C,,,late infantile,4,CV,USA,,,"Zhong et al., 2000",11339651,,,,,,Intron 05,c.509-1G>C,,substitution,splice acceptor variant,,Acceptor loss 0.96,pathogenic,rs56144125,6617154C>G,Sleat et al. 1999,10330339, g.3556G>C,Described as p.(Phe169*) (Sleat) and p.(Val170Glyfs*29) (Sun et al.2012),,CLN2
Pa-cln2.077,,3_Zhong_2000,cln2.056,p.(Trp460*),,,late infantile,4,CV,USA,,,"Zhong et al., 2000",11339651,,,,,,Exon 11,c.1379G>A,p.(Trp460*),substitution,Nonsense,,,Pathogenic/likely pathogenic,rs786204753,6615217C>T,Zhong et al. 2000,11339651,,,,CLN2
Pa-cln2.078,,4_Zhong_2000,cln2.004,c.509-1G>C,,,late infantile,3,CV,USA,,,"Zhong et al., 2000",11339651,,,,,,Intron 05,c.509-1G>C,,substitution,splice acceptor variant,,Acceptor loss 0.96,pathogenic,rs56144125,6617154C>G,Sleat et al. 1999,10330339, g.3556G>C,Described as p.(Phe169*) (Sleat) and p.(Val170Glyfs*29) (Sun et al.2012),,CLN2
Pa-cln2.078,,4_Zhong_2000,cln2.058,p.(Pro544Ser),,,late infantile,3,CV,USA,,,"Zhong et al., 2000",11339651,,,,,,Exon 13,c.1630C>T,p.(Pro544Ser),substitution,Missense,Probably damaging,,not provided,rs121908210,6614608G>A,Zhong et al. 2000,11339651,,not p.Ala555Pro as originally published,,CLN2
Pa-cln2.079,,5_Zhong_2000,cln2.004,c.509-1G>C,,,late infantile,2-2.5,,USA,,,"Zhong et al., 2000",11339651,,,,,,Intron 05,c.509-1G>C,,substitution,splice acceptor variant,,Acceptor loss 0.96,pathogenic,rs56144125,6617154C>G,Sleat et al. 1999,10330339, g.3556G>C,Described as p.(Phe169*) (Sleat) and p.(Val170Glyfs*29) (Sun et al.2012),,CLN2
Pa-cln2.079,,5_Zhong_2000,cln2.054,p.(Gly284Val),,,late infantile,2-2.5,,USA,,,"Zhong et al., 2000",11339651,,,,,,Exon 07,c.851G>T,p.(Gly284Val),substitution,Missense,Probably damaging,,pathogenic,rs119455957,6616696C>A,Zhong et al. 2000,11339651,,,,CLN2
Pa-cln2.080,,6_Zhong_2000,cln2.004,c.509-1G>C,,,late infantile,2,CV,USA,,,"Zhong et al., 2000",11339651,,,,,,Intron 05,c.509-1G>C,,substitution,splice acceptor variant,,Acceptor loss 0.96,pathogenic,rs56144125,6617154C>G,Sleat et al. 1999,10330339, g.3556G>C,Described as p.(Phe169*) (Sleat) and p.(Val170Glyfs*29) (Sun et al.2012),,CLN2
Pa-cln2.080,,6_Zhong_2000,cln2.051,p.(Leu120Serfs*18),,,late infantile,2,CV,USA,,,"Zhong et al., 2000",11339651,,,,,,Exon 04,c.357dup,p.(Leu120Serfs*18),duplication,frameshift,,,,,6617649dup,Zhong et al. 2000,11339651,,,,CLN2
Pa-cln2.081,,7_Zhong_2000,cln2.004,c.509-1G>C,,,late infantile,4,CV / FP / GROD,USA,,,"Zhong et al., 2000",11339651,,,,,,Intron 05,c.509-1G>C,,substitution,splice acceptor variant,,Acceptor loss 0.96,pathogenic,rs56144125,6617154C>G,Sleat et al. 1999,10330339, g.3556G>C,Described as p.(Phe169*) (Sleat) and p.(Val170Glyfs*29) (Sun et al.2012),,CLN2
Pa-cln2.081,,7_Zhong_2000,cln2.052,p.(Arg127Gln),,,late infantile,4,CV / FP / GROD,USA,,,"Zhong et al., 2000",11339651,,,,,,Exon 04,c.380G>A,p.(Arg127Gln),substitution,Missense,Benign,,pathogenic,rs121908204,6617626C>T,Zhong et al. 2000,11339651,,,,CLN2
Pa-cln2.082,,1_Simonati_2000,cln2.001,p.(Arg208*),,,late infantile,0.33,CV,Italy,,,"Simonati et al., 2000",11071145,atypical age,,,,,Exon 06,c.622C>T,p.(Arg208*),substitution,Nonsense,,,pathogenic,rs119455955,6617040G>A,Sleat et al. 1999,10330339,,,,CLN2
Pa-cln2.083,,1_Berry-Kravis_2000,cln2.004,c.509-1G>C,,,late infantile,3.5,CV,Europe / USA,Native American,,"Berry-Kravis et al., 2000",10665500,,,,,,Intron 05,c.509-1G>C,,substitution,splice acceptor variant,,Acceptor loss 0.96,pathogenic,rs56144125,6617154C>G,Sleat et al. 1999,10330339, g.3556G>C,Described as p.(Phe169*) (Sleat) and p.(Val170Glyfs*29) (Sun et al.2012),,CLN2
Pa-cln2.083,,1_Berry-Kravis_2000,cln2.001,p.(Arg208*),,,late infantile,3.5,CV,Europe / USA,Native American,,"Berry-Kravis et al., 2000",10665500,,,,,,Exon 06,c.622C>T,p.(Arg208*),substitution,Nonsense,,,pathogenic,rs119455955,6617040G>A,Sleat et al. 1999,10330339,,,,CLN2
Pa-cln2.084,,2_Berry-Kravis_2000,cln2.041,p.(Arg206Cys),,,late infantile,3,CV,Turkey,,,"Berry-Kravis et al., 2000",10665500,,,,,,Exon 06,c.616C>T,p.(Arg206Cys),substitution,Missense,Probably damaging,,pathogenic,rs28940573,6617046G>A,Kousi et al. 2012,10665500,,,,CLN2
Pa-cln2.085,,1_Tessa_2000,cln2.045,p.(Gln509*),cln2.033,,late infantile,3.5,CV,Italy,,,"Tessa et al., 2000",10862088,,,,,,Exon 12,c.1525C>T,p.(Gln509*),substitution,Nonsense,,,,,6614892G>A,"Caillaud et al., Hum Genet 65 suppl A232; 1999",,,,,CLN2
Pa-cln2.086,REL01,2_Tessa_2000,cln2.001,p.(Arg208*),rs147191379,,late infantile,3,CV / FP,Italy,,,"Tessa et al., 2000",10862088,,,,,,Exon 06,c.622C>T,p.(Arg208*),substitution,Nonsense,,,pathogenic,rs119455955,6617040G>A,Sleat et al. 1999,10330339,,,,CLN2
Pa-cln2.086,REL01,2_Tessa_2000,cln2.045,p.(Gln509*),rs147191379,,late infantile,3,CV / FP,Italy,,,"Tessa et al., 2000",10862088,,,,,,Exon 12,c.1525C>T,p.(Gln509*),substitution,Nonsense,,,,,6614892G>A,"Caillaud et al., Hum Genet 65 suppl A232; 1999",,,,,CLN2
Pa-cln2.087,REL01,3_Tessa_2000,cln2.001,p.(Arg208*),,,late infantile,3.5,CV / FP,Italy,,,"Tessa et al., 2000",10862088,,,,,,Exon 06,c.622C>T,p.(Arg208*),substitution,Nonsense,,,pathogenic,rs119455955,6617040G>A,Sleat et al. 1999,10330339,,,,CLN2
Pa-cln2.087,REL01,3_Tessa_2000,cln2.045,p.(Gln509*),,,late infantile,3.5,CV / FP,Italy,,,"Tessa et al., 2000",10862088,,,,,,Exon 12,c.1525C>T,p.(Gln509*),substitution,Nonsense,,,,,6614892G>A,"Caillaud et al., Hum Genet 65 suppl A232; 1999",,,,,CLN2
Pa-cln2.088,,1_Lam_2001,cln2.057,p.(Gly473Arg),,,late infantile,2,CV,China,,,"Lam et al., 2001",11241479,,,,,,Exon 11,c.1417G>A,p.(Gly473Arg),substitution,Missense,Probably damaging,,not provided,rs121908203,6615179C>T,Lam et al. 2001,11241479,,,,CLN2
Pa-cln2.088,,1_Lam_2001,cln2.059,p.(Ser62Glyfs*25),,,late infantile,2,CV,China,,,"Lam et al., 2001",11241479,,,,,,Exon 03,c.184_185del,p.(Ser62Glyfs*25),deletion,frameshift,,,Pathogenic/likely pathogenic,rs1554902216,6618820_6618821del,Lam et al. 2001,11241479,,,,CLN2
Pa-cln2.089,,1_Steinfeld_2002,cln2.004,c.509-1G>C,rs764922748,,late infantile,,CV,Germany,,,"Steinfeld et al., 2002",12376936,,,,,,Intron 05,c.509-1G>C,,substitution,splice acceptor variant,,Acceptor loss 0.96,pathogenic,rs56144125,6617154C>G,Sleat et al. 1999,10330339, g.3556G>C,Described as p.(Phe169*) (Sleat) and p.(Val170Glyfs*29) (Sun et al.2012),,CLN2
Pa-cln2.089,,1_Steinfeld_2002,cln2.001,p.(Arg208*),rs764922748,,late infantile,,CV,Germany,,,"Steinfeld et al., 2002",12376936,,,,,,Exon 06,c.622C>T,p.(Arg208*),substitution,Nonsense,,,pathogenic,rs119455955,6617040G>A,Sleat et al. 1999,10330339,,,,CLN2
Pa-cln2.090,,2_Steinfeld_2002,cln2.001,p.(Arg208*),rs764922748,,late infantile,,CV,Germany,,,"Steinfeld et al., 2002",12376936,,,,,,Exon 06,c.622C>T,p.(Arg208*),substitution,Nonsense,,,pathogenic,rs119455955,6617040G>A,Sleat et al. 1999,10330339,,,,CLN2
Pa-cln2.091,,3_Steinfeld_2002,cln2.001,p.(Arg208*),rs764922748,,late infantile,,CV,Germany,,,"Steinfeld et al., 2002",12376936,,,,,,Exon 06,c.622C>T,p.(Arg208*),substitution,Nonsense,,,pathogenic,rs119455955,6617040G>A,Sleat et al. 1999,10330339,,,,CLN2
Pa-cln2.092,,4_Steinfeld_2002,cln2.001,p.(Arg208*),rs764922748,,late infantile,,CV,Germany,,,"Steinfeld et al., 2002",12376936,,,,,,Exon 06,c.622C>T,p.(Arg208*),substitution,Nonsense,,,pathogenic,rs119455955,6617040G>A,Sleat et al. 1999,10330339,,,,CLN2
Pa-cln2.093,,5_Steinfeld_2002,cln2.004,c.509-1G>C,rs764922748,,late infantile,,CV,Germany,,,"Steinfeld et al., 2002",12376936,,,,,,Intron 05,c.509-1G>C,,substitution,splice acceptor variant,,Acceptor loss 0.96,pathogenic,rs56144125,6617154C>G,Sleat et al. 1999,10330339, g.3556G>C,Described as p.(Phe169*) (Sleat) and p.(Val170Glyfs*29) (Sun et al.2012),,CLN2
Pa-cln2.094,,6_Steinfeld_2002,cln2.001,p.(Arg208*),rs764922748,,late infantile,,CV,Germany,,,"Steinfeld et al., 2002",12376936,,,,,,Exon 06,c.622C>T,p.(Arg208*),substitution,Nonsense,,,pathogenic,rs119455955,6617040G>A,Sleat et al. 1999,10330339,,,,CLN2
Pa-cln2.095,,7_Steinfeld_2002,cln2.004,c.509-1G>C,rs764922748,,late infantile,,CV,Germany,,,"Steinfeld et al., 2002",12376936,,,,,,Intron 05,c.509-1G>C,,substitution,splice acceptor variant,,Acceptor loss 0.96,pathogenic,rs56144125,6617154C>G,Sleat et al. 1999,10330339, g.3556G>C,Described as p.(Phe169*) (Sleat) and p.(Val170Glyfs*29) (Sun et al.2012),,CLN2
Pa-cln2.095,,7_Steinfeld_2002,cln2.001,p.(Arg208*),rs764922748,,late infantile,,CV,Germany,,,"Steinfeld et al., 2002",12376936,,,,,,Exon 06,c.622C>T,p.(Arg208*),substitution,Nonsense,,,pathogenic,rs119455955,6617040G>A,Sleat et al. 1999,10330339,,,,CLN2
Pa-cln2.096,,8_Steinfeld_2002,cln2.004,c.509-1G>C,rs764922748,,late infantile,,CV,Germany,,,"Steinfeld et al., 2002",12376936,,,,,,Intron 05,c.509-1G>C,,substitution,splice acceptor variant,,Acceptor loss 0.96,pathogenic,rs56144125,6617154C>G,Sleat et al. 1999,10330339, g.3556G>C,Described as p.(Phe169*) (Sleat) and p.(Val170Glyfs*29) (Sun et al.2012),,CLN2
Pa-cln2.096,,8_Steinfeld_2002,cln2.001,p.(Arg208*),rs764922748,,late infantile,,CV,Germany,,,"Steinfeld et al., 2002",12376936,,,,,,Exon 06,c.622C>T,p.(Arg208*),substitution,Nonsense,,,pathogenic,rs119455955,6617040G>A,Sleat et al. 1999,10330339,,,,CLN2
Pa-cln2.097,,9_Steinfeld_2002,cln2.004,c.509-1G>C,rs764922748,,late infantile,,CV,Germany,,,"Steinfeld et al., 2002",12376936,,,,,,Intron 05,c.509-1G>C,,substitution,splice acceptor variant,,Acceptor loss 0.96,pathogenic,rs56144125,6617154C>G,Sleat et al. 1999,10330339, g.3556G>C,Described as p.(Phe169*) (Sleat) and p.(Val170Glyfs*29) (Sun et al.2012),,CLN2
Pa-cln2.097,,9_Steinfeld_2002,cln2.001,p.(Arg208*),rs764922748,,late infantile,,CV,Germany,,,"Steinfeld et al., 2002",12376936,,,,,,Exon 06,c.622C>T,p.(Arg208*),substitution,Nonsense,,,pathogenic,rs119455955,6617040G>A,Sleat et al. 1999,10330339,,,,CLN2
Pa-cln2.098,,10_Steinfeld_2002,cln2.004,c.509-1G>C,rs764922748,,late infantile,,CV,Germany,,,"Steinfeld et al., 2002",12376936,,,,,,Intron 05,c.509-1G>C,,substitution,splice acceptor variant,,Acceptor loss 0.96,pathogenic,rs56144125,6617154C>G,Sleat et al. 1999,10330339, g.3556G>C,Described as p.(Phe169*) (Sleat) and p.(Val170Glyfs*29) (Sun et al.2012),,CLN2
Pa-cln2.098,,10_Steinfeld_2002,cln2.001,p.(Arg208*),rs764922748,,late infantile,,CV,Germany,,,"Steinfeld et al., 2002",12376936,,,,,,Exon 06,c.622C>T,p.(Arg208*),substitution,Nonsense,,,pathogenic,rs119455955,6617040G>A,Sleat et al. 1999,10330339,,,,CLN2
Pa-cln2.099,,11_Steinfeld_2002,cln2.004,c.509-1G>C,rs764922748,,late infantile,,CV,Germany,,,"Steinfeld et al., 2002",12376936,,,,,,Intron 05,c.509-1G>C,,substitution,splice acceptor variant,,Acceptor loss 0.96,pathogenic,rs56144125,6617154C>G,Sleat et al. 1999,10330339, g.3556G>C,Described as p.(Phe169*) (Sleat) and p.(Val170Glyfs*29) (Sun et al.2012),,CLN2
Pa-cln2.099,,11_Steinfeld_2002,cln2.001,p.(Arg208*),rs764922748,,late infantile,,CV,Germany,,,"Steinfeld et al., 2002",12376936,,,,,,Exon 06,c.622C>T,p.(Arg208*),substitution,Nonsense,,,pathogenic,rs119455955,6617040G>A,Sleat et al. 1999,10330339,,,,CLN2
Pa-cln2.100,,12_Steinfeld_2002,cln2.004,c.509-1G>C,rs764922748,,late infantile,,CV,Germany,,,"Steinfeld et al., 2002",12376936,,,,,,Intron 05,c.509-1G>C,,substitution,splice acceptor variant,,Acceptor loss 0.96,pathogenic,rs56144125,6617154C>G,Sleat et al. 1999,10330339, g.3556G>C,Described as p.(Phe169*) (Sleat) and p.(Val170Glyfs*29) (Sun et al.2012),,CLN2
Pa-cln2.100,,12_Steinfeld_2002,cln2.001,p.(Arg208*),rs764922748,,late infantile,,CV,Germany,,,"Steinfeld et al., 2002",12376936,,,,,,Exon 06,c.622C>T,p.(Arg208*),substitution,Nonsense,,,pathogenic,rs119455955,6617040G>A,Sleat et al. 1999,10330339,,,,CLN2
Pa-cln2.101,,13_Steinfeld_2002,cln2.001,p.(Arg208*),rs764922748,,late infantile,,CV,Germany,,,"Steinfeld et al., 2002",12376936,,,,,,Exon 06,c.622C>T,p.(Arg208*),substitution,Nonsense,,,pathogenic,rs119455955,6617040G>A,Sleat et al. 1999,10330339,,,,CLN2
Pa-cln2.102,,14_Steinfeld_2002,cln2.001,p.(Arg208*),rs764922748,,late infantile,,CV,Germany,,,"Steinfeld et al., 2002",12376936,,,,,,Exon 06,c.622C>T,p.(Arg208*),substitution,Nonsense,,,pathogenic,rs119455955,6617040G>A,Sleat et al. 1999,10330339,,,,CLN2
Pa-cln2.103,,15_Steinfeld_2002,cln2.004,c.509-1G>C,rs764922748,,late infantile,,CV,Germany,,,"Steinfeld et al., 2002",12376936,,,,,,Intron 05,c.509-1G>C,,substitution,splice acceptor variant,,Acceptor loss 0.96,pathogenic,rs56144125,6617154C>G,Sleat et al. 1999,10330339, g.3556G>C,Described as p.(Phe169*) (Sleat) and p.(Val170Glyfs*29) (Sun et al.2012),,CLN2
Pa-cln2.103,,15_Steinfeld_2002,cln2.001,p.(Arg208*),rs764922748,,late infantile,,CV,Germany,,,"Steinfeld et al., 2002",12376936,,,,,,Exon 06,c.622C>T,p.(Arg208*),substitution,Nonsense,,,pathogenic,rs119455955,6617040G>A,Sleat et al. 1999,10330339,,,,CLN2
Pa-cln2.104,,16_Steinfeld_2002,cln2.004,c.509-1G>C,rs764922748,,late infantile,,CV,Germany,,,"Steinfeld et al., 2002",12376936,,,,,,Intron 05,c.509-1G>C,,substitution,splice acceptor variant,,Acceptor loss 0.96,pathogenic,rs56144125,6617154C>G,Sleat et al. 1999,10330339, g.3556G>C,Described as p.(Phe169*) (Sleat) and p.(Val170Glyfs*29) (Sun et al.2012),,CLN2
Pa-cln2.104,,16_Steinfeld_2002,cln2.001,p.(Arg208*),rs764922748,,late infantile,,CV,Germany,,,"Steinfeld et al., 2002",12376936,,,,,,Exon 06,c.622C>T,p.(Arg208*),substitution,Nonsense,,,pathogenic,rs119455955,6617040G>A,Sleat et al. 1999,10330339,,,,CLN2
Pa-cln2.105,,17_Steinfeld_2002,cln2.004,c.509-1G>C,rs764922748,,late infantile,,CV,Germany,,,"Steinfeld et al., 2002",12376936,,,,,,Intron 05,c.509-1G>C,,substitution,splice acceptor variant,,Acceptor loss 0.96,pathogenic,rs56144125,6617154C>G,Sleat et al. 1999,10330339, g.3556G>C,Described as p.(Phe169*) (Sleat) and p.(Val170Glyfs*29) (Sun et al.2012),,CLN2
Pa-cln2.105,,17_Steinfeld_2002,cln2.064,p.(Thr353Pro),rs764922748,,late infantile,,CV,Germany,,,"Steinfeld et al., 2002",12376936,,,,,,Exon 08,c.1057A>C,p.(Thr353Pro),substitution,Missense,Probably damaging,,not provided,rs121908206,6616333T>G,"Steinfeld et al.,Am J Med Genet.,2002",12376936,,,,CLN2
Pa-cln2.106,,18_Steinfeld_2002,cln2.004,c.509-1G>C,rs764922748,,late infantile,,CV,Germany,,,"Steinfeld et al., 2002",12376936,,,,,,Intron 05,c.509-1G>C,,substitution,splice acceptor variant,,Acceptor loss 0.96,pathogenic,rs56144125,6617154C>G,Sleat et al. 1999,10330339, g.3556G>C,Described as p.(Phe169*) (Sleat) and p.(Val170Glyfs*29) (Sun et al.2012),,CLN2
Pa-cln2.106,,18_Steinfeld_2002,cln2.064,p.(Thr353Pro),rs764922748,,late infantile,,CV,Germany,,,"Steinfeld et al., 2002",12376936,,,,,,Exon 08,c.1057A>C,p.(Thr353Pro),substitution,Missense,Probably damaging,,not provided,rs121908206,6616333T>G,"Steinfeld et al.,Am J Med Genet.,2002",12376936,,,,CLN2
Pa-cln2.107,,19_Steinfeld_2002,cln2.004,c.509-1G>C,rs764922748,,late infantile,,CV,Germany,,,"Steinfeld et al., 2002",12376936,,,,,,Intron 05,c.509-1G>C,,substitution,splice acceptor variant,,Acceptor loss 0.96,pathogenic,rs56144125,6617154C>G,Sleat et al. 1999,10330339, g.3556G>C,Described as p.(Phe169*) (Sleat) and p.(Val170Glyfs*29) (Sun et al.2012),,CLN2
Pa-cln2.107,,19_Steinfeld_2002,cln2.022,p.(Gln422His,rs764922748,,late infantile,,CV,Germany,,,"Steinfeld et al., 2002",12376936,,,,,,Exon 10,c.1266G>C,p.(Gln422His),substitution,Missense,Probably damaging,,Pathogenic,rs121908200 ,6615442C>G,Sleat et al. 1999,10330339,,,,CLN2
Pa-cln2.108,,20_Steinfeld_2002,cln2.063,p.(Asn286Ser),rs764922748,,late infantile,,CV,Germany,,,"Steinfeld et al., 2002",12376936,,,,,,Exon 07,c.857A>G,p.(Asn286Ser),substitution,Missense,Possibly damaging,,Pathogenic,rs119455958,6616690T>C,"Steinfeld et al.,Am J Med Genet.,2002",12376936,,,,CLN2
Pa-cln2.109,,21_Steinfeld_2002,cln2.063,p.(Asn286Ser),rs764922748,,late infantile,,CV,Germany,,,"Steinfeld et al., 2002",12376936,,,,,,Exon 07,c.857A>G,p.(Asn286Ser),substitution,Missense,Possibly damaging,,Pathogenic,rs119455958,6616690T>C,"Steinfeld et al.,Am J Med Genet.,2002",12376936,,,,CLN2
Pa-cln2.110,,22_Steinfeld_2002,cln2.052,p.(Arg127Gln),rs764922748,,late infantile,,CV,Germany,,,"Steinfeld et al., 2002",12376936,,,,,,Exon 04,c.380G>A,p.(Arg127Gln),substitution,Missense,Benign,,pathogenic,rs121908204,6617626C>T,Zhong et al. 2000,11339651,,,,CLN2
Pa-cln2.110,,22_Steinfeld_2002,cln2.001,p.(Arg208*),rs764922748,,late infantile,,CV,Germany,,,"Steinfeld et al., 2002",12376936,,,,,,Exon 06,c.622C>T,p.(Arg208*),substitution,Nonsense,,,pathogenic,rs119455955,6617040G>A,Sleat et al. 1999,10330339,,,,CLN2
Pa-cln2.111,,1_Ju_2002,cln2.004,c.509-1G>C,,,late infantile,3,CV,Canada,,,"Ju et al., 2002",12414822,,,,,,Intron 05,c.509-1G>C,,substitution,splice acceptor variant,,Acceptor loss 0.96,pathogenic,rs56144125,6617154C>G,Sleat et al. 1999,10330339, g.3556G>C,Described as p.(Phe169*) (Sleat) and p.(Val170Glyfs*29) (Sun et al.2012),,CLN2
Pa-cln2.112,,2_Ju_2002,cln2.004,c.509-1G>C,,,late infantile,2.8,CV / GROD,Canada,,,"Ju et al., 2002",12414822,,,,,,Intron 05,c.509-1G>C,,substitution,splice acceptor variant,,Acceptor loss 0.96,pathogenic,rs56144125,6617154C>G,Sleat et al. 1999,10330339, g.3556G>C,Described as p.(Phe169*) (Sleat) and p.(Val170Glyfs*29) (Sun et al.2012),,CLN2
Pa-cln2.113,,3_Ju_2002,cln2.004,c.509-1G>C,,,infantile,0.9,CV,Canada,,,"Ju et al., 2002",12414822,atypical age,,,,,Intron 05,c.509-1G>C,,substitution,splice acceptor variant,,Acceptor loss 0.96,pathogenic,rs56144125,6617154C>G,Sleat et al. 1999,10330339, g.3556G>C,Described as p.(Phe169*) (Sleat) and p.(Val170Glyfs*29) (Sun et al.2012),,CLN2
Pa-cln2.114,,4_Ju_2002,cln2.004,c.509-1G>C,,,late infantile,3,CV,Canada,,,"Ju et al., 2002",12414822,,,,,,Intron 05,c.509-1G>C,,substitution,splice acceptor variant,,Acceptor loss 0.96,pathogenic,rs56144125,6617154C>G,Sleat et al. 1999,10330339, g.3556G>C,Described as p.(Phe169*) (Sleat) and p.(Val170Glyfs*29) (Sun et al.2012),,CLN2
Pa-cln2.114,,4_Ju_2002,cln2.054,p.(Gly284Val),,,late infantile,3,CV,Canada,,,"Ju et al., 2002",12414822,,,,,,Exon 07,c.851G>T,p.(Gly284Val),substitution,Missense,Probably damaging,,pathogenic,rs119455957,6616696C>A,Zhong et al. 2000,11339651,,,,CLN2
Pa-cln2.115,,5_Ju_2002,cln2.004,c.509-1G>C,,,late infantile,2.5,,Canada,,,"Ju et al., 2002",12414822,,,,,,Intron 05,c.509-1G>C,,substitution,splice acceptor variant,,Acceptor loss 0.96,pathogenic,rs56144125,6617154C>G,Sleat et al. 1999,10330339, g.3556G>C,Described as p.(Phe169*) (Sleat) and p.(Val170Glyfs*29) (Sun et al.2012),,CLN2
Pa-cln2.115,,5_Ju_2002,cln2.055,p.(Lys428Asn),,,late infantile,2.5,,Canada,,,"Ju et al., 2002",12414822,,,,,,Exon 11,c.1284G>T,p.(Lys428Asn),substitution,Missense,Benign,,,,6615312C>A,Ju et al. 2002,12414822,,,,CLN2
Pa-cln2.116,,6_Ju_2002,cln2.004,c.509-1G>C,,,late infantile,3.5,CV,Canada,,,"Ju et al., 2002",12414822,,,,,,Intron 05,c.509-1G>C,,substitution,splice acceptor variant,,Acceptor loss 0.96,pathogenic,rs56144125,6617154C>G,Sleat et al. 1999,10330339, g.3556G>C,Described as p.(Phe169*) (Sleat) and p.(Val170Glyfs*29) (Sun et al.2012),,CLN2
Pa-cln2.116,,6_Ju_2002,cln2.001,p.(Arg208*),,,late infantile,3.5,CV,Canada,,,"Ju et al., 2002",12414822,,,,,,Exon 06,c.622C>T,p.(Arg208*),substitution,Nonsense,,,pathogenic,rs119455955,6617040G>A,Sleat et al. 1999,10330339,,,,CLN2
Pa-cln2.117,,7_Ju_2002,,not identified,,,late infantile,2,CV,Canada,,,"Ju et al., 2002",12414822,,,,,,,,,,,,,,,,,,,,,CLN2
Pa-cln2.117,,7_Ju_2002,cln2.001,p.(Arg208*),,,late infantile,2,CV,Canada,,,"Ju et al., 2002",12414822,,,,,,Exon 06,c.622C>T,p.(Arg208*),substitution,Nonsense,,,pathogenic,rs119455955,6617040G>A,Sleat et al. 1999,10330339,,,,CLN2
Pa-cln2.118,,8_Ju_2002,cln2.001,p.(Arg208*),,,late infantile,2,CV,Canada,,,"Ju et al., 2002",12414822,,,,,,Exon 06,c.622C>T,p.(Arg208*),substitution,Nonsense,,,pathogenic,rs119455955,6617040G>A,Sleat et al. 1999,10330339,,,,CLN2
Pa-cln2.118,,8_Ju_2002,cln2.054,p.(Gly284Val),,,late infantile,2,CV,Canada,,,"Ju et al., 2002",12414822,,,,,,Exon 07,c.851G>T,p.(Gly284Val),substitution,Missense,Probably damaging,,pathogenic,rs119455957,6616696C>A,Zhong et al. 2000,11339651,,,,CLN2
Pa-cln2.119,,9_Ju_2002,cln2.001,p.(Arg208*),,,late infantile,,,Canada,,,"Ju et al., 2002",12414822,,,,,,Exon 06,c.622C>T,p.(Arg208*),substitution,Nonsense,,,pathogenic,rs119455955,6617040G>A,Sleat et al. 1999,10330339,,,,CLN2
Pa-cln2.119,,9_Ju_2002,cln2.054,p.(Gly284Val),,,late infantile,,,Canada,,,"Ju et al., 2002",12414822,,,,,,Exon 07,c.851G>T,p.(Gly284Val),substitution,Missense,Probably damaging,,pathogenic,rs119455957,6616696C>A,Zhong et al. 2000,11339651,,,,CLN2
Pa-cln2.120,,10_Ju_2002,cln2.054,p.(Gly284Val),,,late infantile,3,CV,Canada,,,"Ju et al., 2002",12414822,,,,,,Exon 07,c.851G>T,p.(Gly284Val),substitution,Missense,Probably damaging,,pathogenic,rs119455957,6616696C>A,Zhong et al. 2000,11339651,,,,CLN2
Pa-cln2.121,,11_Ju_2002,cln2.054,p.(Gly284Val),,,late infantile,3,,Canada,,,"Ju et al., 2002",12414822,,,,,,Exon 07,c.851G>T,p.(Gly284Val),substitution,Missense,Probably damaging,,pathogenic,rs119455957,6616696C>A,Zhong et al. 2000,11339651,,,,CLN2
Pa-cln2.122,,12_Ju_2002,,not identified,,,late infantile,3,CV,Canada,,,"Ju et al., 2002",12414822,,,,,,,,,,,,,,,,,,,,,CLN2
Pa-cln2.122,,12_Ju_2002,cln2.054,p.(Gly284Val),,,late infantile,3,CV,Canada,,,"Ju et al., 2002",12414822,,,,,,Exon 07,c.851G>T,p.(Gly284Val),substitution,Missense,Probably damaging,,pathogenic,rs119455957,6616696C>A,Zhong et al. 2000,11339651,,,,CLN2
Pa-cln2.123,,13_Ju_2002,cln2.004,c.509-1G>C,,,late infantile,2.5,,Canada,,,"Ju et al., 2002",12414822,,,,,,Intron 05,c.509-1G>C,,substitution,splice acceptor variant,,Acceptor loss 0.96,pathogenic,rs56144125,6617154C>G,Sleat et al. 1999,10330339, g.3556G>C,Described as p.(Phe169*) (Sleat) and p.(Val170Glyfs*29) (Sun et al.2012),,CLN2
Pa-cln2.123,,13_Ju_2002,cln2.054,p.(Gly284Val),,,late infantile,2.5,,Canada,,,"Ju et al., 2002",12414822,,,,,,Exon 07,c.851G>T,p.(Gly284Val),substitution,Missense,Probably damaging,,pathogenic,rs119455957,6616696C>A,Zhong et al. 2000,11339651,,,,CLN2
Pa-cln2.124,,14_Ju_2002,cln2.054,p.(Gly284Val),,,infantile,0.1,,Canada,,,"Ju et al., 2002",12414822,,,,,,Exon 07,c.851G>T,p.(Gly284Val),substitution,Missense,Probably damaging,,pathogenic,rs119455957,6616696C>A,Zhong et al. 2000,11339651,,,,CLN2
Pa-cln2.124,,14_Ju_2002,cln2.066,p.(Phe481Cys),,,infantile,0.1,,Canada,,,"Ju et al., 2002",12414822,,,,,,Exon 12,c.1442T>G,p.(Phe481Cys),substitution,Missense,Probably damaging,,,,6614975A>C,Ju et al. 2002,12414822,,,,CLN2
Pa-cln2.125,,15_Ju_2002,cln2.054,p.(Gly284Val),,,late infantile,3.5,CV,Canada,,,"Ju et al., 2002",12414822,,,,,,Exon 07,c.851G>T,p.(Gly284Val),substitution,Missense,Probably damaging,,pathogenic,rs119455957,6616696C>A,Zhong et al. 2000,11339651,,,,CLN2
Pa-cln2.125,,15_Ju_2002,cln2.069,uncharacterised 1 bp deletion ,,,late infantile,3.5,CV,Canada,,,"Ju et al., 2002",12414822,,,,,,Exon 07,,uncharacterised 1-bp deletion,deletion,,,,,,,Ju et al. 2002,12414822,,,,CLN2
Pa-cln2.126,,16_Ju_2002,,not identified,,,late infantile,3,CV,Canada,,,"Ju et al., 2002",12414822,,,,,,,,,,,,,,,,,,,,,CLN2
Pa-cln2.126,,16_Ju_2002,cln2.054,p.(Gly284Val),,,late infantile,3,CV,Canada,,,"Ju et al., 2002",12414822,,,,,,Exon 07,c.851G>T,p.(Gly284Val),substitution,Missense,Probably damaging,,pathogenic,rs119455957,6616696C>A,Zhong et al. 2000,11339651,,,,CLN2
Pa-cln2.127,,17_Ju_2002,,not identified,,,late infantile,3,CV,Canada,,,"Ju et al., 2002",12414822,,,,,,,,,,,,,,,,,,,,,CLN2
Pa-cln2.127,,17_Ju_2002,cln2.054,p.(Gly284Val),,,late infantile,3,CV,Canada,,,"Ju et al., 2002",12414822,,,,,,Exon 07,c.851G>T,p.(Gly284Val),substitution,Missense,Probably damaging,,pathogenic,rs119455957,6616696C>A,Zhong et al. 2000,11339651,,,,CLN2
Pa-cln2.128,,18_Ju_2002,,not identified,,,late infantile,,,Canada,,,"Ju et al., 2002",12414822,,,,,,,,,,,,,,,,,,,,,CLN2
Pa-cln2.128,,18_Ju_2002,cln2.067,p.(Val277Met),,,late infantile,,,Canada,,,"Ju et al., 2002",12414822,,,,,,Exon 07,c.829G>A,p.(Val277Met),substitution,Missense,Probably damaging,,not provided,rs121908207,6616718C>T,Ju et al. 2002,12414822,,,,CLN2
Pa-cln2.129,,19_Ju_2002,,not identified,,,late infantile,2,CV,Canada,,,"Ju et al., 2002",12414822,,,,,,,,,,,,,,,,,,,,,CLN2
Pa-cln2.129,,19_Ju_2002,cln2.068,p.(Gln278Pro),,,late infantile,2,CV,Canada,,,"Ju et al., 2002",12414822,,,,,,Exon 07,c.833A>C,p.(Gln278Pro),substitution,Missense,Probably damaging,,,,"6616714T>G
",Ju et al. 2002,12414822,,,,CLN2
Pa-cln2.130,,20_Ju_2002,cln2.025,c.1552-1G>C,,,late infantile,3,CV / FP,Canada,,,"Ju et al., 2002",12414822,,,,,,Intron 12,c.1552-1G>C,,substitution,splice acceptor variant,most probably affecting splicing,Acceptor loss 0.84,,rs1057516511,6614687C>G,Sleat et al. 1999,10330339,g.6025G>C,rs1057516511 G>A mutation also described: likely pathogenic,,CLN2
Pa-cln2.130,,20_Ju_2002,,not identified,,,late infantile,3,CV / FP,Canada,,,"Ju et al., 2002",12414822,,,,,,,,,,,,,,,,,,,,,CLN2
Pa-cln2.131,,1_Lavrov_2002,cln2.001,p.(Arg208*),,,late infantile,3.5,,Russia,,,"Lavrov et al., 2002",12363103,,,,,,Exon 06,c.622C>T,p.(Arg208*),substitution,Nonsense,,,pathogenic,rs119455955,6617040G>A,Sleat et al. 1999,10330339,,,,CLN2
Pa-cln2.132,,2_Lavrov_2002,cln2.001,p.(Arg208*),,,late infantile,2.66,,Russia,,,"Lavrov et al., 2002",12363103,,,,,,Exon 06,c.622C>T,p.(Arg208*),substitution,Nonsense,,,pathogenic,rs119455955,6617040G>A,Sleat et al. 1999,10330339,,,,CLN2
Pa-cln2.133,,3_Lavrov_2002,cln2.001,p.(Arg208*),,,late infantile,3,,Russia,,,"Lavrov et al., 2002",12363103,,,,,,Exon 06,c.622C>T,p.(Arg208*),substitution,Nonsense,,,pathogenic,rs119455955,6617040G>A,Sleat et al. 1999,10330339,,,,CLN2
Pa-cln2.134,,,cln2.001,p.(Arg208*),,,late infantile,2.25,,,Caucasian,USA,pers comm relative,,noted as atypical,,,,,Exon 06,c.622C>T,p.(Arg208*),substitution,Nonsense,,,pathogenic,rs119455955,6617040G>A,Sleat et al. 1999,10330339,,,,CLN2
Pa-cln2.134,,,cln2.065,p.(Gly144Glu),,,late infantile,2.25,,,Caucasian,USA,pers comm relative,,noted as atypical,,,,,Exon 05,c.431G>A,p.(Gly144Glu),substitution,missense,benign,,,,6617378,pers comm from relative,,,,,CLN2
Pa-cln2.135,,3_Teixeira_2003,cln2.001,p.(Arg208*),,,late infantile,3,CV,Portugal,,,"Teixeira et al., 2003b",12796825,,,,,,Exon 06,c.622C>T,p.(Arg208*),substitution,Nonsense,,,pathogenic,rs119455955,6617040G>A,Sleat et al. 1999,10330339,,,,CLN2
Pa-cln2.136,REL02,3_Koul_2007,cln2.045,p.(Gln509*),,,late infantile,4,CL/FP,Oman,,,"Koul et al., 2007",17690061,,,,,,Exon 12,c.1525C>T,p.(Gln509*),substitution,Nonsense,,,,,6614892G>A,"Caillaud et al., Hum Genet 65 suppl A232; 1999",,,,,CLN2
Pa-cln2.137,REL02,4_Koul_2007,cln2.045,p.(Gln509*),,,late infantile,3.5,CL/FP,Oman,,,"Koul et al., 2007",17690061,,,,,,Exon 12,c.1525C>T,p.(Gln509*),substitution,Nonsense,,,,,6614892G>A,"Caillaud et al., Hum Genet 65 suppl A232; 1999",,,,,CLN2
Pa-cln2.138,REL02,5_Koul_2007,cln2.045,p.(Gln509*),,,late infantile,3,CL/FP,Oman,,,"Koul et al., 2007",17690061,,,,,,Exon 12,c.1525C>T,p.(Gln509*),substitution,Nonsense,,,,,6614892G>A,"Caillaud et al., Hum Genet 65 suppl A232; 1999",,,,,CLN2
Pa-cln2.139,REL03,6_Koul_2007,cln2.045,p.(Gln509*),,,late infantile,3.5,CL/FP,Oman,,,"Koul et al., 2007",17690061,,,,,,Exon 12,c.1525C>T,p.(Gln509*),substitution,Nonsense,,,,,6614892G>A,"Caillaud et al., Hum Genet 65 suppl A232; 1999",,,,,CLN2
Pa-cln2.140,REL03,7_Koul_2007,cln2.045,p.(Gln509*),,,late infantile,3,CL/FP,Oman,,,"Koul et al., 2007",17690061,,,,,,Exon 12,c.1525C>T,p.(Gln509*),substitution,Nonsense,,,,,6614892G>A,"Caillaud et al., Hum Genet 65 suppl A232; 1999",,,,,CLN2
Pa-cln2.141,REL04,CLN2_1_Moore_2008,cln2.082,p.(Ser475Trpfs*13),,,late infantile,,,Newfoundland,,,"Moore et al., 2008",18684116,,,,,,Exon 11,c.1424del,p.(Ser475Trpfs*13),deletion,frameshift,,,,,6615172del,"Moore et al., Clin Genet, 2008",18684116,,,,CLN2
Pa-cln2.142,REL04,CLN2_2_Moore_2008,cln2.082,p.(Ser475Trpfs*13),,,late infantile,,,Newfoundland,,,"Moore et al., 2008",18684116,,,,,,Exon 11,c.1424del,p.(Ser475Trpfs*13),deletion,frameshift,,,,,6615172del,"Moore et al., Clin Genet, 2008",18684116,,,,CLN2
Pa-cln2.143,,CLN2_3_Moore_2008,cln2.082,p.(Ser475Trpfs*13),,,late infantile,,,Newfoundland,,,"Moore et al., 2008",18684116,,,,,,Exon 11,c.1424del,p.(Ser475Trpfs*13),deletion,frameshift,,,,,6615172del,"Moore et al., Clin Genet, 2008",18684116,,,,CLN2
Pa-cln2.144,REL05,CLN2_4_Moore_2008,cln2.054,p.(Gly284Val),,,late infantile,,,Newfoundland,,,"Moore et al., 2008",18684116,,,,,,Exon 07,c.851G>T,p.(Gly284Val),substitution,Missense,Probably damaging,,pathogenic,rs119455957,6616696C>A,Zhong et al. 2000,11339651,,,,CLN2
Pa-cln2.145,REL05,CLN2_5_Moore_2008,cln2.054,p.(Gly284Val),,,late infantile,,,Newfoundland,,,"Moore et al., 2008",18684116,,,,,,Exon 07,c.851G>T,p.(Gly284Val),substitution,Missense,Probably damaging,,pathogenic,rs119455957,6616696C>A,Zhong et al. 2000,11339651,,,,CLN2
Pa-cln2.146,,CLN2_6_Moore_2008,cln2.054,p.(Gly284Val),,,late infantile,,,Newfoundland,,,"Moore et al., 2008",18684116,,,,,,Exon 07,c.851G>T,p.(Gly284Val),substitution,Missense,Probably damaging,,pathogenic,rs119455957,6616696C>A,Zhong et al. 2000,11339651,,,,CLN2
Pa-cln2.147,,CLN2_7_Moore_2008,cln2.054,p.(Gly284Val),,,late infantile,,,Newfoundland,,,"Moore et al., 2008",18684116,,,,,,Exon 07,c.851G>T,p.(Gly284Val),substitution,Missense,Probably damaging,,pathogenic,rs119455957,6616696C>A,Zhong et al. 2000,11339651,,,,CLN2
Pa-cln2.148,,CLN2_8_Moore_2008,cln2.054,p.(Gly284Val),,,late infantile,,,Newfoundland,,,"Moore et al., 2008",18684116,,,,,,Exon 07,c.851G>T,p.(Gly284Val),substitution,Missense,Probably damaging,,pathogenic,rs119455957,6616696C>A,Zhong et al. 2000,11339651,,,,CLN2
Pa-cln2.149,,CLN2_9_Moore_2008,cln2.054,p.(Gly284Val),,,late infantile,,,Newfoundland,,,"Moore et al., 2008",18684116,,,,,,Exon 07,c.851G>T,p.(Gly284Val),substitution,Missense,Probably damaging,,pathogenic,rs119455957,6616696C>A,Zhong et al. 2000,11339651,,,,CLN2
Pa-cln2.150,,CLN2_10_Moore_2008,cln2.004,c.509-1G>C,,,late infantile,,,Newfoundland,,,"Moore et al., 2008",18684116,,,,,,Intron 05,c.509-1G>C,,substitution,splice acceptor variant,,Acceptor loss 0.96,pathogenic,rs56144125,6617154C>G,Sleat et al. 1999,10330339, g.3556G>C,Described as p.(Phe169*) (Sleat) and p.(Val170Glyfs*29) (Sun et al.2012),,CLN2
Pa-cln2.151,,CLN2_11_Moore_2008,cln2.004,c.509-1G>C,,,late infantile,,,Newfoundland,,,"Moore et al., 2008",18684116,,,,,,Intron 05,c.509-1G>C,,substitution,splice acceptor variant,,Acceptor loss 0.96,pathogenic,rs56144125,6617154C>G,Sleat et al. 1999,10330339, g.3556G>C,Described as p.(Phe169*) (Sleat) and p.(Val170Glyfs*29) (Sun et al.2012),,CLN2
Pa-cln2.152,,CLN2_12_Moore_2008,cln2.004,c.509-1G>C,,,late infantile,,,Newfoundland,,,"Moore et al., 2008",18684116,,,,,,Intron 05,c.509-1G>C,,substitution,splice acceptor variant,,Acceptor loss 0.96,pathogenic,rs56144125,6617154C>G,Sleat et al. 1999,10330339, g.3556G>C,Described as p.(Phe169*) (Sleat) and p.(Val170Glyfs*29) (Sun et al.2012),,CLN2
Pa-cln2.153,,CLN2_13_Moore_2008,cln2.004,c.509-1G>C,,,late infantile,,,Newfoundland,,,"Moore et al., 2008",18684116,,,,,,Intron 05,c.509-1G>C,,substitution,splice acceptor variant,,Acceptor loss 0.96,pathogenic,rs56144125,6617154C>G,Sleat et al. 1999,10330339, g.3556G>C,Described as p.(Phe169*) (Sleat) and p.(Val170Glyfs*29) (Sun et al.2012),,CLN2
Pa-cln2.154,,CLN2_14_Moore_2008,cln2.054,p.(Gly284Val),,,late infantile,,,Newfoundland,,,"Moore et al., 2008",18684116,,,,,,Exon 07,c.851G>T,p.(Gly284Val),substitution,Missense,Probably damaging,,pathogenic,rs119455957,6616696C>A,Zhong et al. 2000,11339651,,,,CLN2
Pa-cln2.154,,CLN2_14_Moore_2008,cln2.083,p.(Leu104*),,,late infantile,,,Newfoundland,,,"Moore et al., 2008",18684116,,,,,,Exon 04,c.311T>A,p.(Leu104*),substitution,Nonsense,,,pathogenic,rs202189057,6617695A>T,"Kohan et al., Human Genet, 2008",20960655,,,,CLN2
Pa-cln2.155,REL06,CLN2_15_Moore_2008,cln2.001,p.(Arg208*),,,late infantile,,,Newfoundland,,,"Moore et al., 2008",18684116,,,,,,Exon 06,c.622C>T,p.(Arg208*),substitution,Nonsense,,,pathogenic,rs119455955,6617040G>A,Sleat et al. 1999,10330339,,,,CLN2
Pa-cln2.155,REL06,CLN2_15_Moore_2008,cln2.054,p.(Gly284Val),,,late infantile,,,Newfoundland,,,"Moore et al., 2008",18684116,,,,,,Exon 07,c.851G>T,p.(Gly284Val),substitution,Missense,Probably damaging,,pathogenic,rs119455957,6616696C>A,Zhong et al. 2000,11339651,,,,CLN2
Pa-cln2.156,REL06,CLN2_16_Moore_2008,cln2.001,p.(Arg208*),,,late infantile,,,Newfoundland,,,"Moore et al., 2008",18684116,,,,,,Exon 06,c.622C>T,p.(Arg208*),substitution,Nonsense,,,pathogenic,rs119455955,6617040G>A,Sleat et al. 1999,10330339,,,,CLN2
Pa-cln2.156,REL06,CLN2_16_Moore_2008,cln2.054,p.(Gly284Val),,,late infantile,,,Newfoundland,,,"Moore et al., 2008",18684116,,,,,,Exon 07,c.851G>T,p.(Gly284Val),substitution,Missense,Probably damaging,,pathogenic,rs119455957,6616696C>A,Zhong et al. 2000,11339651,,,,CLN2
Pa-cln2.157,REL06,CLN2_17_Moore_2008,cln2.001,p.(Arg208*),,,late infantile,,,Newfoundland,,,"Moore et al., 2008",18684116,,,,,,Exon 06,c.622C>T,p.(Arg208*),substitution,Nonsense,,,pathogenic,rs119455955,6617040G>A,Sleat et al. 1999,10330339,,,,CLN2
Pa-cln2.157,REL06,CLN2_17_Moore_2008,cln2.054,p.(Gly284Val),,,late infantile,,,Newfoundland,,,"Moore et al., 2008",18684116,,,,,,Exon 07,c.851G>T,p.(Gly284Val),substitution,Missense,Probably damaging,,pathogenic,rs119455957,6616696C>A,Zhong et al. 2000,11339651,,,,CLN2
Pa-cln2.158,,CLN2_18_Moore_2008,cln2.004,c.509-1G>C,,,late infantile,,,Newfoundland,,,"Moore et al., 2008",18684116,,,,,,Intron 05,c.509-1G>C,,substitution,splice acceptor variant,,Acceptor loss 0.96,pathogenic,rs56144125,6617154C>G,Sleat et al. 1999,10330339, g.3556G>C,Described as p.(Phe169*) (Sleat) and p.(Val170Glyfs*29) (Sun et al.2012),,CLN2
Pa-cln2.158,,CLN2_18_Moore_2008,cln2.054,p.(Gly284Val),,,late infantile,,,Newfoundland,,,"Moore et al., 2008",18684116,,,,,,Exon 07,c.851G>T,p.(Gly284Val),substitution,Missense,Probably damaging,,pathogenic,rs119455957,6616696C>A,Zhong et al. 2000,11339651,,,,CLN2
Pa-cln2.159,,CLN2_19_Moore_2008,cln2.004,c.509-1G>C,,,late infantile,,,Newfoundland,,,"Moore et al., 2008",18684116,,,,,,Intron 05,c.509-1G>C,,substitution,splice acceptor variant,,Acceptor loss 0.96,pathogenic,rs56144125,6617154C>G,Sleat et al. 1999,10330339, g.3556G>C,Described as p.(Phe169*) (Sleat) and p.(Val170Glyfs*29) (Sun et al.2012),,CLN2
Pa-cln2.159,,CLN2_19_Moore_2008,cln2.054,p.(Gly284Val),,,late infantile,,,Newfoundland,,,"Moore et al., 2008",18684116,,,,,,Exon 07,c.851G>T,p.(Gly284Val),substitution,Missense,Probably damaging,,pathogenic,rs119455957,6616696C>A,Zhong et al. 2000,11339651,,,,CLN2
Pa-cln2.160,,CLN2_20_Moore_2008,cln2.004,c.509-1G>C,,,late infantile,,,Newfoundland,,,"Moore et al., 2008",18684116,,,,,,Intron 05,c.509-1G>C,,substitution,splice acceptor variant,,Acceptor loss 0.96,pathogenic,rs56144125,6617154C>G,Sleat et al. 1999,10330339, g.3556G>C,Described as p.(Phe169*) (Sleat) and p.(Val170Glyfs*29) (Sun et al.2012),,CLN2
Pa-cln2.160,,CLN2_20_Moore_2008,cln2.001,p.(Arg208*),,,late infantile,,,Newfoundland,,,"Moore et al., 2008",18684116,,,,,,Exon 06,c.622C>T,p.(Arg208*),substitution,Nonsense,,,pathogenic,rs119455955,6617040G>A,Sleat et al. 1999,10330339,,,,CLN2
Pa-cln2.161,,CLN2_21_Moore_2008,cln2.004,c.509-1G>C,,,late infantile,,,Newfoundland,,,"Moore et al., 2008",18684116,,,,,,Intron 05,c.509-1G>C,,substitution,splice acceptor variant,,Acceptor loss 0.96,pathogenic,rs56144125,6617154C>G,Sleat et al. 1999,10330339, g.3556G>C,Described as p.(Phe169*) (Sleat) and p.(Val170Glyfs*29) (Sun et al.2012),,CLN2
Pa-cln2.161,,CLN2_21_Moore_2008,cln2.001,p.(Arg208*),,,late infantile,,,Newfoundland,,,"Moore et al., 2008",18684116,,,,,,Exon 06,c.622C>T,p.(Arg208*),substitution,Nonsense,,,pathogenic,rs119455955,6617040G>A,Sleat et al. 1999,10330339,,,,CLN2
Pa-cln2.162,REL07,CLN2_22_Moore_2008,,not identified,,,late infantile,,,Newfoundland,,,"Moore et al., 2008",18684116,,,,,,,,,,,,,,,,,,,,,CLN2
Pa-cln2.162,REL07,CLN2_22_Moore_2008,cln2.054,p.(Gly284Val),,,late infantile,,,Newfoundland,,,"Moore et al., 2008",18684116,,,,,,Exon 07,c.851G>T,p.(Gly284Val),substitution,Missense,Probably damaging,,pathogenic,rs119455957,6616696C>A,Zhong et al. 2000,11339651,,,,CLN2
Pa-cln2.163,REL07,CLN2_23_Moore_2008,,not identified,,,late infantile,,,Newfoundland,,,"Moore et al., 2008",18684116,,,,,,,,,,,,,,,,,,,,,CLN2
Pa-cln2.163,REL07,CLN2_23_Moore_2008,cln2.054,p.(Gly284Val),,,late infantile,,,Newfoundland,,,"Moore et al., 2008",18684116,,,,,,Exon 07,c.851G>T,p.(Gly284Val),substitution,Missense,Probably damaging,,pathogenic,rs119455957,6616696C>A,Zhong et al. 2000,11339651,,,,CLN2
Pa-cln2.164,,1_Bessa_2008,cln2.079,c.887-10A>G,,,juvenile,10,CV,Portugal,,,"Bessa et al., 2008",17959406,,,,,,Intron 07,c.887-10A>G,varies,substitution,splice polypyrimidine tract variant,,Acceptor loss 0.52; acceptor gain 0.51,conflicting,rs755445790,6616513T>C,Noher de Halac et al. 2005. In: Neuronal Ceroid Lipofuscinoses (Batten Disease) in Latin America - an update. ,,,,,CLN2
Pa-cln2.165,,1_Elleder_2008,cln2.001,p.(Arg208*),,,late infantile,3,CV,Czech Republic,,,"Elleder et al., 2008",18283468,,,,,,Exon 06,c.622C>T,p.(Arg208*),substitution,Nonsense,,,pathogenic,rs119455955,6617040G>A,Sleat et al. 1999,10330339,,,,CLN2
Pa-cln2.165,,1_Elleder_2008,cln2.080,p.(Val480Gly),,,late infantile,3,CV,Czech Republic,,,"Elleder et al., 2008",18283468,,,,,,Exon 12,c.1439T>G,p.(Val480Gly),substitution,Missense,Probably damaging,,,,6614978A>C,"Elleder et al., Acta Neuropathol, 2008",18283468,,,,CLN2
Pa-cln2.469,REL27,,cln2.085,p.(Glu402*),,,infantile,0.5,,Turkey,,,Kose et al. 2021,33486620,"Presented with myoclonus, neuroregression",TPP1 level 1 nmol/ml/h (8-121),,,"individual, only a small minority of TPP1 transcripts are likely to encode ",Exon 10,c.1204G>T,p.(Glu402*),substitution,Nonsense,,,,,6615504C>A,"Kousi et al., Brain, 2009",19201763,,,,CLN2
Pa-cln2.469,REL27,,cln2.085,p.(Glu402*),,,infantile,0.5,,Turkey,,,Kose et al. 2021,33486620,"Presented with myoclonus, neuroregression",TPP1 level 1.1 nmol/ml/h (8-121),,,"a full length TPP1 open reading frame, consistent with the significantly ",Exon 10,c.1204G>T,p.(Glu402*),substitution,Nonsense,,,,,6615504C>A,"Kousi et al., Brain, 2009",19201763,,,,CLN2
Pa-cln2.470,REL27,,cln2.085,p.(Glu402*),,,,asymptomatic at 11 months old,,Turkey,,,Kose et al. 2021,33486620,Asymptommatic at time of writing (11 months old),TPP1 level 1 nmol/ml/h (8-121),,,reduced TPP1 enzyme activity of the affected individual. ,Exon 10,c.1204G>T,p.(Glu402*),substitution,Nonsense,,,,,6615504C>A,"Kousi et al., Brain, 2009",19201763,,,,CLN2
Pa-cln2.470,REL27,,cln2.085,p.(Glu402*),,,,asymptomatic at 11 months old,,Turkey,,,Kose et al. 2021,33486620,Asymptommatic at time of writing (11 months old),TPP1 level 1 nmol/ml/h (8-121),,,The individual presented here lacks several of the hallmark features ,Exon 10,c.1204G>T,p.(Glu402*),substitution,Nonsense,,,,,6615504C>A,"Kousi et al., Brain, 2009",19201763,,,,CLN2
Pa-cln2.168,,Case 1,cln2.036,p.(Met244Thr),,,juvenile,6,,,,Japan,Itagaki et al (2018),29599076,,,,,,Exon 07,c.731T>C,p.(Met244Thr) ,substitution,Missense,possibly damaging ,,,,6616816A>G,Itagaki et al. 2018,29599076,,This number was previously used for  a different mutation,,CLN2
Pa-cln2.168,,Case 1,cln2.032,p.(Gly370Trpfs*33),,,juvenile,6,,,,Japan,Itagaki et al (2018),29599076,,,,,,Exon 09,c.1106dup,p.(Gly370Trpfs*33),duplication,frameshift,,,,,NC_000011.10:g.6616044dup,Itagaki et al. 2018,29599076,c.1106dupC,Number previously used for a different variant,,CLN2
Pa-cln2.169,,Case 2,cln2.047,p.(Arg339Trp),,,juvenile,6,,,,Japan,Itagaki et al (2018),29599076,,,,,,Exon 08,c.1015C>T,p.(Arg339Trp),substitution,Missense,Probably damaging,,pathogenic/likely pathogenic,rs750428882,6616375G>A,Kousi et al. 2012,21990111,,,,CLN2
Pa-cln2.169,,Case 2,cln2.036,p.(Met244Thr),,,juvenile,6,,,,Japan,Itagaki et al (2018),29599076,,,,,,Exon 07,c.731T>C,p.(Met244Thr) ,substitution,Missense,possibly damaging ,,,,6616816A>G,Itagaki et al. 2018,29599076,,This number was previously used for  a different mutation,,CLN2
Pa-cln2.170,,,cln2.001,p.(Arg208*),,,juvenile,,,Peru,,Latin America,"pers comm Norberto Guelbert, Argentina",,,,,,,Exon 06,c.622C>T,p.(Arg208*),substitution,Nonsense,,,pathogenic,rs119455955,6617040G>A,Sleat et al. 1999,10330339,,,,CLN2
Pa-cln2.170,,,cln2.079,c.887-10A>G,,,juvenile,,,Peru,,Latin America,"pers comm Norberto Guelbert, Argentina",,,,,,,Intron 07,c.887-10A>G,varies,substitution,splice polypyrimidine tract variant,,Acceptor loss 0.52; acceptor gain 0.51,conflicting,rs755445790,6616513T>C,Noher de Halac et al. 2005. In: Neuronal Ceroid Lipofuscinoses (Batten Disease) in Latin America - an update. ,,,,,CLN2
Pa-cln2.171,,2006-1,cln2.001,p.(Arg208*),,,juvenile,8,,Argentina,,Latin America,"pers comm Norberto Guelbert, Argentina",,,,,,,Exon 06,c.622C>T,p.(Arg208*),substitution,Nonsense,,,pathogenic,rs119455955,6617040G>A,Sleat et al. 1999,10330339,,,,CLN2
Pa-cln2.171,,2006-1,cln2.079,c.887-10A>G,,,juvenile,8,,Argentina,,Latin America,"pers comm Norberto Guelbert, Argentina",,,,,,,Intron 07,c.887-10A>G,varies,substitution,splice polypyrimidine tract variant,,Acceptor loss 0.52; acceptor gain 0.51,conflicting,rs755445790,6616513T>C,Noher de Halac et al. 2005. In: Neuronal Ceroid Lipofuscinoses (Batten Disease) in Latin America - an update. ,,,,,CLN2
Pa-cln2.172,,2006-2,cln2.001,p.(Arg208*),,,not yet symptomatic,9,,Argentina,,Latin America,"pers comm Norberto Guelbert, Argentina",,,,,,,Exon 06,c.622C>T,p.(Arg208*),substitution,Nonsense,,,pathogenic,rs119455955,6617040G>A,Sleat et al. 1999,10330339,,,,CLN2
Pa-cln2.172,,2006-2,cln2.079,c.887-10A>G,,,not yet symptomatic,9,,Argentina,,Latin America,"pers comm Norberto Guelbert, Argentina",,,,,,,Intron 07,c.887-10A>G,varies,substitution,splice polypyrimidine tract variant,,Acceptor loss 0.52; acceptor gain 0.51,conflicting,rs755445790,6616513T>C,Noher de Halac et al. 2005. In: Neuronal Ceroid Lipofuscinoses (Batten Disease) in Latin America - an update. ,,,,,CLN2
Pa-cln2.173,,F1,cln2.071,p.(Val518*),,,late infantile,3,,China,,China,"Ren, X-T. et al., 2019",31105743,,,,,,Exon 12,c.1548_1551dup,p.(Val518*),Insertion,Nonsense,,,,,NC_000011.10:g.6614867_6614870dup,"Ren, X-T. et al., 2019",31105743,Described as c.1551+1insTGAT by authors. in silico analysis suggests this is a four-nucleotide insertion into an exon. Number previously used for a different variant,,,CLN2
Pa-cln2.174,,1,cln2.006,p.(Arg447His),,,,unknown,,Brazil,,,Lourenco et al. 2020,33377563,,,,,,Exon 11,c.1340G>A,p.(Arg447His),substitution,Missense,Probably damaging,,Pathogenic,rs119455956,6615256C>T,Sleat et al. 1999,10330339,,,,CLN2
Pa-cln2.174,,1,cln2.098,c.1552-1G>A, , ,,unknown,,Brazil,,,Lourenco et al. 2020,33377563,,,,,,Intron 12,c.1552-1G>A,,substitution,splice acceptor variant,most probably affecting splicing,Acceptor loss 0.84,Likely pathogenic,rs1057516511,6614687C>T,Lourenco et al. 2020 ,33377563,,This number was previously used for  a different mutation,,CLN2
Pa-cln2.175,REL09,1_Goldberg-Stern_2009,cln2.081,p.(Arg259Valfs*17),,,late infantile,3,,Israel,Arab,,"Goldberg-Stern et al., 2009",19748052,,,,,,Exon 07,c.775del,p.(Arg259Valfs*17),deletion,frameshift,,,,,6616772del,"Goldberg-Stern et al., Paed Neurol; 2009",19748052,,,,CLN2
Pa-cln2.176,REL09,2_Goldberg-Stern_2009,cln2.081,p.(Arg259Valfs*17),,,late infantile,3,,Israel,Arab,,"Goldberg-Stern et al., 2009",19748052,,,,,,Exon 07,c.775del,p.(Arg259Valfs*17),deletion,frameshift,,,,,6616772del,"Goldberg-Stern et al., Paed Neurol; 2009",19748052,,,,CLN2
Pa-cln2.177,,II:2_Wang_2011,cln2.095,c.1551+1G>A,,,late infantile,3.5,CL,China,,,"Wang et al., 2011",20820830,,,,,,Intron 12,c.1551+1G>A,,substitution,splice donor variant,,Donor loss 0.99; acceptor loss 0.59,likely pathogenic,rs786204553 ,6614865C>T,"Wang et al, 2011, Neurogenetics epub 7 Sept",20820830,,,,CLN2
Pa-cln2.177,,II:2_Wang_2011,cln2.075,p.(Val216Met),,,late infantile,3.5,CL,China,,,"Wang et al., 2011",20820830,,,,,,Exon 06,c.646G>A,p.(Val216Met),substitution,Missense,Probably damaging,,,,"6617016C>T
","Wang et al, 2011, Neurogenetics epub 7 Sept",20820830,,,,CLN2
Pa-cln2.178,,BAR8_Kousi_2011_novel,cln2.084,c.17+1G>C,,,,,,Spain,,,"Kousi et al., 2012",21990111,,,,,,Intron 01,c.17+1G>C,,substitution,splice donor variant,most probably affecting splicing,Donor loss 0.93; accceptor loss 0.73,,,6619383C>G,"Kousi et al., Brain, 2009",19201763,,,,CLN2
Pa-cln2.179,,BAR9_Kousi_2011_novel,cln2.074,p.(Arg266Gln),,,,,,Spain,,,"Kousi et al., 2012",21990111,,,,,,Exon 07,c.797G>A,p.(Arg266Gln),substitution,Missense,Benign,,uncertain significance,rs757953998,6616750C>T,Kousi et al. 2012,21990111,,,,CLN2
Pa-cln2.179,,BAR9_Kousi_2011_novel,cln2.077,p.(Arg339Gln),,,,,,Spain,,,"Kousi et al., 2012",21990111,,,,,,Exon 08,c.1016G>A,p.(Arg339Gln),substitution,Missense,Probably damaging,,conflicting,rs765380155,6616374C>T,Kousi et al. 2012,21990111,,,,CLN2
Pa-cln2.180,,BAR10_Kousi_2011_novel,cln2.079,c.887-10A>G,,,,,,Spain,,,"Kousi et al., 2012",21990111,,,,,,Intron 07,c.887-10A>G,varies,substitution,splice polypyrimidine tract variant,,Acceptor loss 0.52; acceptor gain 0.51,conflicting,rs755445790,6616513T>C,Noher de Halac et al. 2005. In: Neuronal Ceroid Lipofuscinoses (Batten Disease) in Latin America - an update. ,,,,,CLN2
Pa-cln2.180,,BAR10_Kousi_2011_novel,cln2.113,p.(Ser382Arg),,,,,,Spain,,,"Kousi et al., 2012",21990111,,,,,,Exon 10,c.1146C>G,p.(Ser382Arg),substitution,Missense,Probably damaging,,,,6615562G>C,Kousi et al. 2012,21990111,,,,CLN2
Pa-cln2.181,,POR2_Kousi_2011_novel,cln2.096,c.1551+5_1551+6delGTinsTA,,,,,,Portugal,,,"Kousi et al., 2012",21990111,,,,,,Intron 12,c.1551+5_1551+6delinsTA,,deletion insertion,splice donor variant,most probably affecting splicing,Donor loss 0.97; acceptor loss 0.88,,,6614860_6614861delinsTA,Kousi et al. 2012,21990111,,,,CLN2
Pa-cln2.182,,POR3_Kousi_2011_novel,cln2.096,c.1551+5_1551+6delGTinsTA,,,,,,Portugal,,,"Kousi et al., 2012",21990111,,,,,,Intron 12,c.1551+5_1551+6delinsTA,,deletion insertion,splice donor variant,most probably affecting splicing,Donor loss 0.97; acceptor loss 0.88,,,6614860_6614861delinsTA,Kousi et al. 2012,21990111,,,,CLN2
Pa-cln2.182,,POR3_Kousi_2011_novel,cln2.001,p.(Arg208*),,,,,,Portugal,,,"Kousi et al., 2012",21990111,,,,,,Exon 06,c.622C>T,p.(Arg208*),substitution,Nonsense,,,pathogenic,rs119455955,6617040G>A,Sleat et al. 1999,10330339,,,,CLN2
Pa-cln2.183,,CZR1_Kousi_2011_novel,cln2.001,p.(Arg208*),,,,,,Slovakia,,,"Kousi et al., 2012",21990111,,,,,,Exon 06,c.622C>T,p.(Arg208*),substitution,Nonsense,,,pathogenic,rs119455955,6617040G>A,Sleat et al. 1999,10330339,,,,CLN2
Pa-cln2.184,,CZR2_Kousi_2011_novel,cln2.001,p.(Arg208*),,,,,,Czech Republic,,,"Kousi et al., 2012",21990111,,,,,,Exon 06,c.622C>T,p.(Arg208*),substitution,Nonsense,,,pathogenic,rs119455955,6617040G>A,Sleat et al. 1999,10330339,,,,CLN2
Pa-cln2.184,,CZR2_Kousi_2011_novel,cln2.087,p.(Tyr79*),,,,,,Czech Republic,,,"Kousi et al., 2012",21990111,,,,,,Exon 04,c.237C>G,p.(Tyr79*),substitution,Nonsense,,,,,6617769G>C,Kousi et al. 2012,21990111,,,,CLN2
Pa-cln2.185,,CZR4_Kousi_2011_novel,cln2.001,p.(Arg208*),,,,,,Slovakia,,,"Kousi et al., 2012",21990111,,,,,,Exon 06,c.622C>T,p.(Arg208*),substitution,Nonsense,,,pathogenic,rs119455955,6617040G>A,Sleat et al. 1999,10330339,,,,CLN2
Pa-cln2.186,,CZR5_Kousi_2011_novel,cln2.004,c.509-1G>C,,,,,,Czech Republic,,,"Kousi et al., 2012",21990111,,,,,,Intron 05,c.509-1G>C,,substitution,splice acceptor variant,,Acceptor loss 0.96,pathogenic,rs56144125,6617154C>G,Sleat et al. 1999,10330339, g.3556G>C,Described as p.(Phe169*) (Sleat) and p.(Val170Glyfs*29) (Sun et al.2012),,CLN2
Pa-cln2.186,,CZR5_Kousi_2011_novel,cln2.024,p.(Ser475Leu),,,,,,Czech Republic,,,"Kousi et al., 2012",21990111,,,,,,Exon 11,c.1424C>T,p.(Ser475Leu),substitution,Missense,Probably damaging,,not provided,rs121908202,6615172G>A,Sleat et al. 1999,10330339,,,,CLN2
Pa-cln2.187,,CZR6_Kousi_2011_novel,cln2.001,p.(Arg208*),,,,,,Slovakia,,,"Kousi et al., 2012",21990111,,,,,,Exon 06,c.622C>T,p.(Arg208*),substitution,Nonsense,,,pathogenic,rs119455955,6617040G>A,Sleat et al. 1999,10330339,,,,CLN2
Pa-cln2.188,,CZR7_Kousi_2011_novel,cln2.001,p.(Arg208*),,,,,,Slovakia,,,"Kousi et al., 2012",21990111,,,,,,Exon 06,c.622C>T,p.(Arg208*),substitution,Nonsense,,,pathogenic,rs119455955,6617040G>A,Sleat et al. 1999,10330339,,,,CLN2
Pa-cln2.189,,CZR8_Kousi_2011_novel,cln2.001,p.(Arg208*),,,,,,Czech Republic,,,"Kousi et al., 2012",21990111,,,,,,Exon 06,c.622C>T,p.(Arg208*),substitution,Nonsense,,,pathogenic,rs119455955,6617040G>A,Sleat et al. 1999,10330339,,,,CLN2
Pa-cln2.190,,CZR9_Kousi_2011_novel,cln2.001,p.(Arg208*),,,,,,Czech Republic,,,"Kousi et al., 2012",21990111,,,,,,Exon 06,c.622C>T,p.(Arg208*),substitution,Nonsense,,,pathogenic,rs119455955,6617040G>A,Sleat et al. 1999,10330339,,,,CLN2
Pa-cln2.191,,CZR10_Kousi_2011_novel,cln2.001,p.(Arg208*),,,,,,Czech Republic,,,"Kousi et al., 2012",21990111,,,,,,Exon 06,c.622C>T,p.(Arg208*),substitution,Nonsense,,,pathogenic,rs119455955,6617040G>A,Sleat et al. 1999,10330339,,,,CLN2
Pa-cln2.192,,CZR12_Kousi_2011_novel,cln2.001,p.(Arg208*),,,,,,Brazil,,,"Kousi et al., 2012",21990111,,,,,,Exon 06,c.622C>T,p.(Arg208*),substitution,Nonsense,,,pathogenic,rs119455955,6617040G>A,Sleat et al. 1999,10330339,,,,CLN2
Pa-cln2.193,,CZR13_Kousi_2011_novel,cln2.001,p.(Arg208*),,,,,,Czech Republic,,,"Kousi et al., 2012",21990111,,,,,,Exon 06,c.622C>T,p.(Arg208*),substitution,Nonsense,,,pathogenic,rs119455955,6617040G>A,Sleat et al. 1999,10330339,,,,CLN2
Pa-cln2.194,,CZR14_Kousi_2011_novel,cln2.001,p.(Arg208*),,,,,,Slovakia,,,"Kousi et al., 2012",21990111,,,,,,Exon 06,c.622C>T,p.(Arg208*),substitution,Nonsense,,,pathogenic,rs119455955,6617040G>A,Sleat et al. 1999,10330339,,,,CLN2
Pa-cln2.194,,CZR14_Kousi_2011_novel,cln2.088,p.(Trp548Arg),,,,,,Slovakia,,,"Kousi et al., 2012",21990111,,,,,,Exon 13,c.1642T>C,p.(Trp548Arg),substitution,Missense,Probably damaging,,,,6614596A>G,Kousi et al. 2012,21990111,,,,CLN2
Pa-cln2.195,,CZR15_Kousi_2011_novel,cln2.001,p.(Arg208*),,,,,,Czech Republic,,,"Kousi et al., 2012",21990111,,,,,,Exon 06,c.622C>T,p.(Arg208*),substitution,Nonsense,,,pathogenic,rs119455955,6617040G>A,Sleat et al. 1999,10330339,,,,CLN2
Pa-cln2.196,,CZR17_Kousi_2011_novel,cln2.001,p.(Arg208*),,,,,,Czech Republic,,,"Kousi et al., 2012",21990111,,,,,,Exon 06,c.622C>T,p.(Arg208*),substitution,Nonsense,,,pathogenic,rs119455955,6617040G>A,Sleat et al. 1999,10330339,,,,CLN2
Pa-cln2.197,,CZR18_Kousi_2011_novel,cln2.001,p.(Arg208*),,,,,,Hungary,,,"Kousi et al., 2012",21990111,,,,,,Exon 06,c.622C>T,p.(Arg208*),substitution,Nonsense,,,pathogenic,rs119455955,6617040G>A,Sleat et al. 1999,10330339,,,,CLN2
Pa-cln2.197,,CZR18_Kousi_2011_novel,cln2.024,p.(Ser475Leu),,,,,,Hungary,,,"Kousi et al., 2012",21990111,,,,,,Exon 11,c.1424C>T,p.(Ser475Leu),substitution,Missense,Probably damaging,,not provided,rs121908202,6615172G>A,Sleat et al. 1999,10330339,,,,CLN2
Pa-cln2.198,,CZR19_Kousi_2011_novel,cln2.004,c.509-1G>C,,,,,,Slovakia,,,"Kousi et al., 2012",21990111,,,,,,Intron 05,c.509-1G>C,,substitution,splice acceptor variant,,Acceptor loss 0.96,pathogenic,rs56144125,6617154C>G,Sleat et al. 1999,10330339, g.3556G>C,Described as p.(Phe169*) (Sleat) and p.(Val170Glyfs*29) (Sun et al.2012),,CLN2
Pa-cln2.198,,CZR19_Kousi_2011_novel,cln2.001,p.(Arg208*),,,,,,Slovakia,,,"Kousi et al., 2012",21990111,,,,,,Exon 06,c.622C>T,p.(Arg208*),substitution,Nonsense,,,pathogenic,rs119455955,6617040G>A,Sleat et al. 1999,10330339,,,,CLN2
Pa-cln2.166,,N4403_Kousi_2009,cln2.084,c.17+1G>C,,,late infantile,3,,Turkey,,,"Kousi et al., 2009",19201763,,,,,,Intron 01,c.17+1G>C,,substitution,splice donor variant,most probably affecting splicing,Donor loss 0.93; accceptor loss 0.73,,,6619383C>G,"Kousi et al., Brain, 2009",19201763,,,,CLN2
Pa-cln2.200,,ITA3_Kousi_2011_novel,cln2.108,p.(Gln214*),,,late infantile,,CL/FP,Italy,,,"Kousi et al., 2012",21990111,,,,,,Exon 06,c.640C>T,p.(Gln214*),substitution,Nonsense,,,pathogenic,rs752164603 ,6617022G>A,Kousi et al. 2012,21990111,,,,CLN2
Pa-cln2.200,,ITA3_Kousi_2011_novel,cln2.012,p.(Gly77Arg),,,late infantile,,CL/FP,Italy,,,"Kousi et al., 2012",21990111,,,,,,Exon 03,c.229G>A,p.(Gly77Arg),substitution,Missense,Probably damaging,,pathogenic,rs121908195,6618776C>T,Sleat et al. 1999,10330339,,,,CLN2
Pa-cln2.201,,ITA4_Kousi_2011_novel,cln2.109,p.(Gln264*),,,late infantile,,CL/FP,Italy,,,"Kousi et al., 2012",21990111,,,,,,Exon 07,c.790C>T,p.(Gln264*),substitution,Nonsense,,,,,6616757G>A,Kousi et al. 2012,21990111,,,,CLN2
Pa-cln2.201,,ITA4_Kousi_2011_novel,cln2.012,p.(Gly77Arg),,,late infantile,,CL/FP,Italy,,,"Kousi et al., 2012",21990111,,,,,,Exon 03,c.229G>A,p.(Gly77Arg),substitution,Missense,Probably damaging,,pathogenic,rs121908195,6618776C>T,Sleat et al. 1999,10330339,,,,CLN2
Pa-cln2.202,,ITA5_Kousi_2011_novel,cln2.012,p.(Gly77Arg),,,late infantile,,CL/FP,Italy,,,"Kousi et al., 2012",21990111,,,,,,Exon 03,c.229G>A,p.(Gly77Arg),substitution,Missense,Probably damaging,,pathogenic,rs121908195,6618776C>T,Sleat et al. 1999,10330339,,,,CLN2
Pa-cln2.202,,ITA5_Kousi_2011_novel,cln2.111,p.(Leu355Serfs*72),,,late infantile,,CL/FP,Italy,,,"Kousi et al., 2012",21990111,,,,,,Exon 08,c.1062del,p.(Leu355Serfs*72),deletion,frameshift,,,,,6616328del,Kousi et al. 2012,21990111,,,,CLN2
Pa-cln2.203,,22347_Kousi_2011_novel,cln2.004,c.509-1G>C,,,,,,UK,,,"Kousi et al., 2012",21990111,,,,,,Intron 05,c.509-1G>C,,substitution,splice acceptor variant,,Acceptor loss 0.96,pathogenic,rs56144125,6617154C>G,Sleat et al. 1999,10330339, g.3556G>C,Described as p.(Phe169*) (Sleat) and p.(Val170Glyfs*29) (Sun et al.2012),,CLN2
Pa-cln2.204,,23695_Kousi_2011_novel,cln2.004,c.509-1G>C,,,,,,UK,,,"Kousi et al., 2012",21990111,,,,,,Intron 05,c.509-1G>C,,substitution,splice acceptor variant,,Acceptor loss 0.96,pathogenic,rs56144125,6617154C>G,Sleat et al. 1999,10330339, g.3556G>C,Described as p.(Phe169*) (Sleat) and p.(Val170Glyfs*29) (Sun et al.2012),,CLN2
Pa-cln2.205,,24481_Kousi_2011_novel,cln2.001,p.(Arg208*),,,,,,UK,,,"Kousi et al., 2012",21990111,,,,,,Exon 06,c.622C>T,p.(Arg208*),substitution,Nonsense,,,pathogenic,rs119455955,6617040G>A,Sleat et al. 1999,10330339,,,,CLN2
Pa-cln2.206,,26569_Kousi_2011_novel,cln2.004,c.509-1G>C,,,,,,UK,,,"Kousi et al., 2012",21990111,,,,,,Intron 05,c.509-1G>C,,substitution,splice acceptor variant,,Acceptor loss 0.96,pathogenic,rs56144125,6617154C>G,Sleat et al. 1999,10330339, g.3556G>C,Described as p.(Phe169*) (Sleat) and p.(Val170Glyfs*29) (Sun et al.2012),,CLN2
Pa-cln2.206,,26569_Kousi_2011_novel,cln2.001,p.(Arg208*),,,,,,UK,,,"Kousi et al., 2012",21990111,,,,,,Exon 06,c.622C>T,p.(Arg208*),substitution,Nonsense,,,pathogenic,rs119455955,6617040G>A,Sleat et al. 1999,10330339,,,,CLN2
Pa-cln2.207,REL10,28401_1_Kousi_2011_novel,cln2.004,c.509-1G>C,,,,,,UK,,,"Kousi et al., 2012",21990111,,,,,,Intron 05,c.509-1G>C,,substitution,splice acceptor variant,,Acceptor loss 0.96,pathogenic,rs56144125,6617154C>G,Sleat et al. 1999,10330339, g.3556G>C,Described as p.(Phe169*) (Sleat) and p.(Val170Glyfs*29) (Sun et al.2012),,CLN2
Pa-cln2.208,REL10,28401_2_Kousi_2011_novel,cln2.004,c.509-1G>C,,,,,,UK,,,"Kousi et al., 2012",21990111,,,,,,Intron 05,c.509-1G>C,,substitution,splice acceptor variant,,Acceptor loss 0.96,pathogenic,rs56144125,6617154C>G,Sleat et al. 1999,10330339, g.3556G>C,Described as p.(Phe169*) (Sleat) and p.(Val170Glyfs*29) (Sun et al.2012),,CLN2
Pa-cln2.209,,30017_Kousi_2011_novel,cln2.004,c.509-1G>C,,,,,,UK,,,"Kousi et al., 2012",21990111,,,,,,Intron 05,c.509-1G>C,,substitution,splice acceptor variant,,Acceptor loss 0.96,pathogenic,rs56144125,6617154C>G,Sleat et al. 1999,10330339, g.3556G>C,Described as p.(Phe169*) (Sleat) and p.(Val170Glyfs*29) (Sun et al.2012),,CLN2
Pa-cln2.210,,33433_Kousi_2011_novel,cln2.004,c.509-1G>C,,,,,,UK,,,"Kousi et al., 2012",21990111,,,,,,Intron 05,c.509-1G>C,,substitution,splice acceptor variant,,Acceptor loss 0.96,pathogenic,rs56144125,6617154C>G,Sleat et al. 1999,10330339, g.3556G>C,Described as p.(Phe169*) (Sleat) and p.(Val170Glyfs*29) (Sun et al.2012),,CLN2
Pa-cln2.211,,34110_Kousi_2011_novel,cln2.004,c.509-1G>C,,,,,,UK,,,"Kousi et al., 2012",21990111,,,,,,Intron 05,c.509-1G>C,,substitution,splice acceptor variant,,Acceptor loss 0.96,pathogenic,rs56144125,6617154C>G,Sleat et al. 1999,10330339, g.3556G>C,Described as p.(Phe169*) (Sleat) and p.(Val170Glyfs*29) (Sun et al.2012),,CLN2
Pa-cln2.212,,35773_Kousi_2011_novel,cln2.004,c.509-1G>C,,,,,,UK,,,"Kousi et al., 2012",21990111,,,,,,Intron 05,c.509-1G>C,,substitution,splice acceptor variant,,Acceptor loss 0.96,pathogenic,rs56144125,6617154C>G,Sleat et al. 1999,10330339, g.3556G>C,Described as p.(Phe169*) (Sleat) and p.(Val170Glyfs*29) (Sun et al.2012),,CLN2
Pa-cln2.213,,39472_Kousi_2011_novel,cln2.004,c.509-1G>C,,,,,,UK,,,"Kousi et al., 2012",21990111,,,,,,Intron 05,c.509-1G>C,,substitution,splice acceptor variant,,Acceptor loss 0.96,pathogenic,rs56144125,6617154C>G,Sleat et al. 1999,10330339, g.3556G>C,Described as p.(Phe169*) (Sleat) and p.(Val170Glyfs*29) (Sun et al.2012),,CLN2
Pa-cln2.214,,39471_Kousi_2011_novel,cln2.001,p.(Arg208*),,,,,,UK,,,"Kousi et al., 2012",21990111,,,,,,Exon 06,c.622C>T,p.(Arg208*),substitution,Nonsense,,,pathogenic,rs119455955,6617040G>A,Sleat et al. 1999,10330339,,,,CLN2
Pa-cln2.215,,39923_Kousi_2011_novel,cln2.004,c.509-1G>C,,,,,,UK,,,"Kousi et al., 2012",21990111,,,,,,Intron 05,c.509-1G>C,,substitution,splice acceptor variant,,Acceptor loss 0.96,pathogenic,rs56144125,6617154C>G,Sleat et al. 1999,10330339, g.3556G>C,Described as p.(Phe169*) (Sleat) and p.(Val170Glyfs*29) (Sun et al.2012),,CLN2
Pa-cln2.216,,41345_Kousi_2011_novel,cln2.004,c.509-1G>C,,,,,,UK,,,"Kousi et al., 2012",21990111,,,,,,Intron 05,c.509-1G>C,,substitution,splice acceptor variant,,Acceptor loss 0.96,pathogenic,rs56144125,6617154C>G,Sleat et al. 1999,10330339, g.3556G>C,Described as p.(Phe169*) (Sleat) and p.(Val170Glyfs*29) (Sun et al.2012),,CLN2
Pa-cln2.217,,42761_Kousi_2011_novel,cln2.004,c.509-1G>C,,,,,,UK,,,"Kousi et al., 2012",21990111,,,,,,Intron 05,c.509-1G>C,,substitution,splice acceptor variant,,Acceptor loss 0.96,pathogenic,rs56144125,6617154C>G,Sleat et al. 1999,10330339, g.3556G>C,Described as p.(Phe169*) (Sleat) and p.(Val170Glyfs*29) (Sun et al.2012),,CLN2
Pa-cln2.218,,42550_Kousi_2011_novel,cln2.004,c.509-1G>C,,,,,,UK,,,"Kousi et al., 2012",21990111,,,,,,Intron 05,c.509-1G>C,,substitution,splice acceptor variant,,Acceptor loss 0.96,pathogenic,rs56144125,6617154C>G,Sleat et al. 1999,10330339, g.3556G>C,Described as p.(Phe169*) (Sleat) and p.(Val170Glyfs*29) (Sun et al.2012),,CLN2
Pa-cln2.219,,43958_Kousi_2011_novel,cln2.004,c.509-1G>C,,,,,,UK,,,"Kousi et al., 2012",21990111,,,,,,Intron 05,c.509-1G>C,,substitution,splice acceptor variant,,Acceptor loss 0.96,pathogenic,rs56144125,6617154C>G,Sleat et al. 1999,10330339, g.3556G>C,Described as p.(Phe169*) (Sleat) and p.(Val170Glyfs*29) (Sun et al.2012),,CLN2
Pa-cln2.219,,43958_Kousi_2011_novel,cln2.001,p.(Arg208*),,,,,,UK,,,"Kousi et al., 2012",21990111,,,,,,Exon 06,c.622C>T,p.(Arg208*),substitution,Nonsense,,,pathogenic,rs119455955,6617040G>A,Sleat et al. 1999,10330339,,,,CLN2
Pa-cln2.220,,56926_Kousi_2011_novel,cln2.004,c.509-1G>C,,,,,,UK,,,"Kousi et al., 2012",21990111,,,,,,Intron 05,c.509-1G>C,,substitution,splice acceptor variant,,Acceptor loss 0.96,pathogenic,rs56144125,6617154C>G,Sleat et al. 1999,10330339, g.3556G>C,Described as p.(Phe169*) (Sleat) and p.(Val170Glyfs*29) (Sun et al.2012),,CLN2
Pa-cln2.221,,59652_Kousi_2011_novel,cln2.004,c.509-1G>C,,,,,,UK,,,"Kousi et al., 2012",21990111,,,,,,Intron 05,c.509-1G>C,,substitution,splice acceptor variant,,Acceptor loss 0.96,pathogenic,rs56144125,6617154C>G,Sleat et al. 1999,10330339, g.3556G>C,Described as p.(Phe169*) (Sleat) and p.(Val170Glyfs*29) (Sun et al.2012),,CLN2
Pa-cln2.222,,59995_Kousi_2011_novel,cln2.004,c.509-1G>C,,,,,,UK,,,"Kousi et al., 2012",21990111,,,,,,Intron 05,c.509-1G>C,,substitution,splice acceptor variant,,Acceptor loss 0.96,pathogenic,rs56144125,6617154C>G,Sleat et al. 1999,10330339, g.3556G>C,Described as p.(Phe169*) (Sleat) and p.(Val170Glyfs*29) (Sun et al.2012),,CLN2
Pa-cln2.223,,64833_Kousi_2011_novel,cln2.004,c.509-1G>C,,,,,,UK,,,"Kousi et al., 2012",21990111,,,,,,Intron 05,c.509-1G>C,,substitution,splice acceptor variant,,Acceptor loss 0.96,pathogenic,rs56144125,6617154C>G,Sleat et al. 1999,10330339, g.3556G>C,Described as p.(Phe169*) (Sleat) and p.(Val170Glyfs*29) (Sun et al.2012),,CLN2
Pa-cln2.224,,65825_Kousi_2011_novel,cln2.004,c.509-1G>C,,,,,,UK,,,"Kousi et al., 2012",21990111,,,,,,Intron 05,c.509-1G>C,,substitution,splice acceptor variant,,Acceptor loss 0.96,pathogenic,rs56144125,6617154C>G,Sleat et al. 1999,10330339, g.3556G>C,Described as p.(Phe169*) (Sleat) and p.(Val170Glyfs*29) (Sun et al.2012),,CLN2
Pa-cln2.225,,66517_Kousi_2011_novel,cln2.004,c.509-1G>C,,,,,,UK,,,"Kousi et al., 2012",21990111,,,,,,Intron 05,c.509-1G>C,,substitution,splice acceptor variant,,Acceptor loss 0.96,pathogenic,rs56144125,6617154C>G,Sleat et al. 1999,10330339, g.3556G>C,Described as p.(Phe169*) (Sleat) and p.(Val170Glyfs*29) (Sun et al.2012),,CLN2
Pa-cln2.225,,66517_Kousi_2011_novel,cln2.001,p.(Arg208*),,,,,,UK,,,"Kousi et al., 2012",21990111,,,,,,Exon 06,c.622C>T,p.(Arg208*),substitution,Nonsense,,,pathogenic,rs119455955,6617040G>A,Sleat et al. 1999,10330339,,,,CLN2
Pa-cln2.226,,66639_Kousi_2011_novel,cln2.004,c.509-1G>C,,,,,,UK,,,"Kousi et al., 2012",21990111,,,,,,Intron 05,c.509-1G>C,,substitution,splice acceptor variant,,Acceptor loss 0.96,pathogenic,rs56144125,6617154C>G,Sleat et al. 1999,10330339, g.3556G>C,Described as p.(Phe169*) (Sleat) and p.(Val170Glyfs*29) (Sun et al.2012),,CLN2
Pa-cln2.227,,61918_Kousi_2011_novel,cln2.004,c.509-1G>C,,,,,,UK,,,"Kousi et al., 2012",21990111,,,,,,Intron 05,c.509-1G>C,,substitution,splice acceptor variant,,Acceptor loss 0.96,pathogenic,rs56144125,6617154C>G,Sleat et al. 1999,10330339, g.3556G>C,Described as p.(Phe169*) (Sleat) and p.(Val170Glyfs*29) (Sun et al.2012),,CLN2
Pa-cln2.228,,70256_Kousi_2011_novel,cln2.107,p.(Tyr209His),,,,,,UK,,,"Kousi et al., 2012",21990111,,,,,,Exon 06,c.625T>C,p.(Tyr209His),substitution,Missense,Probably damaging,,,,6617037A>G,Kousi et al. 2012,21990111,,,,CLN2
Pa-cln2.229,,72635_Kousi_2011_novel,cln2.001,p.(Arg208*),,,,,,UK,,,"Kousi et al., 2012",21990111,,,,,,Exon 06,c.622C>T,p.(Arg208*),substitution,Nonsense,,,pathogenic,rs119455955,6617040G>A,Sleat et al. 1999,10330339,,,,CLN2
Pa-cln2.230,,55899_Kousi_2011_novel,cln2.003,p.(Cys365Tyr),,,,,,UK,,,"Kousi et al., 2012",21990111,,,,,,Exon 09,c.1094G>A,p.(Cys365Tyr),substitution,Missense,Probably damaging,,pathogenic/likely pathogenic,rs119455953,6616057C>T,Sleat et al. 1999,10330339,,,,CLN2
Pa-cln2.230,,55899_Kousi_2011_novel,cln2.045,p.(Gln509*),,,,,,UK,,,"Kousi et al., 2012",21990111,,,,,,Exon 12,c.1525C>T,p.(Gln509*),substitution,Nonsense,,,,,6614892G>A,"Caillaud et al., Hum Genet 65 suppl A232; 1999",,,,,CLN2
Pa-cln2.231,,81005_Kousi_2011_novel,cln2.004,c.509-1G>C,,,,,,UK,,,"Kousi et al., 2012",21990111,,,,,,Intron 05,c.509-1G>C,,substitution,splice acceptor variant,,Acceptor loss 0.96,pathogenic,rs56144125,6617154C>G,Sleat et al. 1999,10330339, g.3556G>C,Described as p.(Phe169*) (Sleat) and p.(Val170Glyfs*29) (Sun et al.2012),,CLN2
Pa-cln2.231,,81005_Kousi_2011_novel,cln2.001,p.(Arg208*),,,,,,UK,,,"Kousi et al., 2012",21990111,,,,,,Exon 06,c.622C>T,p.(Arg208*),substitution,Nonsense,,,pathogenic,rs119455955,6617040G>A,Sleat et al. 1999,10330339,,,,CLN2
Pa-cln2.232,,42748_Kousi_2011_novel,cln2.004,c.509-1G>C,,,,,,UK,,,"Kousi et al., 2012",21990111,,,,,,Intron 05,c.509-1G>C,,substitution,splice acceptor variant,,Acceptor loss 0.96,pathogenic,rs56144125,6617154C>G,Sleat et al. 1999,10330339, g.3556G>C,Described as p.(Phe169*) (Sleat) and p.(Val170Glyfs*29) (Sun et al.2012),,CLN2
Pa-cln2.232,,42748_Kousi_2011_novel,cln2.102,p.(Leu13Profs*32),,,,,,UK,,,"Kousi et al., 2012",21990111,,,,,,Exon 02,c.37dup,p.(Leu13Profs*32),duplication,frameshift,,,,,6619248dup,Kousi et al. 2012,21990111,,,,CLN2
Pa-cln2.233,,75703_Kousi_2011_novel,cln2.001,p.(Arg208*),,,,,,UK,,,"Kousi et al., 2012",21990111,,,,,,Exon 06,c.622C>T,p.(Arg208*),substitution,Nonsense,,,pathogenic,rs119455955,6617040G>A,Sleat et al. 1999,10330339,,,,CLN2
Pa-cln2.233,,75703_Kousi_2011_novel,cln2.119,p.(Asn504Tyr),,,,,,UK,,,"Kousi et al., 2012",21990111,,,,,,Exon 12,c.1510A>T,p.(Asn504Tyr),substitution,Missense,Probably damaging,,,,6614907T>A,Kousi et al. 2012,21990111,,,,CLN2
Pa-cln2.234,,75184_Kousi_2011_novel,cln2.001,p.(Arg208*),,,,,,UK,,,"Kousi et al., 2012",21990111,,,,,,Exon 06,c.622C>T,p.(Arg208*),substitution,Nonsense,,,pathogenic,rs119455955,6617040G>A,Sleat et al. 1999,10330339,,,,CLN2
Pa-cln2.234,,75184_Kousi_2011_novel,cln2.045,p.(Gln509*),,,,,,UK,,,"Kousi et al., 2012",21990111,,,,,,Exon 12,c.1525C>T,p.(Gln509*),substitution,Nonsense,,,,,6614892G>A,"Caillaud et al., Hum Genet 65 suppl A232; 1999",,,,,CLN2
Pa-cln2.235,,78227_Kousi_2011_novel,cln2.004,c.509-1G>C,,,,,,UK,,,"Kousi et al., 2012",21990111,,,,,,Intron 05,c.509-1G>C,,substitution,splice acceptor variant,,Acceptor loss 0.96,pathogenic,rs56144125,6617154C>G,Sleat et al. 1999,10330339, g.3556G>C,Described as p.(Phe169*) (Sleat) and p.(Val170Glyfs*29) (Sun et al.2012),,CLN2
Pa-cln2.235,,78227_Kousi_2011_novel,cln2.076,c.89+5G>C,,,,,,UK,,,"Kousi et al., 2012",21990111,,,,,,Intron 02,c.89+5G>C,,substitution,splice donor variant (5th base),Most probably affecting splicing,Donor loss 0.92; acceptor loss 0.68,Pathogenic,rs746085696,6619191C>G,Kousi et al. 2012,21990111,,,,CLN2
Pa-cln2.236,,61214_Kousi_2011_novel,cln2.076,c.89+5G>C,,,,,,UK,,,"Kousi et al., 2012",21990111,,,,,,Intron 02,c.89+5G>C,,substitution,splice donor variant (5th base),Most probably affecting splicing,Donor loss 0.92; acceptor loss 0.68,Pathogenic,rs746085696,6619191C>G,Kousi et al. 2012,21990111,,,,CLN2
Pa-cln2.236,,61214_Kousi_2011_novel,cln2.045,p.(Gln509*),,,,,,UK,,,"Kousi et al., 2012",21990111,,,,,,Exon 12,c.1525C>T,p.(Gln509*),substitution,Nonsense,,,,,6614892G>A,"Caillaud et al., Hum Genet 65 suppl A232; 1999",,,,,CLN2
Pa-cln2.167,,N1903_Kousi_2009,cln2.085,p.(Glu402*),,,,,,Turkey,,,"Kousi et al., 2009",19201763,,,,,,Exon 10,c.1204G>T,p.(Glu402*),substitution,Nonsense,,,,,6615504C>A,"Kousi et al., Brain, 2009",19201763,,,,CLN2
Pa-cln2.379,,N2103_Kousi_2009,cln2.086,p.(Gly482Arg),,,,,,Turkey,,,"Kousi et al., 2009",19201763,,,,,,Exon 12,c.1444G>C,p.(Gly482Arg),substitution,Missense,Probably damaging,,not provided,rs121908208,6614973C>G,"Kousi et al., Brain, 2009",19201763,,,,CLN2
Pa-cln2.199,,CZR26_Kousi_2011_novel,cln2.001,p.(Arg208*),,,,,,Turkey,,,"Kousi et al., 2012",21990111,,,,,,Exon 06,c.622C>T,p.(Arg208*),substitution,Nonsense,,,pathogenic,rs119455955,6617040G>A,Sleat et al. 1999,10330339,,,,CLN2
Pa-cln2.237,,N2903_Kousi_2011_novel,,not identified,,,,,,Turkey,,,"Kousi et al., 2012",21990111,,,,,,,,,,,,,,,,,,,,,CLN2
Pa-cln2.237,,N2903_Kousi_2011_novel,cln2.103,p.(Ser62Thr),,,,,,Turkey,,,"Kousi et al., 2012",21990111,,,,,,Exon 03,c.184T>A,p.(Ser62Thr),substitution,Missense,Benign,,,,6618821A>T,Kousi et al. 2012,21990111,,,,CLN2
Pa-cln2.238,REL11,d3_Kousi_2011_novel,cln2.052,p.(Arg127Gln),,,,,,Turkey,,,"Kousi et al., 2012",21990111,"This variant is possibly associated with atypical disease - see Ardicli et al. 2021 (PMID34119739), which states that two siblings with homozygous for this variant had juvenile onset disease.",,,,,Exon 04,c.380G>A,p.(Arg127Gln),substitution,Missense,Benign,,pathogenic,rs121908204,6617626C>T,Zhong et al. 2000,11339651,,,,CLN2
Pa-cln2.239,REL11,d4_Kousi_2011_novel,cln2.052,p.(Arg127Gln),,,,,,Turkey,,,"Kousi et al., 2012",21990111,"This variant is possibly associated with atypical disease - see Ardicli et al. 2021 (PMID34119739), which states that two siblings with homozygous for this variant had juvenile onset disease.",,,,,Exon 04,c.380G>A,p.(Arg127Gln),substitution,Missense,Benign,,pathogenic,rs121908204,6617626C>T,Zhong et al. 2000,11339651,,,,CLN2
Pa-cln2.240,REL11,d6_Kousi_2011_novel,cln2.052,p.(Arg127Gln),,,,,,Turkey,,,"Kousi et al., 2012",21990111,"This variant is possibly associated with atypical disease - see Ardicli et al. 2021 (PMID34119739), which states that two siblings with homozygous for this variant had juvenile onset disease.",,,,,Exon 04,c.380G>A,p.(Arg127Gln),substitution,Missense,Benign,,pathogenic,rs121908204,6617626C>T,Zhong et al. 2000,11339651,,,,CLN2
Pa-cln2.241,,N5703_Kousi_2011_novel,cln2.001,p.(Arg208*),,,,,,Turkey,,,"Kousi et al., 2012",21990111,,,,,,Exon 06,c.622C>T,p.(Arg208*),substitution,Nonsense,,,pathogenic,rs119455955,6617040G>A,Sleat et al. 1999,10330339,,,,CLN2
Pa-cln2.241,,N5703_Kousi_2011_novel,cln2.106,p.(His166Glnfs*22),,,,,,Turkey,,,"Kousi et al., 2012",21990111,,,,,,Exon 05,c.497dup,p.(His166Glnfs*22),duplication,frameshift,,,,,6617312dup,Kousi et al. 2012,21990111,,,,CLN2
Pa-cln2.242,,N0303_Kousi_2011_novel,,not identified,,,,,,Turkey,,,"Kousi et al., 2012",21990111,,,,,,,,,,,,,,,,,,,,,CLN2
Pa-cln2.242,,N0303_Kousi_2011_novel,cln2.001,p.(Arg208*),,,,,,Turkey,,,"Kousi et al., 2012",21990111,,,,,,Exon 06,c.622C>T,p.(Arg208*),substitution,Nonsense,,,pathogenic,rs119455955,6617040G>A,Sleat et al. 1999,10330339,,,,CLN2
Pa-cln2.246,,LUMC034_Kousi_2011_novel,cln2.004,c.509-1G>C,,,,,,Serbia,,,"Kousi et al., 2012",21990111,,,,,,Intron 05,c.509-1G>C,,substitution,splice acceptor variant,,Acceptor loss 0.96,pathogenic,rs56144125,6617154C>G,Sleat et al. 1999,10330339, g.3556G>C,Described as p.(Phe169*) (Sleat) and p.(Val170Glyfs*29) (Sun et al.2012),,CLN2
Pa-cln2.247,,LUMC035_Kousi_2011_novel,cln2.004,c.509-1G>C,,,,,,The Netherlands,,,"Kousi et al., 2012",21990111,,,,,,Intron 05,c.509-1G>C,,substitution,splice acceptor variant,,Acceptor loss 0.96,pathogenic,rs56144125,6617154C>G,Sleat et al. 1999,10330339, g.3556G>C,Described as p.(Phe169*) (Sleat) and p.(Val170Glyfs*29) (Sun et al.2012),,CLN2
Pa-cln2.248,,LUMC036_Kousi_2011_novel,cln2.004,c.509-1G>C,,,,,,Sweden,,,"Kousi et al., 2012",21990111,,,,,,Intron 05,c.509-1G>C,,substitution,splice acceptor variant,,Acceptor loss 0.96,pathogenic,rs56144125,6617154C>G,Sleat et al. 1999,10330339, g.3556G>C,Described as p.(Phe169*) (Sleat) and p.(Val170Glyfs*29) (Sun et al.2012),,CLN2
Pa-cln2.249,,LUMC037_Kousi_2011_novel,cln2.004,c.509-1G>C,,,,,,South Africa,,,"Kousi et al., 2012",21990111,,,,,,Intron 05,c.509-1G>C,,substitution,splice acceptor variant,,Acceptor loss 0.96,pathogenic,rs56144125,6617154C>G,Sleat et al. 1999,10330339, g.3556G>C,Described as p.(Phe169*) (Sleat) and p.(Val170Glyfs*29) (Sun et al.2012),,CLN2
Pa-cln2.250,,LUMC012_Kousi_2011_novel,cln2.115,c.1425+1G>C,,,,,,Belgium,,,"Kousi et al., 2012",21990111,,,,,,Intron 11,c.1425+1G>C,,substitution,splice donor variant,most probably affecting splicing,Donor loss 1.00,,,6615170C>G,Kousi et al. 2012,21990111,,,,CLN2
Pa-cln2.250,,LUMC012_Kousi_2011_novel,cln2.004,c.509-1G>C,,,,,,Belgium,,,"Kousi et al., 2012",21990111,,,,,,Intron 05,c.509-1G>C,,substitution,splice acceptor variant,,Acceptor loss 0.96,pathogenic,rs56144125,6617154C>G,Sleat et al. 1999,10330339, g.3556G>C,Described as p.(Phe169*) (Sleat) and p.(Val170Glyfs*29) (Sun et al.2012),,CLN2
Pa-cln2.251,,LUMC013_Kousi_2011_novel,cln2.004,c.509-1G>C,,,,,,South Africa / The Netherlands,,,"Kousi et al., 2012",21990111,,,,,,Intron 05,c.509-1G>C,,substitution,splice acceptor variant,,Acceptor loss 0.96,pathogenic,rs56144125,6617154C>G,Sleat et al. 1999,10330339, g.3556G>C,Described as p.(Phe169*) (Sleat) and p.(Val170Glyfs*29) (Sun et al.2012),,CLN2
Pa-cln2.251,,LUMC013_Kousi_2011_novel,cln2.001,p.(Arg208*),,,,,,South Africa / The Netherlands,,,"Kousi et al., 2012",21990111,,,,,,Exon 06,c.622C>T,p.(Arg208*),substitution,Nonsense,,,pathogenic,rs119455955,6617040G>A,Sleat et al. 1999,10330339,,,,CLN2
Pa-cln2.252,,LUMC014_Kousi_2011_novel,cln2.001,p.(Arg208*),,,,,,Sweden,,,"Kousi et al., 2012",21990111,,,,,,Exon 06,c.622C>T,p.(Arg208*),substitution,Nonsense,,,pathogenic,rs119455955,6617040G>A,Sleat et al. 1999,10330339,,,,CLN2
Pa-cln2.252,,LUMC014_Kousi_2011_novel,cln2.024,p.(Ser475Leu),,,,,,Sweden,,,"Kousi et al., 2012",21990111,,,,,,Exon 11,c.1424C>T,p.(Ser475Leu),substitution,Missense,Probably damaging,,not provided,rs121908202,6615172G>A,Sleat et al. 1999,10330339,,,,CLN2
Pa-cln2.253,,LUMC015_Kousi_2011_novel,cln2.001,p.(Arg208*),,,,,,The Netherlands,,,"Kousi et al., 2012",21990111,,,,,,Exon 06,c.622C>T,p.(Arg208*),substitution,Nonsense,,,pathogenic,rs119455955,6617040G>A,Sleat et al. 1999,10330339,,,,CLN2
Pa-cln2.253,,LUMC015_Kousi_2011_novel,cln2.022,p.(Gln422His,,,,,,The Netherlands,,,"Kousi et al., 2012",21990111,,,,,,Exon 10,c.1266G>C,p.(Gln422His),substitution,Missense,Probably damaging,,Pathogenic,rs121908200 ,6615442C>G,Sleat et al. 1999,10330339,,,,CLN2
Pa-cln2.243,,N2803_Kousi_2011_novel,cln2.001,p.(Arg208*),,,,,,Turkey,,,"Kousi et al., 2012",21990111,,,,,,Exon 06,c.622C>T,p.(Arg208*),substitution,Nonsense,,,pathogenic,rs119455955,6617040G>A,Sleat et al. 1999,10330339,,,,CLN2
Pa-cln2.255,,LUMC017_Kousi_2011_novel,cln2.112,c.1075+2T>C,,,,,,The Netherlands,,,"Kousi et al., 2012",21990111,,,,,,Intron 08,c.1075+2T>C,,substitution,splice donor variant,most probably affecting splicing,Splice donor loss 0.95; splice acceptor loss 0.52,,,6616313A>G,Kousi et al. 2012,21990111,,,,CLN2
Pa-cln2.255,,LUMC017_Kousi_2011_novel,cln2.004,c.509-1G>C,,,,,,The Netherlands,,,"Kousi et al., 2012",21990111,,,,,,Intron 05,c.509-1G>C,,substitution,splice acceptor variant,,Acceptor loss 0.96,pathogenic,rs56144125,6617154C>G,Sleat et al. 1999,10330339, g.3556G>C,Described as p.(Phe169*) (Sleat) and p.(Val170Glyfs*29) (Sun et al.2012),,CLN2
Pa-cln2.256,,LUMC018_Kousi_2011_novel,cln2.076,c.89+5G>C,,,,,,UK,,,"Kousi et al., 2012",21990111,,,,,,Intron 02,c.89+5G>C,,substitution,splice donor variant (5th base),Most probably affecting splicing,Donor loss 0.92; acceptor loss 0.68,Pathogenic,rs746085696,6619191C>G,Kousi et al. 2012,21990111,,,,CLN2
Pa-cln2.256,,LUMC018_Kousi_2011_novel,cln2.014,p.(Arg127*),,,,,,UK,,,"Kousi et al., 2012",21990111,,,,,,Exon 04,c.379C>T,p.(Arg127*),substitution,Nonsense,,,pathogenic,rs756564767,6617627G>A,Sleat et al. 1999,10330339,,,,CLN2
Pa-cln2.257,,LUMC019_Kousi_2011_novel,cln2.101,c.18-3C>G,,,,,,UK,,,"Kousi et al., 2012",21990111,,,,,,Intron 01,c.18-3C>G,,substitution,splice region variant,potential alteration of splicing,Acceptor loss 0.73,,,6619270G>C,Kousi et al. 2012,21990111,,,,CLN2
Pa-cln2.257,,LUMC019_Kousi_2011_novel,cln2.110,p.(Leu275*),,,,,,UK,,,"Kousi et al., 2012",21990111,,,,,,Exon 07,c.822_837del,p.(Leu275*),deletion,Nonsense,,,,,6616757G>A,Kousi et al. 2012,21990111,,,,CLN2
Pa-cln2.258,,LUMC020_Kousi_2011_novel,cln2.011,p.(Gln75=),,,,,,Romania,,,"Kousi et al., 2012",21990111,,,,,,Exon 03,c.225A>G,p.(Gln75=),substitution,cryptic splice acceptor variant,potential activation of splicing,,,,6618780T>C,Sleat et al. 1999,10330339,g.1946A>G,"Shown by Helman et al. 2021 to result in the creation of a novel donor splice site and a 5 nt truncation of exon 3, leading to a change in reading frame which is predicted to undergo nonsense mediated decay",,CLN2
Pa-cln2.258,,LUMC020_Kousi_2011_novel,cln2.027,p.(Leu560Thrfs*47),,,,,,Romania,,,"Kousi et al., 2012",21990111,,,,,,Exon 13,c.1678_1679del,p.(Leu560Thrfs*47),deletion,frameshift,,,,,6614559_6614560del,Sleat et al. 1999,10330339,,,,CLN2
Pa-cln2.244,,v3_Kousi_2011_novel,cln2.024,p.(Ser475Leu),,,,3,,Turkey,,,"Kousi et al., 2012",21990111,,,,,,Exon 11,c.1424C>T,p.(Ser475Leu),substitution,Missense,Probably damaging,,not provided,rs121908202,6615172G>A,Sleat et al. 1999,10330339,,,,CLN2
Pa-cln2.260,,LUMC038_Kousi_2011_novel,cln2.001,p.(Arg208*),,,,,,The Netherlands,,,"Kousi et al., 2012",21990111,,,,,,Exon 06,c.622C>T,p.(Arg208*),substitution,Nonsense,,,pathogenic,rs119455955,6617040G>A,Sleat et al. 1999,10330339,,,,CLN2
Pa-cln2.261,,LUMC039_Kousi_2011_novel,cln2.001,p.(Arg208*),,,,,,Hungary,,,"Kousi et al., 2012",21990111,,,,,,Exon 06,c.622C>T,p.(Arg208*),substitution,Nonsense,,,pathogenic,rs119455955,6617040G>A,Sleat et al. 1999,10330339,,,,CLN2
Pa-cln2.262,,LUMC022_Kousi_2011_novel,cln2.004,c.509-1G>C,,,,,,Sweden,,,"Kousi et al., 2012",21990111,,,,,,Intron 05,c.509-1G>C,,substitution,splice acceptor variant,,Acceptor loss 0.96,pathogenic,rs56144125,6617154C>G,Sleat et al. 1999,10330339, g.3556G>C,Described as p.(Phe169*) (Sleat) and p.(Val170Glyfs*29) (Sun et al.2012),,CLN2
Pa-cln2.262,,LUMC022_Kousi_2011_novel,,not identified,,,,,,Sweden,,,"Kousi et al., 2012",21990111,,,,,,,,,,,,,,,,,,,,,CLN2
Pa-cln2.263,,RAY2_Kousi_2011_novel,cln2.105,c.381-1G>C,,,,,,Canada,,,"Kousi et al., 2012",21990111,,,,,,Intron 04,c.381-1G>C,,substitution,splice acceptor variant,most probably affecting splicing,Acceptor loss 0.95; acceptor gain 0.83,,,6617429C>G,Kousi et al. 2012,21990111,,,,CLN2
Pa-cln2.263,,RAY2_Kousi_2011_novel,cln2.001,p.(Arg208*),,,,,,Canada,,,"Kousi et al., 2012",21990111,,,,,,Exon 06,c.622C>T,p.(Arg208*),substitution,Nonsense,,,pathogenic,rs119455955,6617040G>A,Sleat et al. 1999,10330339,,,,CLN2
Pa-cln2.264,,RAY5_Kousi_2011_novel,cln2.082,p.(Ser475Trpfs*13),,,,,,USA,,,"Kousi et al., 2012",21990111,,,,,,Exon 11,c.1424del,p.(Ser475Trpfs*13),deletion,frameshift,,,,,6615172del,"Moore et al., Clin Genet, 2008",18684116,,,,CLN2
Pa-cln2.265,,RAY6_Kousi_2011_novel,cln2.105,c.381-1G>C,,,,,,Canada,,,"Kousi et al., 2012",21990111,,,,,,Intron 04,c.381-1G>C,,substitution,splice acceptor variant,most probably affecting splicing,Acceptor loss 0.95; acceptor gain 0.83,,,6617429C>G,Kousi et al. 2012,21990111,,,,CLN2
Pa-cln2.266,,RAY12_Kousi_2011_novel,cln2.105,c.381-1G>C,,,,,,Canada,,,"Kousi et al., 2012",21990111,,,,,,Intron 04,c.381-1G>C,,substitution,splice acceptor variant,most probably affecting splicing,Acceptor loss 0.95; acceptor gain 0.83,,,6617429C>G,Kousi et al. 2012,21990111,,,,CLN2
Pa-cln2.267,,RAY16_Kousi_2011_novel,cln2.004,c.509-1G>C,,,,,,Canada,,,"Kousi et al., 2012",21990111,,,,,,Intron 05,c.509-1G>C,,substitution,splice acceptor variant,,Acceptor loss 0.96,pathogenic,rs56144125,6617154C>G,Sleat et al. 1999,10330339, g.3556G>C,Described as p.(Phe169*) (Sleat) and p.(Val170Glyfs*29) (Sun et al.2012),,CLN2
Pa-cln2.267,,RAY16_Kousi_2011_novel,cln2.001,p.(Arg208*),,,,,,Canada,,,"Kousi et al., 2012",21990111,,,,,,Exon 06,c.622C>T,p.(Arg208*),substitution,Nonsense,,,pathogenic,rs119455955,6617040G>A,Sleat et al. 1999,10330339,,,,CLN2
Pa-cln2.268,,RAY17_Kousi_2011_novel,cln2.004,c.509-1G>C,,,,,,Canada,,,"Kousi et al., 2012",21990111,,,,,,Intron 05,c.509-1G>C,,substitution,splice acceptor variant,,Acceptor loss 0.96,pathogenic,rs56144125,6617154C>G,Sleat et al. 1999,10330339, g.3556G>C,Described as p.(Phe169*) (Sleat) and p.(Val170Glyfs*29) (Sun et al.2012),,CLN2
Pa-cln2.268,,RAY17_Kousi_2011_novel,cln2.001,p.(Arg208*),,,,,,Canada,,,"Kousi et al., 2012",21990111,,,,,,Exon 06,c.622C>T,p.(Arg208*),substitution,Nonsense,,,pathogenic,rs119455955,6617040G>A,Sleat et al. 1999,10330339,,,,CLN2
Pa-cln2.269,,RAY26_Kousi_2011_novel,cln2.001,p.(Arg208*),,,,,,Canada,,,"Kousi et al., 2012",21990111,,,,,,Exon 06,c.622C>T,p.(Arg208*),substitution,Nonsense,,,pathogenic,rs119455955,6617040G>A,Sleat et al. 1999,10330339,,,,CLN2
Pa-cln2.270,,RAY27_Kousi_2011_novel,cln2.105,c.381-1G>C,,,,,,Canada,,,"Kousi et al., 2012",21990111,,,,,,Intron 04,c.381-1G>C,,substitution,splice acceptor variant,most probably affecting splicing,Acceptor loss 0.95; acceptor gain 0.83,,,6617429C>G,Kousi et al. 2012,21990111,,,,CLN2
Pa-cln2.270,,RAY27_Kousi_2011_novel,cln2.054,p.(Gly284Val),,,,,,Canada,,,"Kousi et al., 2012",21990111,,,,,,Exon 07,c.851G>T,p.(Gly284Val),substitution,Missense,Probably damaging,,pathogenic,rs119455957,6616696C>A,Zhong et al. 2000,11339651,,,,CLN2
Pa-cln2.271,,RAY48_Kousi_2011_novel,cln2.037,c.1266+5G>A,,,,,,Canada,,,"Kousi et al., 2012",21990111,,,,,,Intron 10,c.1266+5G>A,,substitution,splice donor variant,most probably affecting splicing,All <0.5,Conflicting,rs1800753,6615437C>T,Sleat et al. 1999,10330339,originally described as 5276G>A,,,CLN2
Pa-cln2.271,,RAY48_Kousi_2011_novel,cln2.033,p.(Gln100Arg),,,,,,Canada,,,"Kousi et al., 2012",21990111,,,,,,Exon 04,c.299A>G,p.(Gln100Arg),substitution,missense,Benign,,Benign/likely benign,rs1800746,6617707T>C,Sleat et al. 1999,10330339,originally described as 3004A>G,,,CLN2
Pa-cln2.272,,DAT6_Kousi_2011_novel,cln2.076,c.89+5G>C,,,,,,USA,,,"Kousi et al., 2012 (Xin personal communication to NCL database)",21990111,,,,,,Intron 02,c.89+5G>C,,substitution,splice donor variant (5th base),Most probably affecting splicing,Donor loss 0.92; acceptor loss 0.68,Pathogenic,rs746085696,6619191C>G,Kousi et al. 2012,21990111,,,,CLN2
Pa-cln2.272,,DAT6_Kousi_2011_novel,,not identified,,,,,,USA,,,"Kousi et al., 2012 (Xin personal communication to NCL database)",21990111,,,,,,,,,,,,,,,,,,,,,CLN2
Pa-cln2.273,,DAT7_Kousi_2011_novel,cln2.076,c.89+5G>C,,,,,,Russia,,,"Kousi et al., 2012 (Burkina personal communication to NCL database)",21990111,,,,,,Intron 02,c.89+5G>C,,substitution,splice donor variant (5th base),Most probably affecting splicing,Donor loss 0.92; acceptor loss 0.68,Pathogenic,rs746085696,6619191C>G,Kousi et al. 2012,21990111,,,,CLN2
Pa-cln2.273,,DAT7_Kousi_2011_novel,,not identified,,,,,,Russia,,,"Kousi et al., 2012 (Burkina personal communication to NCL database)",21990111,,,,,,,,,,,,,,,,,,,,,CLN2
Pa-cln2.274,,DAT8_Kousi_2011_novel,,not identified,,,,,,Russia,,,"Kousi et al., 2012 (Burkina personal communication to NCL database)",21990111,,,,,,,,,,,,,,,,,,,,,CLN2
Pa-cln2.274,,DAT8_Kousi_2011_novel,cln2.010,p.(Gln66*),,,,,,Russia,,,"Kousi et al., 2012 (Burkina personal communication to NCL database)",21990111,,,,,,Exon 03,c.196C>T,p.(Gln66*),substitution,Nonsense,,,Pathogenic,rs759080581,6618809G>A,Sleat et al. 1999,10330339,,,,CLN2
Pa-cln2.275,,DAT9_Kousi_2011_novel,,not identified,,,,,,The Netherlands,,,"Kousi et al., 2012 (Taschner personal communication to NCL database)",21990111,,,,,,,,,,,,,,,,,,,,,CLN2
Pa-cln2.275,,DAT9_Kousi_2011_novel,cln2.011,p.(Gln75=),,,,,,The Netherlands,,,"Kousi et al., 2012 (Taschner personal communication to NCL database)",21990111,,,,,,Exon 03,c.225A>G,p.(Gln75=),substitution,cryptic splice acceptor variant,potential activation of splicing,,,,6618780T>C,Sleat et al. 1999,10330339,g.1946A>G,"Shown by Helman et al. 2021 to result in the creation of a novel donor splice site and a 5 nt truncation of exon 3, leading to a change in reading frame which is predicted to undergo nonsense mediated decay",,CLN2
Pa-cln2.276,,DAT10_Kousi_2011_novel,,not identified,,,,,,Canada,,,"Kousi et al., 2012 (Ray personal communication to NCL database)",21990111,,,,,,,,,,,,,,,,,,,,,CLN2
Pa-cln2.276,,DAT10_Kousi_2011_novel,cln2.052,p.(Arg127Gln),,,,,,Canada,,,"Kousi et al., 2012 (Ray personal communication to NCL database)",21990111,,,,,,Exon 04,c.380G>A,p.(Arg127Gln),substitution,Missense,Benign,,pathogenic,rs121908204,6617626C>T,Zhong et al. 2000,11339651,,,,CLN2
Pa-cln2.277,,DAT11_Kousi_2011_novel,cln2.004,c.509-1G>C,,,,,,Ireland,,,"Kousi et al., 2012 (GOS personal communication to NCL database)",21990111,,,,,,Intron 05,c.509-1G>C,,substitution,splice acceptor variant,,Acceptor loss 0.96,pathogenic,rs56144125,6617154C>G,Sleat et al. 1999,10330339, g.3556G>C,Described as p.(Phe169*) (Sleat) and p.(Val170Glyfs*29) (Sun et al.2012),,CLN2
Pa-cln2.277,,DAT11_Kousi_2011_novel,,not identified,,,,,,Ireland,,,"Kousi et al., 2012 (GOS personal communication to NCL database)",21990111,,,,,,,,,,,,,,,,,,,,,CLN2
Pa-cln2.278,,DAT12_Kousi_2011_novel,,not identified,,,,,,Russia,,,"Kousi et al., 2012 (Burkina personal communication to NCL database)",21990111,,,,,,,,,,,,,,,,,,,,,CLN2
Pa-cln2.278,,DAT12_Kousi_2011_novel,cln2.091,p.(Arg206His),,,,,,Russia,,,"Kousi et al., 2012 (Burkina personal communication to NCL database)",21990111,,,,,,Exon 06,c.617G>A,p.(Arg206His),substitution,Missense,Probably damaging,,likely pathogenic,rs121908209,6617045C>T,Kousi et al. 2012,21990111,,,,CLN2
Pa-cln2.279,,DAT13_Kousi_2011_novel,,not identified,,,,,,Russia,,,"Kousi et al., 2012 (Burkina personal communication to NCL database)",21990111,,,,,,,,,,,,,,,,,,,,,CLN2
Pa-cln2.279,,DAT13_Kousi_2011_novel,cln2.001,p.(Arg208*),,,,,,Russia,,,"Kousi et al., 2012 (Burkina personal communication to NCL database)",21990111,,,,,,Exon 06,c.622C>T,p.(Arg208*),substitution,Nonsense,,,pathogenic,rs119455955,6617040G>A,Sleat et al. 1999,10330339,,,,CLN2
Pa-cln2.280,,DAT14_Kousi_2011_novel,,not identified,,,,,,USA,,,"Kousi et al., 2012 (Xin personal communication to NCL database)",21990111,,,,,,,,,,,,,,,,,,,,,CLN2
Pa-cln2.280,,DAT14_Kousi_2011_novel,cln2.075,p.(Val216Met),,,,,,USA,,,"Kousi et al., 2012 (Xin personal communication to NCL database)",21990111,,,,,,Exon 06,c.646G>A,p.(Val216Met),substitution,Missense,Probably damaging,,,,"6617016C>T
","Wang et al, 2011, Neurogenetics epub 7 Sept",20820830,,,,CLN2
Pa-cln2.281,,DAT15_Kousi_2011_novel,,not identified,,,,,,USA,,,"Kousi et al., 2012 (Sleat personal communication to NCL database)",21990111,,,,,,,,,,,,,,,,,,,,,CLN2
Pa-cln2.281,,DAT15_Kousi_2011_novel,cln2.062,p.(Ser238*),,,,,,USA,,,"Kousi et al., 2012 (Sleat personal communication to NCL database)",21990111,,,,,,Exon 07,c.713C>G,p.(Ser238*),substitution,Nonsense,,,,,6616834G>C,Kousi et al. 2012,21990111,,,,CLN2
Pa-cln2.282,,DAT18_Kousi_2011_novel,,not identified,,,,,,Spain,,,"Kousi et al., 2012 (Mila personal communication to NCL database)",21990111,,,,,,,,,,,,,,,,,,,,,CLN2
Pa-cln2.282,,DAT18_Kousi_2011_novel,cln2.073,p.(Glu329_Asp330delinsAspSer),,,,,,Spain,,,"Kousi et al., 2012 (Mila personal communication to NCL database)",21990111,,,,,,Exon 08,c.987_989delinsCTC,p.(Glu329_Asp330delinsAspSer),deletion insertion,deletion insertion,,,,,6616401_6616403delinsGAG,Kousi et al. 2012,21990111,,,,CLN2
Pa-cln2.283,,DAT17_Kousi_2011_novel,,not identified,,,,,,USA,,,"Kousi et al., 2012 (Zhong personal communication to NCL database)",21990111,,,,,,,,,,,,,,,,,,,,,CLN2
Pa-cln2.283,,DAT17_Kousi_2011_novel,cln2.008,p.(His298Leufs*3),,,,,,USA,,,"Kousi et al., 2012 (Zhong personal communication to NCL database)",21990111,,,,,,Exon 08,c.888_1066del,p.(His298Leufs*3),deletion,frameshift,,,,,6616324_6616502del,Kousi et al. 2012,21990111,,,,CLN2
Pa-cln2.284,,DAT19_Kousi_2011_novel,,not identified,,,,,,Russia,,,"Kousi et al., 2012 (Burkina personal communication to NCL database)",21990111,,,,,,,,,,,,,,,,,,,,,CLN2
Pa-cln2.284,,DAT19_Kousi_2011_novel,cln2.093,p.(Asp328del),,,,,,Russia,,,"Kousi et al., 2012 (Burkina personal communication to NCL database)",21990111,,,,,,Exon 08,c.984_986del,p.(Asp328del),deletion,deletion,,,,,6616404_6616406del,Kousi et al. 2012,21990111,,,,CLN2
Pa-cln2.285,,DAT20_Kousi_2011_novel,,not identified,,,,,,France,,,"Kousi et al., 2012 (Caillaud personal communication to NCL database)",21990111,,,,,,,,,,,,,,,,,,,,,CLN2
Pa-cln2.285,,DAT20_Kousi_2011_novel,cln2.047,p.(Arg339Trp),,,,,,France,,,"Kousi et al., 2012 (Caillaud personal communication to NCL database)",21990111,,,,,,Exon 08,c.1015C>T,p.(Arg339Trp),substitution,Missense,Probably damaging,,pathogenic/likely pathogenic,rs750428882,6616375G>A,Kousi et al. 2012,21990111,,,,CLN2
Pa-cln2.286,,DAT21_Kousi_2011_novel,,not identified,,,,,,Russia,,,"Kousi et al., 2012 (Burkina personal communication to NCL database)",21990111,,,,,,,,,,,,,,,,,,,,,CLN2
Pa-cln2.286,,DAT21_Kousi_2011_novel,cln2.047,p.(Arg339Trp),,,,,,Russia,,,"Kousi et al., 2012 (Burkina personal communication to NCL database)",21990111,,,,,,Exon 08,c.1015C>T,p.(Arg339Trp),substitution,Missense,Probably damaging,,pathogenic/likely pathogenic,rs750428882,6616375G>A,Kousi et al. 2012,21990111,,,,CLN2
Pa-cln2.287,,DAT22_Kousi_2011_novel,,not identified,,,,,,USA,,,"Kousi et al., 2012 (Sleat personal communication to NCL database)",21990111,,,,,,,,,,,,,,,,,,,,,CLN2
Pa-cln2.287,,DAT22_Kousi_2011_novel,cln2.060,p.(Leu355Pro),,,,,,USA,,,"Kousi et al., 2012 (Sleat personal communication to NCL database)",21990111,,,,,,Exon 08,c.1064T>C,p.(Leu355Pro),substitution,Missense,Probably damaging,,,,6616326A>G,Kousi et al. 2012,21990111,,,,CLN2
Pa-cln2.288,,DAT23_Kousi_2011_novel,,not identified,,,,,,Ireland,,,"Kousi et al., 2012 (Schultz personal communication to NCL database)",21990111,,,,,,,,,,,,,,,,,,,,,CLN2
Pa-cln2.288,,DAT23_Kousi_2011_novel,cln2.003,p.(Cys365Tyr),,,,,,Ireland,,,"Kousi et al., 2012 (Schultz personal communication to NCL database)",21990111,,,,,,Exon 09,c.1094G>A,p.(Cys365Tyr),substitution,Missense,Probably damaging,,pathogenic/likely pathogenic,rs119455953,6616057C>T,Sleat et al. 1999,10330339,,,,CLN2
Pa-cln2.289,,DAT24_Kousi_2011_novel,,not identified,,,,,,Russia,,,"Kousi et al., 2012 (Johnson personal communication to NCL database)",21990111,,,,,,,,,,,,,,,,,,,,,CLN2
Pa-cln2.289,,DAT24_Kousi_2011_novel,cln2.024,p.(Ser475Leu),,,,,,Russia,,,"Kousi et al., 2012 (Johnson personal communication to NCL database)",21990111,,,,,,Exon 11,c.1424C>T,p.(Ser475Leu),substitution,Missense,Probably damaging,,not provided,rs121908202,6615172G>A,Sleat et al. 1999,10330339,,,,CLN2
Pa-cln2.290,,DAT25_Kousi_2011_novel,,not identified,,,,,,Czech Republic,,,"Kousi et al., 2012 (Elleder personal communication to NCL database)",21990111,,,,,,,,,,,,,,,,,,,,,CLN2
Pa-cln2.290,,DAT25_Kousi_2011_novel,cln2.080,p.(Val480Gly),,,,,,Czech Republic,,,"Kousi et al., 2012 (Elleder personal communication to NCL database)",21990111,,,,,,Exon 12,c.1439T>G,p.(Val480Gly),substitution,Missense,Probably damaging,,,,6614978A>C,"Elleder et al., Acta Neuropathol, 2008",18283468,,,,CLN2
Pa-cln2.291,,DAT26_Kousi_2011_novel,,not identified,,,,,,Ireland,,,"Kousi et al., 2012 (Schultz personal communication to NCL database)",21990111,,,,,,,,,,,,,,,,,,,,,CLN2
Pa-cln2.291,,DAT26_Kousi_2011_novel,cln2.045,p.(Gln509*),,,,,,Ireland,,,"Kousi et al., 2012 (Schultz personal communication to NCL database)",21990111,,,,,,Exon 12,c.1525C>T,p.(Gln509*),substitution,Nonsense,,,,,6614892G>A,"Caillaud et al., Hum Genet 65 suppl A232; 1999",,,,,CLN2
Pa-cln2.292,,DAT27_Kousi_2011_novel,,not identified,,,,,,France,,,"Kousi et al., 2012 (Caillaud personal communication to NCL database)",21990111,,,,,,,,,,,,,,,,,,,,,CLN2
Pa-cln2.292,,DAT27_Kousi_2011_novel,cln2.048,p.(Trp548*),,,,,,France,,,"Kousi et al., 2012 (Caillaud personal communication to NCL database)",21990111,,,,,,Exon 13,c.1644G>A,p.(Trp548*),substitution,Nonsense,,,,,6614594C>T,Kousi et al. 2012,21990111,,,,CLN2
Pa-cln2.293,,DAT28_Kousi_2011_novel,,not identified,,,,,,Russia,,,"Kousi et al., 2012 (Burkina personal communication to NCL database)",21990111,,,,,,,,,,,,,,,,,,,,,CLN2
Pa-cln2.293,,DAT28_Kousi_2011_novel,cln2.027,p.(Leu560Thrfs*47),,,,,,Russia,,,"Kousi et al., 2012 (Burkina personal communication to NCL database)",21990111,,,,,,Exon 13,c.1678_1679del,p.(Leu560Thrfs*47),deletion,frameshift,,,,,6614559_6614560del,Sleat et al. 1999,10330339,,,,CLN2
Pa-cln2.294,,1_Caillaud_1999,,not identified,,,,,,France,,,"Caillaud et al., Hum Genet 65 suppl A232; 1999",ashg.org/genetics/abstracts/abs99/f1287.htm,,,,,,,,,,,,,,,,,,,,,CLN2
Pa-cln2.294,,1_Caillaud_1999,cln2.004,c.509-1G>C,,,,,,France,,,"Caillaud et al., Hum Genet 65 suppl A232; 1999",ashg.org/genetics/abstracts/abs99/f1287.htm,,,,,,Intron 05,c.509-1G>C,,substitution,splice acceptor variant,,Acceptor loss 0.96,pathogenic,rs56144125,6617154C>G,Sleat et al. 1999,10330339, g.3556G>C,Described as p.(Phe169*) (Sleat) and p.(Val170Glyfs*29) (Sun et al.2012),,CLN2
Pa-cln2.295,,2_Caillaud_1999,,not identified,,,,,,France,,,"Caillaud et al., Hum Genet 65 suppl A232; 1999",ashg.org/genetics/abstracts/abs99/f1287.htm,,,,,,,,,,,,,,,,,,,,,CLN2
Pa-cln2.295,,2_Caillaud_1999,cln2.001,p.(Arg208*),,,,,,France,,,"Caillaud et al., Hum Genet 65 suppl A232; 1999",ashg.org/genetics/abstracts/abs99/f1287.htm,,,,,,Exon 06,c.622C>T,p.(Arg208*),substitution,Nonsense,,,pathogenic,rs119455955,6617040G>A,Sleat et al. 1999,10330339,,,,CLN2
Pa-cln2.296,,3_Caillaud_1999,,not identified,,,,,,France,,,"Caillaud et al., Hum Genet 65 suppl A232; 1999",ashg.org/genetics/abstracts/abs99/f1287.htm,,,,,,,,,,,,,,,,,,,,,CLN2
Pa-cln2.296,,3_Caillaud_1999,cln2.045,p.(Gln509*),,,,,,France,,,"Caillaud et al., Hum Genet 65 suppl A232; 1999",ashg.org/genetics/abstracts/abs99/f1287.htm,,,,,,Exon 12,c.1525C>T,p.(Gln509*),substitution,Nonsense,,,,,6614892G>A,"Caillaud et al., Hum Genet 65 suppl A232; 1999",,,,,CLN2
Pa-cln2.297,,4_Caillaud_1999,,not identified,,,,,,France,,,"Caillaud et al., Hum Genet 65 suppl A232; 1999",ashg.org/genetics/abstracts/abs99/f1287.htm,,,,,,,,,,,,,,,,,,,,,CLN2
Pa-cln2.297,,4_Caillaud_1999,cln2.043,p.(Ser153Pro),,,,,,France,,,"Caillaud et al., Hum Genet 65 suppl A232; 1999",ashg.org/genetics/abstracts/abs99/f1287.htm,,,,,,Exon 05,c.457T>C,p.(Ser153Pro),substitution,Missense,Probably damaging,,,,6617352A>G,"Caillaud et al., Hum Genet 65 suppl A232; 1999",,,,,CLN2
Pa-cln2.298,,5_Caillaud_1999,cln2.044,c.1076-2A>G,,,,,,France,,,"Caillaud et al., Hum Genet 65 suppl A232; 1999",ashg.org/genetics/abstracts/abs99/f1287.htm,,,,,,Intron 08,c.1076-2A>G,,substitution,splice acceptor variant,most probably affecting splicing,Acceptor loss 1.00; acceptor gain 0.55,,,6616076T>C,"Caillaud et al., Hum Genet 65 suppl A232; 1999",,,,,CLN2
Pa-cln2.298,,5_Caillaud_1999,,not identified,,,,,,France,,,"Caillaud et al., Hum Genet 65 suppl A232; 1999",ashg.org/genetics/abstracts/abs99/f1287.htm,,,,,,,,,,,,,,,,,,,,,CLN2
Pa-cln2.299,,6_Caillaud_1999,,not identified,,,,,,France,,,"Caillaud et al., Hum Genet 65 suppl A232; 2000",ashg.org/genetics/abstracts/abs99/f1287.htm,,,,,,,,,,,,,,,,,,,,,CLN2
Pa-cln2.299,,6_Caillaud_1999,cln2.046,p.(Cys537Trpfs*67),,,,,,France,,,"Caillaud et al., Hum Genet 65 suppl A232; 2000",ashg.org/genetics/abstracts/abs99/f1287.htm,,,,,,Exon 13,c.1611_1621del,p.(Cys537Trpfs*67),deletion,frameshift,,,,,6614617_6614627del,"Caillaud et al., Hum Genet 65 suppl A232; 1999",,,,,CLN2
Pa-cln2.245,,N7103_Kousi_2011_novel,,not identified,,p.Ile107Ser (homo) cln8,,,,Turkey,,,"Kousi et al., 2012",21990111,,,,,,,,,,,,,,,,,,,,,CLN2
Pa-cln2.245,,N7103_Kousi_2011_novel,cln2.117,p.(Gly501Alafs*18),,p.Ile107Ser (homo) cln8,,,,Turkey,,,"Kousi et al., 2012",21990111,,,,,,Exon 12,c.1497del,p.(Gly501Alafs*18),deletion,frameshift,,,pathogenic,,6614920del,Kousi et al. 2012,21990111,,,,CLN2
Pa-cln2.301,,2_Mole_2001,,not identified,,,,,,Africa,,,"Mole et al.,Eur J Pediatr Neurol.,2002",11589012,,,,,,,,,,,,,,,,,,,,,CLN2
Pa-cln2.301,,2_Mole_2001,cln2.049,p.(Pro202Leu),,,,,,Africa,,,"Mole et al.,Eur J Pediatr Neurol.,2002",11589012,,,,,,Exon 06,c.605C>T,p.(Pro202Leu),substitution,Missense,Probably damaging,,likely pathogenic,rs121908205,6617057G>A,Mole et al. 2001,11589012,,,,CLN2
Pa-cln2.302,,1_Franken_1999,cln2.004,c.509-1G>C,,,,,,The Netherlands,,,"Franken et al., Hum Genet 65 suppl A232,1999   ",ashg.org/genetics/abstracts/abs99/f1307.htm,,,,,,Intron 05,c.509-1G>C,,substitution,splice acceptor variant,,Acceptor loss 0.96,pathogenic,rs56144125,6617154C>G,Sleat et al. 1999,10330339, g.3556G>C,Described as p.(Phe169*) (Sleat) and p.(Val170Glyfs*29) (Sun et al.2012),,CLN2
Pa-cln2.303,,1_Franken_1999,cln2.004,c.509-1G>C,,,,,,The Netherlands,,,"Franken et al., Hum Genet 65 suppl A232,1999   ",ashg.org/genetics/abstracts/abs99/f1307.htm,,,,,,Intron 05,c.509-1G>C,,substitution,splice acceptor variant,,Acceptor loss 0.96,pathogenic,rs56144125,6617154C>G,Sleat et al. 1999,10330339, g.3556G>C,Described as p.(Phe169*) (Sleat) and p.(Val170Glyfs*29) (Sun et al.2012),,CLN2
Pa-cln2.304,,1_Franken_1999,cln2.004,c.509-1G>C,,,,,,The Netherlands,,,"Franken et al., Hum Genet 65 suppl A232,1999   ",ashg.org/genetics/abstracts/abs99/f1307.htm,,,,,,Intron 05,c.509-1G>C,,substitution,splice acceptor variant,,Acceptor loss 0.96,pathogenic,rs56144125,6617154C>G,Sleat et al. 1999,10330339, g.3556G>C,Described as p.(Phe169*) (Sleat) and p.(Val170Glyfs*29) (Sun et al.2012),,CLN2
Pa-cln2.305,,1_Franken_1999,cln2.004,c.509-1G>C,,,,,,The Netherlands,,,"Franken et al., Hum Genet 65 suppl A232,1999   ",ashg.org/genetics/abstracts/abs99/f1307.htm,,,,,,Intron 05,c.509-1G>C,,substitution,splice acceptor variant,,Acceptor loss 0.96,pathogenic,rs56144125,6617154C>G,Sleat et al. 1999,10330339, g.3556G>C,Described as p.(Phe169*) (Sleat) and p.(Val170Glyfs*29) (Sun et al.2012),,CLN2
Pa-cln2.306,,1_Franken_1999,,not identified,,,,,,The Netherlands,,,"Franken et al., Hum Genet 65 suppl A232,1999   ",ashg.org/genetics/abstracts/abs99/f1307.htm,,,,,,,,,,,,,,,,,,,,,CLN2
Pa-cln2.306,,1_Franken_1999,cln2.004,c.509-1G>C,,,,,,The Netherlands,,,"Franken et al., Hum Genet 65 suppl A232,1999   ",ashg.org/genetics/abstracts/abs99/f1307.htm,,,,,,Intron 05,c.509-1G>C,,substitution,splice acceptor variant,,Acceptor loss 0.96,pathogenic,rs56144125,6617154C>G,Sleat et al. 1999,10330339, g.3556G>C,Described as p.(Phe169*) (Sleat) and p.(Val170Glyfs*29) (Sun et al.2012),,CLN2
Pa-cln2.307,,1_Franken_1999,,not identified,,,,,,The Netherlands,,,"Franken et al., Hum Genet 65 suppl A232,1999   ",ashg.org/genetics/abstracts/abs99/f1307.htm,,,,,,,,,,,,,,,,,,,,,CLN2
Pa-cln2.307,,1_Franken_1999,cln2.004,c.509-1G>C,,,,,,The Netherlands,,,"Franken et al., Hum Genet 65 suppl A232,1999   ",ashg.org/genetics/abstracts/abs99/f1307.htm,,,,,,Intron 05,c.509-1G>C,,substitution,splice acceptor variant,,Acceptor loss 0.96,pathogenic,rs56144125,6617154C>G,Sleat et al. 1999,10330339, g.3556G>C,Described as p.(Phe169*) (Sleat) and p.(Val170Glyfs*29) (Sun et al.2012),,CLN2
Pa-cln2.308,REL16,II-1,cln2.075,p.(Val216Met),,,late infantile,3,,China,,China,"Chen, ZR et al, 2019",31059981,noted as mild,,,,,Exon 06,c.646G>A,p.(Val216Met),substitution,Missense,Probably damaging,,,,"6617016C>T
","Wang et al, 2011, Neurogenetics epub 7 Sept",20820830,,,,CLN2
Pa-cln2.309,REL16,II-2,cln2.075,p.(Val216Met),,,late infantile,3.5,,China,,China,"Chen, ZR et al, 2019",31059981,noted as mild,,,,,Exon 06,c.646G>A,p.(Val216Met),substitution,Missense,Probably damaging,,,,"6617016C>T
","Wang et al, 2011, Neurogenetics epub 7 Sept",20820830,,,,CLN2
Pa-cln2.310,,4_Halac_2005,cln2.123,c.89+4A>G ,p.(Val426Val) - no information about nucleotide change,,,,,Argentina,,,"Noher de Halac, Neuronal Ceroid Lipofuscinoses (Batten Disease) in Latin America: an update; 2005",,,,,,,Intron 02,c.89+4A>G,,substitution,stop lost,potential alteration of splicing,Donor loss 0.74; acceptor loss 0.69,,,6619192T>C,Noher de Halac et al. 2005. In: Neuronal Ceroid Lipofuscinoses (Batten Disease) in Latin America - an update. ,,,,,CLN2
Pa-cln2.310,,4_Halac_2005,cln2.010,p.(Gln66*),p.(Val426Val) - no information about nucleotide change,,,,,Argentina,,,"Noher de Halac, Neuronal Ceroid Lipofuscinoses (Batten Disease) in Latin America: an update; 2005",,,,,,,Exon 03,c.196C>T,p.(Gln66*),substitution,Nonsense,,,Pathogenic,rs759080581,6618809G>A,Sleat et al. 1999,10330339,,,,CLN2
Pa-cln2.311,,DAT16_Kousi_2011_novel ,,not identified,,,,,,Russia,,,"Kousi et al., 2012 (Burkina personal communication to NCL database)",21990111,,,,,,,,,,,,,,,,,,,,,CLN2
Pa-cln2.311,,DAT16_Kousi_2011_novel ,cln2.092,p.(Met281Ile),,,,,,Russia,,,"Kousi et al., 2012 (Burkina personal communication to NCL database)",21990111,,,,,,Exon 07,c.843G>T,p.(Met281Ile),substitution,Missense,Possibly damaging,,,,6616704C>A,Kousi et al. 2012,21990111,,,,CLN2
Pa-cln2.312,,2_Chang_2012,cln2.125,p.(Asp517Hisfs*1),,,late infantile,3,CL (lymphocyte),China,,,"Chang et al, 2012, Brain Dev",22245569,,,,,,exon 12,c.1547_1548insTCAT ,p.(Asp517Hisfs*1),insertion,frameshift,,,,,g.6614869_6614870insATGA,"Chang et al, 2012, Brain Dev",22245569,c.1546-1547insTTCA ,,,CLN2
Pa-cln2.312,,2_Chang_2012,cln2.124,p.(Glu139Glyfs*1),,,late infantile,3,CL (lymphocyte),China,,,"Chang et al, 2012, Brain Dev",22245569,,,,,,Exon 05,c.406_409dup,p.(Glu139Glyfs*1),duplication,frameshift,,,,,6617400_6617403dup,"Chang et al, 2012, Brain Dev",22245569,c.409-410insGCTG,,,CLN2
Pa-cln2.313,,5_Chang_2012,cln2.127,c.381-17_381-4del,,,late infantile,3.5,CL (lymphocyte),China,,,"Chang et al, 2012, Brain Dev",22245569,,,,,,Intron 04,c.381-17_381-4del,,deletion,splice region variant,Probably no impact on splicing,acceptor loss 0.8; acceptor gain 0.57,,,6617432_6617445del,"Chang et al, 2012, Brain Dev",22245569,IVS4-17~-4delTGTTCTCTGACCTC,,,CLN2
Pa-cln2.313,,5_Chang_2012,cln2.126,p.(Gly77*),,,late infantile,3.5,CL (lymphocyte),China,,,"Chang et al, 2012, Brain Dev",22245569,,,,,,Exon 03,c.229G>T,p.(Gly77*),substitution,Nonsense,,,,,6618776C>A,"Chang et al, 2012, Brain Dev",22245569,,splice junction,,CLN2
Pa-cln2.314,,6_Chang_2012,cln2.001,p.(Arg208*),,,late infantile,2.5,,China,,,"Chang et al, 2012, Brain Dev",22245569,,,,,,Exon 06,c.622C>T,p.(Arg208*),substitution,Nonsense,,,pathogenic,rs119455955,6617040G>A,Sleat et al. 1999,10330339,,,,CLN2
Pa-cln2.314,,6_Chang_2012,cln2.108,p.(Gln214*),,,late infantile,2.5,,China,,,"Chang et al, 2012, Brain Dev",22245569,,,,,,Exon 06,c.640C>T,p.(Gln214*),substitution,Nonsense,,,pathogenic,rs752164603 ,6617022G>A,Kousi et al. 2012,21990111,,,,CLN2
Pa-cln2.315,,8_Chang_2012,cln2.108,p.(Gln214*),,,late infantile,3,none,China,,,"Chang et al, 2012, Brain Dev",22245569,,,,,,Exon 06,c.640C>T,p.(Gln214*),substitution,Nonsense,,,pathogenic,rs752164603 ,6617022G>A,Kousi et al. 2012,21990111,,,,CLN2
Pa-cln2.315,,8_Chang_2012,cln2.128,p.(Gly217Asp),,,late infantile,3,none,China,,,"Chang et al, 2012, Brain Dev",22245569,,,,,,Exon 06,c.650G>T,p.(Gly217Asp),substitution,Missense,Probably damaging,,,,"6617012C>A
","Chang et al, 2012, Brain Dev",22245569,,,,CLN2
Pa-cln2.316,,9_Chang_2012,,not identified,,,late infantile,2,CL (lymphocyte),China,,,"Chang et al, 2012, Brain Dev",22245569,,,,,,,,,,,,,,,,,,,,,CLN2
Pa-cln2.316,,9_Chang_2012,cln2.129,p.(Glu59Aspfs*20),,,late infantile,2,CL (lymphocyte),China,,,"Chang et al, 2012, Brain Dev",22245569,,,,,,Exon 03,c.177-180del,p.(Glu59Aspfs*20),deletion,frameshift,,,,,6618825_6618828del,"Chang et al, 2012, Brain Dev",22245569,,,,CLN2
Pa-cln2.317,,1_Minh_2012,cln2.004,c.509-1G>C,,,late infantile,,CL (skin),"Ireland, Germany",Slavic,USA,"Minh et al, 2012,  J Child Neurol 27:234-7",21940688,,,,,,Intron 05,c.509-1G>C,,substitution,splice acceptor variant,,Acceptor loss 0.96,pathogenic,rs56144125,6617154C>G,Sleat et al. 1999,10330339, g.3556G>C,Described as p.(Phe169*) (Sleat) and p.(Val170Glyfs*29) (Sun et al.2012),,CLN2
Pa-cln2.317,,1_Minh_2012,cln2.001,p.(Arg208*),,,late infantile,,CL (skin),"Ireland, Germany",Slavic,USA,"Minh et al, 2012,  J Child Neurol 27:234-7",21940688,,,,,,Exon 06,c.622C>T,p.(Arg208*),substitution,Nonsense,,,pathogenic,rs119455955,6617040G>A,Sleat et al. 1999,10330339,,,,CLN2
Pa-cln2.318,REL12,A-III.2_Sun_2013 (III-7 Breeveld),cln2.004,c.509-1G>C,,,autosomal recessive spinocerebellar ataxia 7,,none,The Netherlands,,The Netherlands,Sun et al. 2013 Hum Mutat 34:706-13,23418007,,,,,,Intron 05,c.509-1G>C,,substitution,splice acceptor variant,,Acceptor loss 0.96,pathogenic,rs56144125,6617154C>G,Sleat et al. 1999,10330339, g.3556G>C,Described as p.(Phe169*) (Sleat) and p.(Val170Glyfs*29) (Sun et al.2012),,CLN2
Pa-cln2.318,REL12,A-III.2_Sun_2013 (III-7 Breeveld),cln2.130,p.(Val466Gly),,,autosomal recessive spinocerebellar ataxia 7,,none,The Netherlands,,The Netherlands,Sun et al. 2013 Hum Mutat 34:706-13,23418007,,,,,,Exon 11,c.1397T>G,p.(Val466Gly),substitution,Missense,probably damaging,,Pathogenic,rs398122959,6615199A>C,Sun et al. Hum Mutat 2013,23418007,,,,CLN2
Pa-cln2.319,REL12,A-III.3_Sun_2013 (III-8 Breeveld),cln2.004,c.509-1G>C,,,autosomal recessive spinocerebellar ataxia 7,,,The Netherlands,,The Netherlands,Sun et al. 2013 Hum Mutat 34:706-13,23418007,,,,,,Intron 05,c.509-1G>C,,substitution,splice acceptor variant,,Acceptor loss 0.96,pathogenic,rs56144125,6617154C>G,Sleat et al. 1999,10330339, g.3556G>C,Described as p.(Phe169*) (Sleat) and p.(Val170Glyfs*29) (Sun et al.2012),,CLN2
Pa-cln2.319,REL12,A-III.3_Sun_2013 (III-8 Breeveld),cln2.130,p.(Val466Gly),,,autosomal recessive spinocerebellar ataxia 7,,,The Netherlands,,The Netherlands,Sun et al. 2013 Hum Mutat 34:706-13,23418007,,,,,,Exon 11,c.1397T>G,p.(Val466Gly),substitution,Missense,probably damaging,,Pathogenic,rs398122959,6615199A>C,Sun et al. Hum Mutat 2013,23418007,,,,CLN2
Pa-cln2.320,REL12,A-III.6_Sun_2013 (III-12 Breeveld),cln2.004,c.509-1G>C,,,autosomal recessive spinocerebellar ataxia 7,,,The Netherlands,,The Netherlands,Sun et al. 2013 Hum Mutat 34:706-13,23418007,,,,,,Intron 05,c.509-1G>C,,substitution,splice acceptor variant,,Acceptor loss 0.96,pathogenic,rs56144125,6617154C>G,Sleat et al. 1999,10330339, g.3556G>C,Described as p.(Phe169*) (Sleat) and p.(Val170Glyfs*29) (Sun et al.2012),,CLN2
Pa-cln2.320,REL12,A-III.6_Sun_2013 (III-12 Breeveld),cln2.130,p.(Val466Gly),,,autosomal recessive spinocerebellar ataxia 7,,,The Netherlands,,The Netherlands,Sun et al. 2013 Hum Mutat 34:706-13,23418007,,,,,,Exon 11,c.1397T>G,p.(Val466Gly),substitution,Missense,probably damaging,,Pathogenic,rs398122959,6615199A>C,Sun et al. Hum Mutat 2013,23418007,,,,CLN2
Pa-cln2.321,REL12,A-III.9_Sun_2013 (III-15 Breeveld),cln2.004,c.509-1G>C,,,autosomal recessive spinocerebellar ataxia 7,,,The Netherlands,,The Netherlands,Sun et al. 2013 Hum Mutat 34:706-13,23418007,,,,,,Intron 05,c.509-1G>C,,substitution,splice acceptor variant,,Acceptor loss 0.96,pathogenic,rs56144125,6617154C>G,Sleat et al. 1999,10330339, g.3556G>C,Described as p.(Phe169*) (Sleat) and p.(Val170Glyfs*29) (Sun et al.2012),,CLN2
Pa-cln2.321,REL12,A-III.9_Sun_2013 (III-15 Breeveld),cln2.130,p.(Val466Gly),,,autosomal recessive spinocerebellar ataxia 7,,,The Netherlands,,The Netherlands,Sun et al. 2013 Hum Mutat 34:706-13,23418007,,,,,,Exon 11,c.1397T>G,p.(Val466Gly),substitution,Missense,probably damaging,,Pathogenic,rs398122959,6615199A>C,Sun et al. Hum Mutat 2013,23418007,,,,CLN2
Pa-cln2.322,REL12,A-III.10_Sun_2013 (III-16 Breeveld),cln2.004,c.509-1G>C,,,autosomal recessive spinocerebellar ataxia 7,,,The Netherlands,,The Netherlands,Sun et al. 2013 Hum Mutat 34:706-13,23418007,,,,,,Intron 05,c.509-1G>C,,substitution,splice acceptor variant,,Acceptor loss 0.96,pathogenic,rs56144125,6617154C>G,Sleat et al. 1999,10330339, g.3556G>C,Described as p.(Phe169*) (Sleat) and p.(Val170Glyfs*29) (Sun et al.2012),,CLN2
Pa-cln2.322,REL12,A-III.10_Sun_2013 (III-16 Breeveld),cln2.130,p.(Val466Gly),,,autosomal recessive spinocerebellar ataxia 7,,,The Netherlands,,The Netherlands,Sun et al. 2013 Hum Mutat 34:706-13,23418007,,,,,,Exon 11,c.1397T>G,p.(Val466Gly),substitution,Missense,probably damaging,,Pathogenic,rs398122959,6615199A>C,Sun et al. Hum Mutat 2013,23418007,,,,CLN2
Pa-cln2.323,,B-II.1_Sun_2013,cln2.004,c.509-1G>C,,,autosomal recessive spinocerebellar ataxia 7,18,none,The Netherlands,,The Netherlands,Sun et al. 2013 Hum Mutat 34:706-13,23418007,"Differential diagnoses include lipid storage diseases (such as neuronal ceroid lipofuscinosis) and Leber hereditary optic neuropathy. Other forms of ADCA (autosomal dominant cerebellar ataxia) should also be considered but can be excluded based on the absence of retinal degeneration, which is unique to SCA7.",,,atypical age,,Intron 05,c.509-1G>C,,substitution,splice acceptor variant,,Acceptor loss 0.96,pathogenic,rs56144125,6617154C>G,Sleat et al. 1999,10330339, g.3556G>C,Described as p.(Phe169*) (Sleat) and p.(Val170Glyfs*29) (Sun et al.2012),,CLN2
Pa-cln2.323,,B-II.1_Sun_2013,cln2.130,p.(Val466Gly),,,autosomal recessive spinocerebellar ataxia 7,18,none,The Netherlands,,The Netherlands,Sun et al. 2013 Hum Mutat 34:706-13,23418007,,,,,,Exon 11,c.1397T>G,p.(Val466Gly),substitution,Missense,probably damaging,,Pathogenic,rs398122959,6615199A>C,Sun et al. Hum Mutat 2013,23418007,,,,CLN2
Pa-cln2.324,,C_Sun_2013,cln2.004,c.509-1G>C,,,late infantile,3,,The Netherlands,,The Netherlands,Sun et al. 2013 Hum Mutat 34:706-13,23418007,,,,,,Intron 05,c.509-1G>C,,substitution,splice acceptor variant,,Acceptor loss 0.96,pathogenic,rs56144125,6617154C>G,Sleat et al. 1999,10330339, g.3556G>C,Described as p.(Phe169*) (Sleat) and p.(Val170Glyfs*29) (Sun et al.2012),,CLN2
Pa-cln2.325,,D_Sun_2013,,not identified,,,late infantile,4.5,,The Netherlands,,The Netherlands,Sun et al. 2013 Hum Mutat 34:706-13,23418007,,,,,,,,,,,,,,,,,,,,,CLN2
Pa-cln2.326,REL13,E1_Sun_2013,cln2.004,c.509-1G>C,,,late infantile,3.5,,The Netherlands,,The Netherlands,Sun et al. 2013 Hum Mutat 34:706-13,23418007,,,,,,Intron 05,c.509-1G>C,,substitution,splice acceptor variant,,Acceptor loss 0.96,pathogenic,rs56144125,6617154C>G,Sleat et al. 1999,10330339, g.3556G>C,Described as p.(Phe169*) (Sleat) and p.(Val170Glyfs*29) (Sun et al.2012),,CLN2
Pa-cln2.327,REL13,E2_Sun_2013,cln2.004,c.509-1G>C,,,late infantile,3,,The Netherlands,,The Netherlands,Sun et al. 2013 Hum Mutat 34:706-13,23418007,,,,,,Intron 05,c.509-1G>C,,substitution,splice acceptor variant,,Acceptor loss 0.96,pathogenic,rs56144125,6617154C>G,Sleat et al. 1999,10330339, g.3556G>C,Described as p.(Phe169*) (Sleat) and p.(Val170Glyfs*29) (Sun et al.2012),,CLN2
Pa-cln2.328,,F_Sun_2013,,not identified,,,late infantile,4,,The Netherlands,,The Netherlands,Sun et al. 2013 Hum Mutat 34:706-13,23418007,,,,,,,,,,,,,,,,,,,,,CLN2
Pa-cln2.329,,G_Sun_2013,cln2.004,c.509-1G>C,,,infantile,1.5,,The Netherlands,,The Netherlands,Sun et al. 2013 Hum Mutat 34:706-13,23418007,,,,,,Intron 05,c.509-1G>C,,substitution,splice acceptor variant,,Acceptor loss 0.96,pathogenic,rs56144125,6617154C>G,Sleat et al. 1999,10330339, g.3556G>C,Described as p.(Phe169*) (Sleat) and p.(Val170Glyfs*29) (Sun et al.2012),,CLN2
Pa-cln2.329,,G_Sun_2013,cln2.001,p.(Arg208*),,,infantile,1.5,,The Netherlands,,The Netherlands,Sun et al. 2013 Hum Mutat 34:706-13,23418007,,,,,,Exon 06,c.622C>T,p.(Arg208*),substitution,Nonsense,,,pathogenic,rs119455955,6617040G>A,Sleat et al. 1999,10330339,,,,CLN2
Pa-cln2.330,,H_Sun_2013,,not identified,,,late infantile,4,,The Netherlands,,The Netherlands,Sun et al. 2013 Hum Mutat 34:706-13,23418007,,,,,,,,,,,,,,,,,,,,,CLN2
Pa-cln2.331,,I_Sun_2013,cln2.001,p.(Arg208*),,,late infantile,4,,The Netherlands,,The Netherlands,Sun et al. 2013 Hum Mutat 34:706-13,23418007,,,,,,Exon 06,c.622C>T,p.(Arg208*),substitution,Nonsense,,,pathogenic,rs119455955,6617040G>A,Sleat et al. 1999,10330339,,,,CLN2
Pa-cln2.331,,I_Sun_2013,cln2.022,p.(Gln422His,,,late infantile,4,,The Netherlands,,The Netherlands,Sun et al. 2013 Hum Mutat 34:706-13,23418007,,,,,,Exon 10,c.1266G>C,p.(Gln422His),substitution,Missense,Probably damaging,,Pathogenic,rs121908200 ,6615442C>G,Sleat et al. 1999,10330339,,,,CLN2
Pa-cln2.332,,L_Sun_2013,,not identified,,,late infantile,4,,The Netherlands,,The Netherlands,Sun et al. 2013 Hum Mutat 34:706-13,23418007,,,,,,,,,,,,,,,,,,,,,CLN2
Pa-cln2.333,,M_Sun_2013,cln2.004,c.509-1G>C,,,late infantile,3,CL,The Netherlands,,The Netherlands,Sun et al. 2013 Hum Mutat 34:706-13,23418007,,,,,,Intron 05,c.509-1G>C,,substitution,splice acceptor variant,,Acceptor loss 0.96,pathogenic,rs56144125,6617154C>G,Sleat et al. 1999,10330339, g.3556G>C,Described as p.(Phe169*) (Sleat) and p.(Val170Glyfs*29) (Sun et al.2012),,CLN2
Pa-cln2.333,,M_Sun_2013,cln2.001,p.(Arg208*),,,late infantile,3,CL,The Netherlands,,The Netherlands,Sun et al. 2013 Hum Mutat 34:706-13,23418007,,,,,,Exon 06,c.622C>T,p.(Arg208*),substitution,Nonsense,,,pathogenic,rs119455955,6617040G>A,Sleat et al. 1999,10330339,,,,CLN2
Pa-cln2.334,,N_Sun_2013,cln2.004,c.509-1G>C,,,infantile,1.5,,The Netherlands,,The Netherlands,Sun et al. 2013 Hum Mutat 34:706-13,23418007,,,,,,Intron 05,c.509-1G>C,,substitution,splice acceptor variant,,Acceptor loss 0.96,pathogenic,rs56144125,6617154C>G,Sleat et al. 1999,10330339, g.3556G>C,Described as p.(Phe169*) (Sleat) and p.(Val170Glyfs*29) (Sun et al.2012),,CLN2
Pa-cln2.334,,N_Sun_2013,cln2.001,p.(Arg208*),,,infantile,1.5,,The Netherlands,,The Netherlands,Sun et al. 2013 Hum Mutat 34:706-13,23418007,,,,,,Exon 06,c.622C>T,p.(Arg208*),substitution,Nonsense,,,pathogenic,rs119455955,6617040G>A,Sleat et al. 1999,10330339,,,,CLN2
Pa-cln2.335,REL14,O1_Sun_2013,cln2.011,p.(Gln75=),,,late infantile,3,CL,The Netherlands,,The Netherlands,Sun et al. 2013 Hum Mutat 34:706-13,23418007,,,,,,Exon 03,c.225A>G,p.(Gln75=),substitution,cryptic splice acceptor variant,potential activation of splicing,,,,6618780T>C,Sleat et al. 1999,10330339,g.1946A>G,"Shown by Helman et al. 2021 to result in the creation of a novel donor splice site and a 5 nt truncation of exon 3, leading to a change in reading frame which is predicted to undergo nonsense mediated decay",,CLN2
Pa-cln2.335,REL14,O1_Sun_2013,cln2.001,p.(Arg208*),,,late infantile,3,CL,The Netherlands,,The Netherlands,Sun et al. 2013 Hum Mutat 34:706-13,23418007,,,,,,Exon 06,c.622C>T,p.(Arg208*),substitution,Nonsense,,,pathogenic,rs119455955,6617040G>A,Sleat et al. 1999,10330339,,,,CLN2
Pa-cln2.336,REL14,O2_Sun_2013,cln2.011,p.(Gln75=),,,late infantile,3,CL,The Netherlands,,The Netherlands,Sun et al. 2013 Hum Mutat 34:706-13,23418007,,,,,,Exon 03,c.225A>G,p.(Gln75=),substitution,cryptic splice acceptor variant,potential activation of splicing,,,,6618780T>C,Sleat et al. 1999,10330339,g.1946A>G,"Shown by Helman et al. 2021 to result in the creation of a novel donor splice site and a 5 nt truncation of exon 3, leading to a change in reading frame which is predicted to undergo nonsense mediated decay",,CLN2
Pa-cln2.336,REL14,O2_Sun_2013,cln2.001,p.(Arg208*),,,late infantile,3,CL,The Netherlands,,The Netherlands,Sun et al. 2013 Hum Mutat 34:706-13,23418007,,,,,,Exon 06,c.622C>T,p.(Arg208*),substitution,Nonsense,,,pathogenic,rs119455955,6617040G>A,Sleat et al. 1999,10330339,,,,CLN2
Pa-cln2.337,,016-0303-AR,cln2.001,p.(Arg208*),,,late infantile,3,CL,Argentina,,Argentina,Kohan et al. 2013,23266810,,,,,,Exon 06,c.622C>T,p.(Arg208*),substitution,Nonsense,,,pathogenic,rs119455955,6617040G>A,Sleat et al. 1999,10330339,,,,CLN2
Pa-cln2.337,,016-0303-AR,cln2.089,p.(Asp276Val),,,late infantile,3,CL,Argentina,,Argentina,Kohan et al. 2013,23266810,,,,,,Exon 07,c.827A>T,p.(Asp276Val),substitution,Missense,Probably damaging,,Pathogenic,rs763162812,6616720T>A,"Kohan et al., Clin Genet, 2009; Kohan et al., 2013, Gene 516:114-21",23266810,,,,CLN2
Pa-cln2.338,,070-0701-AR,cln2.089,p.(Asp276Val),,,late infantile,3,CL,Argentina,,Argentina,Kohan et al. 2013,23266810,,,,,,Exon 07,c.827A>T,p.(Asp276Val),substitution,Missense,Probably damaging,,Pathogenic,rs763162812,6616720T>A,"Kohan et al., Clin Genet, 2009; Kohan et al., 2013, Gene 516:114-21",23266810,,,,CLN2
Pa-cln2.339,,073-0312-AR,cln2.089,p.(Asp276Val),,,late infantile,3,CL,Argentina,,Argentina,Kohan et al. 2013,23266810,,,,,,Exon 07,c.827A>T,p.(Asp276Val),substitution,Missense,Probably damaging,,Pathogenic,rs763162812,6616720T>A,"Kohan et al., Clin Genet, 2009; Kohan et al., 2013, Gene 516:114-21",23266810,,,,CLN2
Pa-cln2.340,REL16,082-2219-AR,cln2.090,p.(Ala453Val), rs1800710 (het),,late infantile,4,CL,Argentina,,Argentina,Kohan et al. 2013,23266810,,,,,,Exon 11,c.1358C>T,p.(Ala453Val),substitution,Missense,Probably damaging,,,,6615238G>A,"Kohan et al., Clin Genet, 2009",23266810,,,,CLN2
Pa-cln2.340,REL16,082-2219-AR,cln2.083,p.(Leu104*), rs1800710 (het),,late infantile,4,CL,Argentina,,Argentina,Kohan et al. 2013,23266810,,,,,,Exon 04,c.311T>A,p.(Leu104*),substitution,Nonsense,,,pathogenic,rs202189057,6617695A>T,"Kohan et al., Human Genet, 2008",20960655,,,,CLN2
Pa-cln2.341,REL16,082-1806-AR,cln2.090,p.(Ala453Val),,,late infantile,4.5,,Argentina,,Argentina,Kohan et al. 2013,23266810,,,,,,Exon 11,c.1358C>T,p.(Ala453Val),substitution,Missense,Probably damaging,,,,6615238G>A,"Kohan et al., Clin Genet, 2009",23266810,,,,CLN2
Pa-cln2.341,REL16,082-1806-AR,cln2.089,p.(Asp276Val),,,late infantile,4.5,,Argentina,,Argentina,Kohan et al. 2013,23266810,,,,,,Exon 07,c.827A>T,p.(Asp276Val),substitution,Missense,Probably damaging,,Pathogenic,rs763162812,6616720T>A,"Kohan et al., Clin Genet, 2009; Kohan et al., 2013, Gene 516:114-21",23266810,,,,CLN2
Pa-cln2.342,,117-1312-AR,cln2.083,p.(Leu104*),rs1800710 (hom),,late infantile,3,CL,Argentina,,Argentina,Kohan et al. 2013,23266810,,,,,,Exon 04,c.311T>A,p.(Leu104*),substitution,Nonsense,,,pathogenic,rs202189057,6617695A>T,"Kohan et al., Human Genet, 2008",20960655,,,,CLN2
Pa-cln2.343,,123-0713-CL,cln2.089,p.(Asp276Val),,,late infantile,4,CL,Chile,,Chile,Kohan et al. 2013,23266810,,,,,,Exon 07,c.827A>T,p.(Asp276Val),substitution,Missense,Probably damaging,,Pathogenic,rs763162812,6616720T>A,"Kohan et al., Clin Genet, 2009; Kohan et al., 2013, Gene 516:114-21",23266810,,,,CLN2
Pa-cln2.344,,127-0414-AR,cln2.001,p.(Arg208*),,,late infantile,3.5,CL,Argentina,,Argentina,Kohan et al. 2013,23266810,,,,,,Exon 06,c.622C>T,p.(Arg208*),substitution,Nonsense,,,pathogenic,rs119455955,6617040G>A,Sleat et al. 1999,10330339,,,,CLN2
Pa-cln2.344,,127-0414-AR,cln2.089,p.(Asp276Val),,,late infantile,3.5,CL,Argentina,,Argentina,Kohan et al. 2013,23266810,,,,,,Exon 07,c.827A>T,p.(Asp276Val),substitution,Missense,Probably damaging,,Pathogenic,rs763162812,6616720T>A,"Kohan et al., Clin Genet, 2009; Kohan et al., 2013, Gene 516:114-21",23266810,,,,CLN2
Pa-cln2.345,,134-1107-AR,cln2.089,p.(Asp276Val),,,late infantile,4,CL,Argentina,,Argentina,Kohan et al. 2013,23266810,,,,,,Exon 07,c.827A>T,p.(Asp276Val),substitution,Missense,Probably damaging,,Pathogenic,rs763162812,6616720T>A,"Kohan et al., Clin Genet, 2009; Kohan et al., 2013, Gene 516:114-21",23266810,,,,CLN2
Pa-cln2.346,,153-0601-AR,cln2.001,p.(Arg208*),,,,,CL,Argentina,,Argentina,Kohan et al. 2013,23266810,,,,,,Exon 06,c.622C>T,p.(Arg208*),substitution,Nonsense,,,pathogenic,rs119455955,6617040G>A,Sleat et al. 1999,10330339,,,,CLN2
Pa-cln2.347,,154-2010-AR,cln2.004,c.509-1G>C, rs1800710 (het),,late infantile,3.5,CL,Argentina,,Argentina,Kohan et al. 2013,23266810,,,,,,Intron 05,c.509-1G>C,,substitution,splice acceptor variant,,Acceptor loss 0.96,pathogenic,rs56144125,6617154C>G,Sleat et al. 1999,10330339, g.3556G>C,Described as p.(Phe169*) (Sleat) and p.(Val170Glyfs*29) (Sun et al.2012),,CLN2
Pa-cln2.347,,154-2010-AR,cln2.089,p.(Asp276Val), rs1800710 (het),,late infantile,3.5,CL,Argentina,,Argentina,Kohan et al. 2013,23266810,,,,,,Exon 07,c.827A>T,p.(Asp276Val),substitution,Missense,Probably damaging,,Pathogenic,rs763162812,6616720T>A,"Kohan et al., Clin Genet, 2009; Kohan et al., 2013, Gene 516:114-21",23266810,,,,CLN2
Pa-cln2.348,,162-0411-AR,cln2.077,p.(Arg339Gln),rs1800738 (hom),,late infantile,4,CL,Argentina,,Argentina,Kohan et al. 2013,23266810,,,,,,Exon 08,c.1016G>A,p.(Arg339Gln),substitution,Missense,Probably damaging,,conflicting,rs765380155,6616374C>T,Kousi et al. 2012,21990111,,,,CLN2
Pa-cln2.349,REL08,005-1501-AR,cln2.079,c.887-10A>G,,,juvenile,9,,Argentina,,Argentina,Kohan et al. 2013,23266810,,,,,,Intron 07,c.887-10A>G,varies,substitution,splice polypyrimidine tract variant,,Acceptor loss 0.52; acceptor gain 0.51,conflicting,rs755445790,6616513T>C,Noher de Halac et al. 2005. In: Neuronal Ceroid Lipofuscinoses (Batten Disease) in Latin America - an update. ,,,,,CLN2
Pa-cln2.349,REL08,005-1501-AR,cln2.010,p.(Gln66*),,,juvenile,9,,Argentina,,Argentina,Kohan et al. 2013,23266810,,,,,,Exon 03,c.196C>T,p.(Gln66*),substitution,Nonsense,,,Pathogenic,rs759080581,6618809G>A,Sleat et al. 1999,10330339,,,,CLN2
Pa-cln2.350,REL08,005-1507-AR,cln2.079,c.887-10A>G,,,juvenile,9,,Argentina,,Argentina,Kohan et al. 2013,23266810,leukocyte TPP1 level 4.8 nmol/h/mg protein,,,,,Intron 07,c.887-10A>G,varies,substitution,splice polypyrimidine tract variant,,Acceptor loss 0.52; acceptor gain 0.51,conflicting,rs755445790,6616513T>C,Noher de Halac et al. 2005. In: Neuronal Ceroid Lipofuscinoses (Batten Disease) in Latin America - an update. ,,,,,CLN2
Pa-cln2.350,REL08,005-1507-AR,cln2.010,p.(Gln66*),,,juvenile,9,,Argentina,,Argentina,Kohan et al. 2013,23266810,leukocyte TPP1 level 4.8 nmol/h/mg protein,,,,,Exon 03,c.196C>T,p.(Gln66*),substitution,Nonsense,,,Pathogenic,rs759080581,6618809G>A,Sleat et al. 1999,10330339,,,,CLN2
Pa-cln2.351,REL08,005-1503-AR,cln2.079,c.887-10A>G,cln2.078 ;  cln2.123,,juvenile,9,CL+FP,Argentina,,Argentina,Kohan et al. 2013,23266810,leukocyte TPP1 level 0.6 nmol/h/mg protein,,,,,Intron 07,c.887-10A>G,varies,substitution,splice polypyrimidine tract variant,,Acceptor loss 0.52; acceptor gain 0.51,conflicting,rs755445790,6616513T>C,Noher de Halac et al. 2005. In: Neuronal Ceroid Lipofuscinoses (Batten Disease) in Latin America - an update. ,,,,,CLN2
Pa-cln2.351,REL08,005-1503-AR,cln2.010,p.(Gln66*),cln2.078 ;  cln2.123,,juvenile,9,CL+FP,Argentina,,Argentina,Kohan et al. 2013,23266810,leukocyte TPP1 level 0.6 nmol/h/mg protein,,,,,Exon 03,c.196C>T,p.(Gln66*),substitution,Nonsense,,,Pathogenic,rs759080581,6618809G>A,Sleat et al. 1999,10330339,,,,CLN2
Pa-cln2.352,,081-1004-CL,cln2.028,c.1107_1108del,rs1800738 (het) ; rs7943955 (het),,late infantile,2,CL,Chile,,Chile,Kohan et al. 2013,23266810,,,,,,Exon 09,c.1107_1108del,p.(Gly370Lysfs*32),deletion,frameshift,,,,,,Kohan et al. 2013,23266810,,prediction using EMBOSS (EG). This was previously a duplicate entry of cln2.130,,CLN2
Pa-cln2.352,,081-1004-CL,cln2.089,p.(Asp276Val),rs1800738 (het) ; rs7943955 (het),,late infantile,2,CL,Chile,,Chile,Kohan et al. 2013,23266810,,,,,,Exon 07,c.827A>T,p.(Asp276Val),substitution,Missense,Probably damaging,,Pathogenic,rs763162812,6616720T>A,"Kohan et al., Clin Genet, 2009; Kohan et al., 2013, Gene 516:114-21",23266810,,,,CLN2
Pa-cln2.353,,099-1303-CL,cln2.079,c.887-10A>G,,,late infantile,3,CL,Chile,,Chile,Kohan et al. 2013,23266810,,,,,,Intron 07,c.887-10A>G,varies,substitution,splice polypyrimidine tract variant,,Acceptor loss 0.52; acceptor gain 0.51,conflicting,rs755445790,6616513T>C,Noher de Halac et al. 2005. In: Neuronal Ceroid Lipofuscinoses (Batten Disease) in Latin America - an update. ,,,,,CLN2
Pa-cln2.353,,099-1303-CL,cln2.024,p.(Ser475Leu),,,late infantile,3,CL,Chile,,Chile,Kohan et al. 2013,23266810,,,,,,Exon 11,c.1424C>T,p.(Ser475Leu),substitution,Missense,Probably damaging,,not provided,rs121908202,6615172G>A,Sleat et al. 1999,10330339,,,,CLN2
Pa-cln2.354,,126-0113-CL,cln2.079,c.887-10A>G,,,juvenile,10,CL,Chile,,Chile,Kohan et al. 2013,23266810,,,,,,Intron 07,c.887-10A>G,varies,substitution,splice polypyrimidine tract variant,,Acceptor loss 0.52; acceptor gain 0.51,conflicting,rs755445790,6616513T>C,Noher de Halac et al. 2005. In: Neuronal Ceroid Lipofuscinoses (Batten Disease) in Latin America - an update. ,,,,,CLN2
Pa-cln2.354,,126-0113-CL,cln2.089,p.(Asp276Val),,,juvenile,10,CL,Chile,,Chile,Kohan et al. 2013,23266810,,,,,,Exon 07,c.827A>T,p.(Asp276Val),substitution,Missense,Probably damaging,,Pathogenic,rs763162812,6616720T>A,"Kohan et al., Clin Genet, 2009; Kohan et al., 2013, Gene 516:114-21",23266810,,,,CLN2
Pa-cln2.355,REL17,147-1805-AR,cln2.139,p.(Arg350Trp),rs1800738 (het) ; rs2072651 (het) ; rs1800710 (het) ; rs1128396 (het),,juvenile,5,FP,Argentina,,Argentina,Kohan et al. 2013,23266810,leukocyte TPP1 level 9.7 nmol/h/mg protein,,,,,Exon 08,c.1048C>T,p.(Arg350Trp),substitution,Missense,Probably damaging,,,,6616342G>A,pers comm R. Williams ,,,,,CLN2
Pa-cln2.355,REL17,147-1805-AR,cln2.132,p.(Gly535Arg),rs1800738 (het) ; rs2072651 (het) ; rs1800710 (het) ; rs1128396 (het),,juvenile,5,FP,Argentina,,Argentina,Kohan et al. 2013,23266810,leukocyte TPP1 level 9.7 nmol/h/mg protein,,,,,exon 13,c.1603G>C,p.(Gly535Arg),substitution,Missense,Probably damaging,,,,6614635C>G,Kohan et al. 2013,23266810,,Nucleotide change entered on LOVD,,CLN2
Pa-cln2.356,REL17,147-1807-AR,cln2.139,p.(Arg350Trp),,,juvenile,5,,Argentina,,Argentina,Kohan et al. 2013,23266810,leukocyte TPP1 level 0 nmol/h/mg protein,,,,,Exon 08,c.1048C>T,p.(Arg350Trp),substitution,Missense,Probably damaging,,,,6616342G>A,pers comm R. Williams ,,,,,CLN2
Pa-cln2.356,REL17,147-1807-AR,cln2.132,p.(Gly535Arg),,,juvenile,5,,Argentina,,Argentina,Kohan et al. 2013,23266810,leukocyte TPP1 level 0 nmol/h/mg protein,,,,,exon 13,c.1603G>C,p.(Gly535Arg),substitution,Missense,Probably damaging,,,,6614635C>G,Kohan et al. 2013,23266810,,Nucleotide change entered on LOVD,,CLN2
Pa-cln2.357,REL19,149-0110-AR,cln2.076,c.89+5G>C,rs1800738 (het) ; p.(Ser472Ser) (het) ,,late infantile,3,,Argentina,,Argentina,Kohan et al. 2013,23266810,,,,,,Intron 02,c.89+5G>C,,substitution,splice donor variant (5th base),Most probably affecting splicing,Donor loss 0.92; acceptor loss 0.68,Pathogenic,rs746085696,6619191C>G,Kousi et al. 2012,21990111,,,,CLN2
Pa-cln2.357,REL19,149-0110-AR,cln2.133,p.(Ala453Asp),rs1800738 (het) ; p.(Ser472Ser) (het) ,,late infantile,3,,Argentina,,Argentina,Kohan et al. 2013,23266810,,,,,,exon 11,c.1358C>A,p.(Ala453Asp),,Missense,Probably damaging,,,,6615238G>T,Kohan et al. 2013,23266810,,,,CLN2
Pa-cln2.358,REL19,149-0112-AR,cln2.076,c.89+5G>C,p.(Ser472Ser) (het) ,,late infantile,2.5,,Argentina,,Argentina,Kohan et al. 2013,23266810,,,,,,Intron 02,c.89+5G>C,,substitution,splice donor variant (5th base),Most probably affecting splicing,Donor loss 0.92; acceptor loss 0.68,Pathogenic,rs746085696,6619191C>G,Kousi et al. 2012,21990111,,,,CLN2
Pa-cln2.358,REL19,149-0112-AR,cln2.133,p.(Ala453Asp),p.(Ser472Ser) (het),,late infantile,2.5,,Argentina,,Argentina,Kohan et al. 2013,23266810,,,,,,exon 11,c.1358C>A,p.(Ala453Asp),,Missense,Probably damaging,,,,6615238G>T,Kohan et al. 2013,23266810,,,,CLN2
Pa-cln2.359,REL18,173-1307-AR,cln2.079,c.887-10A>G,,,juvenile,9,CL+FP+GROD,Argentina,,Argentina,Kohan et al. 2013,23266810,leukocyte TPP1 level 6.45 nmol/h/mg protein,,,,,Intron 07,c.887-10A>G,varies,substitution,splice polypyrimidine tract variant,,Acceptor loss 0.52; acceptor gain 0.51,conflicting,rs755445790,6616513T>C,Noher de Halac et al. 2005. In: Neuronal Ceroid Lipofuscinoses (Batten Disease) in Latin America - an update. ,,,,,CLN2
Pa-cln2.359,REL18,173-1307-AR,cln2.001,p.(Arg208*),,,juvenile,9,CL+FP+GROD,Argentina,,Argentina,Kohan et al. 2013,23266810,leukocyte TPP1 level 6.45 nmol/h/mg protein,,,,,Exon 06,c.622C>T,p.(Arg208*),substitution,Nonsense,,,pathogenic,rs119455955,6617040G>A,Sleat et al. 1999,10330339,,,,CLN2
Pa-cln2.360,REL18,173-1308-AR,cln2.079,c.887-10A>G,,,juvenile,5,,Argentina,,Argentina,Kohan et al. 2013,23266810,leukocyte TPP1 level 6.45 nmol/h/mg protein,,,,,Intron 07,c.887-10A>G,varies,substitution,splice polypyrimidine tract variant,,Acceptor loss 0.52; acceptor gain 0.51,conflicting,rs755445790,6616513T>C,Noher de Halac et al. 2005. In: Neuronal Ceroid Lipofuscinoses (Batten Disease) in Latin America - an update. ,,,,,CLN2
Pa-cln2.360,REL18,173-1308-AR,cln2.001,p.(Arg208*),,,juvenile,5,,Argentina,,Argentina,Kohan et al. 2013,23266810,leukocyte TPP1 level 6.45 nmol/h/mg protein,,,,,Exon 06,c.622C>T,p.(Arg208*),substitution,Nonsense,,,pathogenic,rs119455955,6617040G>A,Sleat et al. 1999,10330339,,,,CLN2
Pa-cln2.361,,185-1903-AR,cln2.006,p.(Arg447His),,,juvenile,5,CL,Argentina,,Argentina,Kohan et al. 2013,23266810,leukocyte TPP1 level 4.16 nmol/h/mg protein,,,,,Exon 11,c.1340G>A,p.(Arg447His),substitution,Missense,Probably damaging,,Pathogenic,rs119455956,6615256C>T,Sleat et al. 1999,10330339,,,,CLN2
Pa-cln2.361,,185-1903-AR,cln2.024,p.(Ser475Leu),,,juvenile,5,CL,Argentina,,Argentina,Kohan et al. 2013,23266810,leukocyte TPP1 level 4.16 nmol/h/mg protein,,,,,Exon 11,c.1424C>T,p.(Ser475Leu),substitution,Missense,Probably damaging,,not provided,rs121908202,6615172G>A,Sleat et al. 1999,10330339,,,,CLN2
Pa-cln2.362,,Pa-cln2.362,cln2.131,c.1076-2A>T,,,,,,Italy,,Italy,pers comm A. Simonati ,,,,,,,Intron 08,c.1076-2A>T,,substitution,splice acceptor variant,most probably affecting splicing,Acceptor loss 1.0; acceptor gain 0.76,,,6616076T>A,pers comm A. Simonati ,,,,,CLN2
Pa-cln2.363,,Pa-cln2.363,,not identified,,,late infantile,3,,China,,China,Shen et al. 2013 Reprod BioMed Online,23768618,,,,,,,,,,,,,,,,,,,,,CLN2
Pa-cln2.363,,Pa-cln2.363,cln2.134,p.(Leu275Pro),,,late infantile,3,,China,,China,Shen et al. 2013 Reprod BioMed Online,23768618,,,,,,Exon 07,c.824T>C,p.(Leu275Pro),substitution,Missense,Probably damaging,,,,6616723A>G,Shen et al. 2013 Reprod BioMed Online,23768618,,,,CLN2
Pa-cln2.364,,,cln2.135,c.337dup,,,late infantile,,,,,UK,pers comm R. Williams ,,,,,,,Exon 04,c.337dup,p.(Ser113Phefs*55),duplication,frameshift,,,,,6617669dup,pers comm R. Williams ,,,,,CLN2
Pa-cln2.364,,,cln2.001,p.(Arg208*),,,late infantile,,,,,UK,pers comm R. Williams ,,,,,,,Exon 06,c.622C>T,p.(Arg208*),substitution,Nonsense,,,pathogenic,rs119455955,6617040G>A,Sleat et al. 1999,10330339,,,,CLN2
Pa-cln2.365,,,cln2.136,c.1239_1240ins6,,,late infantile,,,,,UK,pers comm R. Williams ,,,,,,,Exon 10,c.1239_1240ins6,p.(Ser413_Asn414ins2),insertion,insertion,,,,,6615468_6615469ins6,pers comm R. Williams ,,,,,CLN2
Pa-cln2.365,,,cln2.004,c.509-1G>C,,,late infantile,,,,,UK,pers comm R. Williams ,,,,,,,Intron 05,c.509-1G>C,,substitution,splice acceptor variant,,Acceptor loss 0.96,pathogenic,rs56144125,6617154C>G,Sleat et al. 1999,10330339, g.3556G>C,Described as p.(Phe169*) (Sleat) and p.(Val170Glyfs*29) (Sun et al.2012),,CLN2
Pa-cln2.366,,,cln2.137,c.229+3G>C,,,late infantile,,,,,UK,pers comm R. Williams ,,,,,,,Intron 03,c.229+3G>C,,substitution,missense variant (Splice AI),most probably affecting splicing,Donor loss 0.60,,,6618773C>G,pers comm R. Williams ,,,,,CLN2
Pa-cln2.367,,,cln2.138,c.1467del,,,late infantile,,,,,UK,pers comm R. Williams ,,,,,,,Exon 12,c.1467del,p.(Asn489Lysfs*29) ,deletion,frameshift,,,,,6614950del,pers comm R. Williams ,,,,,CLN2
Pa-cln2.367,,,cln2.004,c.509-1G>C,,,late infantile,,,,,UK,pers comm R. Williams ,,,,,,,Intron 05,c.509-1G>C,,substitution,splice acceptor variant,,Acceptor loss 0.96,pathogenic,rs56144125,6617154C>G,Sleat et al. 1999,10330339, g.3556G>C,Described as p.(Phe169*) (Sleat) and p.(Val170Glyfs*29) (Sun et al.2012),,CLN2
Pa-cln2.368,,,cln2.139,p.(Arg350Trp),,,late infantile,,,,,UK,pers comm R. Williams ,,,,,,,Exon 08,c.1048C>T,p.(Arg350Trp),substitution,Missense,Probably damaging,,,,6616342G>A,pers comm R. Williams ,,,,,CLN2
Pa-cln2.368,,,cln2.004,c.509-1G>C,,,late infantile,,,,,UK,pers comm R. Williams ,,,,,,,Intron 05,c.509-1G>C,,substitution,splice acceptor variant,,Acceptor loss 0.96,pathogenic,rs56144125,6617154C>G,Sleat et al. 1999,10330339, g.3556G>C,Described as p.(Phe169*) (Sleat) and p.(Val170Glyfs*29) (Sun et al.2012),,CLN2
Pa-cln2.369,REL15,patient 1,cln2.006,p.(Arg447His),,,late infantile,6,,,,Italy,R di Giacopo et al. 2015 J. Neurol. Sci.,26143525,,,,,,Exon 11,c.1340G>A,p.(Arg447His),substitution,Missense,Probably damaging,,Pathogenic,rs119455956,6615256C>T,Sleat et al. 1999,10330339,,,,CLN2
Pa-cln2.369,REL15,patient 1,cln2.109,p.(Gln264*),,,late infantile,6,,,,Italy,R di Giacopo et al. 2015 J. Neurol. Sci.,26143525,,,,,,Exon 07,c.790C>T,p.(Gln264*),substitution,Nonsense,,,,,6616757G>A,Kousi et al. 2012,21990111,,,,CLN2
Pa-cln2.370,REL15,patient 2,cln2.006,p.(Arg447His),,,late infantile,7,,,,Italy,R di Giacopo et al. 2015 J. Neurol. Sci.,26143525,,,,,,Exon 11,c.1340G>A,p.(Arg447His),substitution,Missense,Probably damaging,,Pathogenic,rs119455956,6615256C>T,Sleat et al. 1999,10330339,,,,CLN2
Pa-cln2.370,REL15,patient 2,cln2.109,p.(Gln264*),,,late infantile,7,,,,Italy,R di Giacopo et al. 2015 J. Neurol. Sci.,26143525,,,,,,Exon 07,c.790C>T,p.(Gln264*),substitution,Nonsense,,,,,6616757G>A,Kousi et al. 2012,21990111,,,,CLN2
Pa-cln2.371,REL15,patient 3,cln2.006,p.(Arg447His),,,late infantile,9,,,,Italy,R di Giacopo et al. 2015 J. Neurol. Sci.,26143525,,,,,,Exon 11,c.1340G>A,p.(Arg447His),substitution,Missense,Probably damaging,,Pathogenic,rs119455956,6615256C>T,Sleat et al. 1999,10330339,,,,CLN2
Pa-cln2.371,REL15,patient 3,cln2.109,p.(Gln264*),,,late infantile,9,,,,Italy,R di Giacopo et al. 2015 J. Neurol. Sci.,26143525,,,,,,Exon 07,c.790C>T,p.(Gln264*),substitution,Nonsense,,,,,6616757G>A,Kousi et al. 2012,21990111,,,,CLN2
Pa-cln2.372,,,cln2.140,c.89+1G>A,,,late infantile,4,,,,India,Saini et al (2016) Ped. Neurol.,27343025,,,,,,Intron 02,c.89+1G>A,,substitution,splice donor variant,most probably affecting splicing,Donor loss 0.93; acceptor loss 0.7,,,6619195C>T,Saini et al (2016) Ped. Neurol.,27343025,,,,CLN2
Pa-cln2.373,,,cln2.141,c.1551+1G>T,,,late infantile,3,,,,China,Yu et al. 2015 Neurol. Sci.,26032578,,,,,,intron 12,c.1551+1G>T,,substitution,splice donor variant,most probably affecting splicing,Donor loss 0.99; acceptor loss 0.7,,,6614865C>A,Yu et al. 2015 Neurol. Sci.,26032578,,,,CLN2
Pa-cln2.373,,,cln2.142,p.(Ser538Tyr),,,late infantile,3,,,,China,Yu et al. 2015 Neurol. Sci.,26032578,,,,,,exon 13,c.1613C>A,p.(Ser538Tyr),substitution,missense,Probably damaging,,,,6614625G>T,Yu et al. 2015 Neurol. Sci.,26032578,,,,CLN2
Pa-cln2.374,,,cln2.144,p.(Gly409Val),,,not yet symptomatic,,,Mexico,,,"pers comm Carrie Fagerstrom,  2015",,,,,,,Exon 03,c.163C>T,p.(Gln55*),substitution,Nonsense,,,,,6618842,Corina-Marcela Rus report to LOVD,,,,,CLN2
Pa-cln2.374,,,cln2.143,p.(Trp542*),,,not yet symptomatic,,,Mexico,,,"pers comm Carrie Fagerstrom,  2015",,,,,,,Exon 13,c.1626G>A,p.(Trp542*),substitution,nonsense,,,,,6614612C>T,"pers comm Carrie Fagerstrom, 2015",,,,,CLN2
Pa-cln2.375,,,cln2.004,c.509-1G>C,,,early onset cerebellar ataxia,4,,,African American / caucasian,USA,Dy et al. Am Acad Neurol 2015,26224725,atypical phenotype,,,,,Intron 05,c.509-1G>C,,substitution,splice acceptor variant,,Acceptor loss 0.96,pathogenic,rs56144125,6617154C>G,Sleat et al. 1999,10330339, g.3556G>C,Described as p.(Phe169*) (Sleat) and p.(Val170Glyfs*29) (Sun et al.2012),,CLN2
Pa-cln2.375,,,cln2.029,p.(Glu343Asp) ,,,early onset cerebellar ataxia,4,,,African American / caucasian,USA,Dy et al. Am Acad Neurol 2015,26224725,atypical phenotype,,,,,Exon 08,c.1029G>C,p.(Glu343Asp) ,substitution,Missense,probably damaging,,pathogenic,rs886037833,6616361C>G,Dy et al. 2015,26224725,,,,CLN2
Pa-cln2.376,,43,cln2.006,p.(Arg447His) ,,,Complex hereditary spastic paraplegia,4,,Wales,,,Kara et al (2016) Brain ,27217339,atypical age,,,,,Exon 11,c.1340G>A,p.(Arg447His),substitution,Missense,Probably damaging,,Pathogenic,rs119455956,6615256C>T,Sleat et al. 1999,10330339,,,,CLN2
Pa-cln2.376,,43,cln2.045,p.(Gln509*),,,Complex hereditary spastic paraplegia,4,,Wales,,,Kara et al (2016) Brain ,27217339,atypical age,,,,,Exon 12,c.1525C>T,p.(Gln509*),substitution,Nonsense,,,,,6614892G>A,"Caillaud et al., Hum Genet 65 suppl A232; 1999",,,,,CLN2
Pa-cln2.377,,U7,cln2.030,p.(Gly296Asp),,ALDOB homozygous for p.(Arg60*),,,,,UK,,Reid et al (2016) Brain,27604308,,,,,,Exon 08,c.887G>A,p.(Gly296Asp),substitution,missense,probably damaging,,,rs766770330,6616503C>T,Reid et al. 2016,27604308,,,,CLN2
Pa-cln2.378,,,cln2.031,p.(Gly351Val),,,late infantile,,,,,,pers comm from relative,,,,,,,Exon 08,c.1052G>T,p.(Gly351Val),substitution,missense,probably damaging,,,,6616338C>A,pers comm from relative,,,,,CLN2
Pa-cln2.254,,LUMC016_Kousi_2011_novel,cln2.004,c.509-1G>C,,,,,,Turkey,,,"Kousi et al., 2012",21990111,,,,,,Intron 05,c.509-1G>C,,substitution,splice acceptor variant,,Acceptor loss 0.96,pathogenic,rs56144125,6617154C>G,Sleat et al. 1999,10330339, g.3556G>C,Described as p.(Phe169*) (Sleat) and p.(Val170Glyfs*29) (Sun et al.2012),,CLN2
Pa-cln2.254,,LUMC016_Kousi_2011_novel,cln2.053,p.(Phe516*),,,,,,Turkey,,,"Kousi et al., 2012",21990111,,,,,,Exon 12,c.1547_1548del,p.(Phe516*),deletion,Nonsense,,,,,6614869_6614870del,Kousi et al. 2012,21990111,,,,CLN2
Pa-cln2.380,,,cln2.041,p.(Arg206Cys),,,late infantile,,,,Gujerat,India,Bhavsar et al 2016 Meeting abstract,27518768,,,,,,Exon 06,c.616C>T,p.(Arg206Cys),substitution,Missense,Probably damaging,,pathogenic,rs28940573,6617046G>A,Kousi et al. 2012,10665500,,,,CLN2
Pa-cln2.381,,,cln2.041,p.(Arg206Cys),,,late infantile,,,,Gujerat,India,Bhavsar et al 2016 Meeting abstract,27518768,,,,,,Exon 06,c.616C>T,p.(Arg206Cys),substitution,Missense,Probably damaging,,pathogenic,rs28940573,6617046G>A,Kousi et al. 2012,10665500,,,,CLN2
Pa-cln2.382,,,cln2.042,p.(Tyr459Ser),,,late infantile,,,,Karnataka,India,Bhavsar et al 2016 Meeting abstract,27518768,,,,,,Exon 11,c.1376A>C,p.(Tyr459Ser),substitution,Missense,probably damaging,,likely pathogenic,rs864309505,6615220T>G,Bhavsar et al. 2016 (meeting abstract),27518768,,,,CLN2
Pa-cln2.383,,,cln2.042,p.(Tyr459Ser),,,late infantile,,,,Karnataka,India,Bhavsar et al 2016 Meeting abstract,27518768,,,,,,Exon 11,c.1376A>C,p.(Tyr459Ser),substitution,Missense,probably damaging,,likely pathogenic,rs864309505,6615220T>G,Bhavsar et al. 2016 (meeting abstract),27518768,,,,CLN2
Pa-cln2.384,,,cln2.053,p.(Phe516*),,,late infantile,,,,,India,Bhavsar et al 2016 Meeting abstract,27518768,,,,,,Exon 12,c.1547_1548del,p.(Phe516*),deletion,Nonsense,,,,,6614869_6614870del,Kousi et al. 2012,21990111,,,,CLN2
Pa-cln2.385,,,cln2.041,p.(Arg206Cys),,,late infantile,,,,Gujerat,India,Bhavsar et al 2016 Meeting abstract,27518768,,,,,,Exon 06,c.616C>T,p.(Arg206Cys),substitution,Missense,Probably damaging,,pathogenic,rs28940573,6617046G>A,Kousi et al. 2012,10665500,,,,CLN2
Pa-cln2.386,,1:B,cln2.001, p.(Arg208*),,,juvenile,5,,Germany,,Germany,"pers comm Miriam Nickel, Hamburg",,,,,,,Exon 06,c.622C>T,p.(Arg208*),substitution,Nonsense,,,pathogenic,rs119455955,6617040G>A,Sleat et al. 1999,10330339,,,,CLN2
Pa-cln2.386,,1:B,,,,,juvenile,5,,Germany,,Germany,"pers comm Miriam Nickel, Hamburg",,,,,,,,,,,,,,,,,,,,,,CLN2
Pa-cln2.387,,2:P,cln2.001, p.(Arg208*),,,late infantile,4,,Poland,,Germany,"pers comm Miriam Nickel, Hamburg",,,,,,,Exon 06,c.622C>T,p.(Arg208*),substitution,Nonsense,,,pathogenic,rs119455955,6617040G>A,Sleat et al. 1999,10330339,,,,CLN2
Pa-cln2.387,,2:P,cln2.034, p.(Leu13Pro),,,late infantile,4,,Poland,,Germany,"pers comm Miriam Nickel, Hamburg",,,,,,,Exon 02,c.38T>C,p.(Leu13Pro),substitution,Missense,possibly damaging ,,,,6619247A>G,"pers comm Miriam Nickel, Hamburg",,,This number was previously used for  a different mutation,,CLN2
Pa-cln2.388,,3:R,cln2.001, p.(Arg208*),,,juvenile,9,,Spain,,Spain,"pers comm Miriam Nickel, Hamburg",,,,,,,Exon 06,c.622C>T,p.(Arg208*),substitution,Nonsense,,,pathogenic,rs119455955,6617040G>A,Sleat et al. 1999,10330339,,,,CLN2
Pa-cln2.388,,3:R,cln2.079,c.887-10A>G  ,,,juvenile,9,,Spain,,Spain,"pers comm Miriam Nickel, Hamburg",,,,,,,Intron 07,c.887-10A>G,varies,substitution,splice polypyrimidine tract variant,,Acceptor loss 0.52; acceptor gain 0.51,conflicting,rs755445790,6616513T>C,Noher de Halac et al. 2005. In: Neuronal Ceroid Lipofuscinoses (Batten Disease) in Latin America - an update. ,,,,,CLN2
Pa-cln2.389,,4:RM,cln2.035, p.(Arg350Gln),,,congenital,0,,"Greece, Macedonia",,Germany,"pers comm Miriam Nickel, Hamburg",,,,,,,Exon 07,c.1049G>A,p.(Arg350Gln),substitution,Missense,probably damaging ,,uncertain significance,rs199866669,6616341C>T,"pers comm Miriam Nickel, Hamburg",,,This number was previously used for  a different mutation,,CLN2
Pa-cln2.389,,4:RM,cln2.004,c.509-1G>C,,,congenital,0,,"Greece, Macedonia",,Germany,"pers comm Miriam Nickel, Hamburg",,,,,,,Intron 05,c.509-1G>C,,substitution,splice acceptor variant,,Acceptor loss 0.96,pathogenic,rs56144125,6617154C>G,Sleat et al. 1999,10330339, g.3556G>C,Described as p.(Phe169*) (Sleat) and p.(Val170Glyfs*29) (Sun et al.2012),,CLN2
Pa-cln2.390,,5:J,cln2.052, p.(Arg127Gln),,,late infantile,3,,Germany,,Germany,"pers comm Miriam Nickel, Hamburg",,,,,,,Exon 04,c.380G>A,p.(Arg127Gln),substitution,Missense,Benign,,pathogenic,rs121908204,6617626C>T,Zhong et al. 2000,11339651,,,,CLN2
Pa-cln2.390,,5:J,cln2.004,c.509-1G>C ,,,late infantile,3,,Germany,,Germany,"pers comm Miriam Nickel, Hamburg",,,,,,,Intron 05,c.509-1G>C,,substitution,splice acceptor variant,,Acceptor loss 0.96,pathogenic,rs56144125,6617154C>G,Sleat et al. 1999,10330339, g.3556G>C,Described as p.(Phe169*) (Sleat) and p.(Val170Glyfs*29) (Sun et al.2012),,CLN2
Pa-cln2.391,,6:K,cln2.047, p.(Arg339Trp),,,late infantile,3.8,,Japan,,Germany,"pers comm Miriam Nickel, Hamburg",,,,,,,Exon 08,c.1015C>T,p.(Arg339Trp),substitution,Missense,Probably damaging,,pathogenic/likely pathogenic,rs750428882,6616375G>A,Kousi et al. 2012,21990111,,,,CLN2
Pa-cln2.391,,6:K,cln2.036, p.(Met244Thr) ,,,late infantile,3.8,,Japan,,Germany,"pers comm Miriam Nickel, Hamburg",,,,,,,Exon 07,c.731T>C,p.(Met244Thr) ,substitution,Missense,possibly damaging ,,,,6616816A>G,Itagaki et al. 2018,29599076,,This number was previously used for  a different mutation,,CLN2
Pa-cln2.392,,7:K,cln2.001, p.(Arg208*),,,juvenile,5.8,,"Greece, Macedonia",,Germany,"pers comm Miriam Nickel, Hamburg",,,,,,,Exon 06,c.622C>T,p.(Arg208*),substitution,Nonsense,,,pathogenic,rs119455955,6617040G>A,Sleat et al. 1999,10330339,,,,CLN2
Pa-cln2.392,,7:K,cln2.038,p.(Tyr421Asn),,,juvenile,5.8,,"Greece, Macedonia",,Germany,"pers comm Miriam Nickel, Hamburg",,,,,,,Exon 10,c.1261T>A ,p.(Tyr421Asn),substitution,Missense,probably damaging ,,,,6615447A>T ,"pers comm Miriam Nickel, Hamburg",,,This number was previously used for  a different mutation,,CLN2
Pa-cln2.393,,C1,cln2.131,c.1076-2A>T ,,,late infantile,4,,Colombia,,Colombia,"pers comm Lina Tavera, Colombia",,,,,,,Intron 08,c.1076-2A>T,,substitution,splice acceptor variant,most probably affecting splicing,Acceptor loss 1.0; acceptor gain 0.76,,,6616076T>A,pers comm A. Simonati ,,,,,CLN2
Pa-cln2.393,,C1,cln2.079,c.887-10A>G  ,,,late infantile,4,,Colombia,,Colombia,"pers comm Lina Tavera, Colombia",,,,,,,Intron 07,c.887-10A>G,varies,substitution,splice polypyrimidine tract variant,,Acceptor loss 0.52; acceptor gain 0.51,conflicting,rs755445790,6616513T>C,Noher de Halac et al. 2005. In: Neuronal Ceroid Lipofuscinoses (Batten Disease) in Latin America - an update. ,,,,,CLN2
Pa-cln2.394,,C1,cln2.047,p.(Arg339Trp),,,juvenile,5,,Guatemala,,,"pers comm Emily de los Reyes, USA",,,,,,,Exon 08,c.1015C>T,p.(Arg339Trp),substitution,Missense,Probably damaging,,pathogenic/likely pathogenic,rs750428882,6616375G>A,Kousi et al. 2012,21990111,,,,CLN2
Pa-cln2.394,,C1,cln2.039,p.(Val320Gly),,,juvenile,5,,Guatemala,,,"pers comm Emily de los Reyes, USA",,,,,,,Exon 08,c.959T>G ,p.(Val320Gly),substitution,Missense,probably damaging ,,uncertain significance,NA  ,6616431A>C,"pers comm E. de los Reyes, ",,,This number was previously used for  a different mutation,,CLN2
Pa-cln2.396,,C1,,not identified,,,late infantile,2.3,,,Hispanic,USA,"pers comm Raymond Wang, USA",,,,,,,,,,,,,,,,,,,,,,CLN2
Pa-cln2.396,,C1,cln2.061,p.(Gln161*),,Unknown,late infantile,2.3,,,Hispanic,USA,"pers comm Raymond Wang, USA",,,,,,,Exon 08,c.1058C>A ,p.(Thr353Asn),substitution,Missense,probably damaging ,,likely pathogenic,rs145966505 ,6616332G>T,"pers comm Raymond Wang, USA",,,This number was previously used for  a different mutation,,CLN2
Pa-cln2.399,,,cln2.076,c.89+5G>C ,,,Juvenile,5.5,,,,,"pers comm Paul Gissen, UK",,,,,,,Intron 02,c.89+5G>C,,substitution,splice donor variant (5th base),Most probably affecting splicing,Donor loss 0.92; acceptor loss 0.68,Pathogenic,rs746085696,6619191C>G,Kousi et al. 2012,21990111,,,,CLN2
Pa-cln2.399,,,cln2.006,p.(Arg447His),,,Juvenile,5.5,,,,,"pers comm Paul Gissen, UK",,,,,,,Exon 11,c.1340G>A,p.(Arg447His),substitution,Missense,Probably damaging,,Pathogenic,rs119455956,6615256C>T,Sleat et al. 1999,10330339,,,,CLN2
Pa-cln2.400,,2,cln2.139,p.(Arg350Trp),,,infantile,1,,Colombia,,,Lourenco et al. 2020,33377563,atypical age,,,,,Exon 08,c.1048C>T,p.(Arg350Trp),substitution,Missense,Probably damaging,,,,6616342G>A,pers comm R. Williams ,,,,,CLN2
Pa-cln2.400,,2,wild type,wild type,, ,infantile,1,,Colombia,,,Lourenco et al. 2020,33377563,atypical age,,,,,,,,,,,,,,,,,,,,CLN2
Pa-cln2.401,,3,cln2.001,p.(Arg208*),,,late infantile,3,CB,Brazil,,,Lourenco et al. 2020,33377563,,,,,,Exon 06,c.622C>T,p.(Arg208*),substitution,Nonsense,,,pathogenic,rs119455955,6617040G>A,Sleat et al. 1999,10330339,,,,CLN2
Pa-cln2.401,,3,cln2.001,p.(Arg208*),, ,late infantile,3,CB,Brazil,,,Lourenco et al. 2020,33377563,,,,,,Exon 06,c.622C>T,p.(Arg208*),substitution,Nonsense,,,pathogenic,rs119455955,6617040G>A,Sleat et al. 1999,10330339,,,,CLN2
Pa-cln2.402,,4,,,,,late infantile,3,,Brazil,,,Lourenco et al. 2020,33377563,,,,,,,,,,,,,,,,,,,,,CLN2
Pa-cln2.402,,4,in analysis,,, ,late infantile,3,,Brazil,,,Lourenco et al. 2020,33377563,,,,,,,,,,,,,,,,,,,,,CLN2
Pa-cln2.403,REL20,5,cln2.131,c.1076-2A>T,,,late infantile,3,,Colombia,,,Lourenco et al. 2020,33377563,,,,,,Intron 08,c.1076-2A>T,,substitution,splice acceptor variant,most probably affecting splicing,Acceptor loss 1.0; acceptor gain 0.76,,,6616076T>A,pers comm A. Simonati ,,,,,CLN2
Pa-cln2.403,REL20,5,cln2.097,p.(Val480Met),,,late infantile,3,,Colombia,,,Lourenco et al. 2020,33377563,,,,,,Exon 12,c.1438G>A,p.(Val480Met),substitution,missense,Probably damaging,,,,6614979C>T,Lourenco et al. 2020 ,33377563,,This number was previously used for  a different mutation,Variant of unknown significance,CLN2
Pa-cln2.404,,7,cln2.072,p.(Gly409Asp),,,late infantile,3.5,,Argentina,,,Lourenco et al. 2020,33377563,,,,,,Exon 10,c.1226G>A,p.(Gly409Asp),substitution,missense,Probably damaging,,,,6615482C>T,Lourenco et al. 2020 ,33377563,,This number was previously used for  a different mutation,,CLN2
Pa-cln2.404,,7,cln2.079,c.887-10A>G, ,,late infantile,3.5,,Argentina,,,Lourenco et al. 2020,33377563,,,,,,Intron 07,c.887-10A>G,varies,substitution,splice polypyrimidine tract variant,,Acceptor loss 0.52; acceptor gain 0.51,conflicting,rs755445790,6616513T>C,Noher de Halac et al. 2005. In: Neuronal Ceroid Lipofuscinoses (Batten Disease) in Latin America - an update. ,,,,,CLN2
Pa-cln2.405,,8,cln2.001,p.(Arg208*),,,late infantile,4,,Brazil,,,Lourenco et al. 2020,33377563,,,,,,Exon 06,c.622C>T,p.(Arg208*),substitution,Nonsense,,,pathogenic,rs119455955,6617040G>A,Sleat et al. 1999,10330339,,,,CLN2
Pa-cln2.405,,8,cln2.022,p.(Gln422His),, ,late infantile,4,,Brazil,,,Lourenco et al. 2020,33377563,,,,,,Exon 10,c.1266G>C,p.(Gln422His),substitution,Missense,Probably damaging,,Pathogenic,rs121908200 ,6615442C>G,Sleat et al. 1999,10330339,,,,CLN2
Pa-cln2.406,,9,cln2.089,p.(Asp276Val),,,late infantile,4,CB,Chile,,,Lourenco et al. 2020,33377563,,,,,,Exon 07,c.827A>T,p.(Asp276Val),substitution,Missense,Probably damaging,,Pathogenic,rs763162812,6616720T>A,"Kohan et al., Clin Genet, 2009; Kohan et al., 2013, Gene 516:114-21",23266810,,,,CLN2
Pa-cln2.406,,9,cln2.089,p.(Asp276Val), ,,late infantile,4,CB,Chile,,,Lourenco et al. 2020,33377563,,,,,,Exon 07,c.827A>T,p.(Asp276Val),substitution,Missense,Probably damaging,,Pathogenic,rs763162812,6616720T>A,"Kohan et al., Clin Genet, 2009; Kohan et al., 2013, Gene 516:114-21",23266810,,,,CLN2
Pa-cln2.407,,10,cln2.079,c.887-10A>G,,,late infantile,4,,Colombia,,,Lourenco et al. 2020,33377563,,,,,,Intron 07,c.887-10A>G,varies,substitution,splice polypyrimidine tract variant,,Acceptor loss 0.52; acceptor gain 0.51,conflicting,rs755445790,6616513T>C,Noher de Halac et al. 2005. In: Neuronal Ceroid Lipofuscinoses (Batten Disease) in Latin America - an update. ,,,,,CLN2
Pa-cln2.407,,10,cln2.131,c.1076-2A>T,, ,late infantile,4,,Colombia,,,Lourenco et al. 2020,33377563,,,,,,Intron 08,c.1076-2A>T,,substitution,splice acceptor variant,most probably affecting splicing,Acceptor loss 1.0; acceptor gain 0.76,,,6616076T>A,pers comm A. Simonati ,,,,,CLN2
Pa-cln2.408,,11,cln2.006,p.(Arg447His),,,juvenile,5,,Chile,,,Lourenco et al. 2020,33377563,atypical age,,,,,Exon 11,c.1340G>A,p.(Arg447His),substitution,Missense,Probably damaging,,Pathogenic,rs119455956,6615256C>T,Sleat et al. 1999,10330339,,,,CLN2
Pa-cln2.408,,11,cln2.094,p.(Ala448Asp), ,,juvenile,5,,Chile,,,Lourenco et al. 2020,33377563,atypical age,,,,,Exon 11,c.1343C>A,p.(Ala448Asp),substitution,missense,Probably damaging,,,,6615253G>T,Lourenco et al. 2020 ,33377563,,This number was previously used for  a different mutation,,CLN2
Pa-cln2.409,,12,cln2.001,p.(Arg208*),,,juvenile,5,CB; FP,Argentina,,,Lourenco et al. 2020,33377563,atypical age,,,,,Exon 06,c.622C>T,p.(Arg208*),substitution,Nonsense,,,pathogenic,rs119455955,6617040G>A,Sleat et al. 1999,10330339,,,,CLN2
Pa-cln2.409,,12,cln2.079,c.887-10A>G, ,,juvenile,5,CB; FP,Argentina,,,Lourenco et al. 2020,33377563,atypical age,,,,,Intron 07,c.887-10A>G,varies,substitution,splice polypyrimidine tract variant,,Acceptor loss 0.52; acceptor gain 0.51,conflicting,rs755445790,6616513T>C,Noher de Halac et al. 2005. In: Neuronal Ceroid Lipofuscinoses (Batten Disease) in Latin America - an update. ,,,,,CLN2
Pa-cln2.410,REL23,13,cln2.132,p.(Gly535Arg),,,juvenile,5,CB; FP,Argentina,,,Lourenco et al. 2020,33377563,atypical age,,,,,exon 13,c.1603G>C,p.(Gly535Arg),substitution,Missense,Probably damaging,,,,6614635C>G,Kohan et al. 2013,23266810,,Nucleotide change entered on LOVD,,CLN2
Pa-cln2.410,REL23,13,cln2.139,p.(Arg350Trp), ,,juvenile,5,CB; FP,Argentina,,,Lourenco et al. 2020,33377563,atypical age,,,,,Exon 08,c.1048C>T,p.(Arg350Trp),substitution,Missense,Probably damaging,,,,6616342G>A,pers comm R. Williams ,,,,,CLN2
Pa-cln2.411,REL23,14,cln2.132,p.(Gly535Arg),,,juvenile,5,,Argentina,,,Lourenco et al. 2020,33377563,atypical age,,,,,exon 13,c.1603G>C,p.(Gly535Arg),substitution,Missense,Probably damaging,,,,6614635C>G,Kohan et al. 2013,23266810,,Nucleotide change entered on LOVD,,CLN2
Pa-cln2.411,REL23,14,cln2.139,p.(Arg350Trp), ,,juvenile,5,,Argentina,,,Lourenco et al. 2020,33377563,atypical age,,,,,Exon 08,c.1048C>T,p.(Arg350Trp),substitution,Missense,Probably damaging,,,,6616342G>A,pers comm R. Williams ,,,,,CLN2
Pa-cln2.412,REL21,15,cln2.079,c.887-10A>G,,,juvenile,6,,Chile,,,Lourenco et al. 2020,33377563,atypical age,,,,,Intron 07,c.887-10A>G,varies,substitution,splice polypyrimidine tract variant,,Acceptor loss 0.52; acceptor gain 0.51,conflicting,rs755445790,6616513T>C,Noher de Halac et al. 2005. In: Neuronal Ceroid Lipofuscinoses (Batten Disease) in Latin America - an update. ,,,,,CLN2
Pa-cln2.412,REL21,15,cln2.089,p.(Asp276Val), ,,juvenile,6,,Chile,,,Lourenco et al. 2020,33377563,atypical age,,,,,Exon 07,c.827A>T,p.(Asp276Val),substitution,Missense,Probably damaging,,Pathogenic,rs763162812,6616720T>A,"Kohan et al., Clin Genet, 2009; Kohan et al., 2013, Gene 516:114-21",23266810,,,,CLN2
Pa-cln2.413,,16,cln2.024,p.(Ser475Leu),,,juvenile,6,,Chile,,,Lourenco et al. 2020,33377563,atypical age,,,,,Exon 11,c.1424C>T,p.(Ser475Leu),substitution,Missense,Probably damaging,,not provided,rs121908202,6615172G>A,Sleat et al. 1999,10330339,,,,CLN2
Pa-cln2.413,,16,cln2.139,p.(Arg350Trp), ,,juvenile,6,,Chile,,,Lourenco et al. 2020,33377563,atypical age,,,,,Exon 08,c.1048C>T,p.(Arg350Trp),substitution,Missense,Probably damaging,,,,6616342G>A,pers comm R. Williams ,,,,,CLN2
Pa-cln2.414,,17,cln2.024,p.(Ser475Leu),,,juvenile,6,CB,Chile,,,Lourenco et al. 2020,33377563,atypical age,,,,,Exon 11,c.1424C>T,p.(Ser475Leu),substitution,Missense,Probably damaging,,not provided,rs121908202,6615172G>A,Sleat et al. 1999,10330339,,,,CLN2
Pa-cln2.414,,17,cln2.079,c.887-10A>G, ,,juvenile,6,CB,Chile,,,Lourenco et al. 2020,33377563,atypical age,,,,,Intron 07,c.887-10A>G,varies,substitution,splice polypyrimidine tract variant,,Acceptor loss 0.52; acceptor gain 0.51,conflicting,rs755445790,6616513T>C,Noher de Halac et al. 2005. In: Neuronal Ceroid Lipofuscinoses (Batten Disease) in Latin America - an update. ,,,,,CLN2
Pa-cln2.415,,18,cln2.006,p.(Arg447His),,,juvenile,7,,Argentina,,,Lourenco et al. 2020,33377563,atypical age,,,,,Exon 11,c.1340G>A,p.(Arg447His),substitution,Missense,Probably damaging,,Pathogenic,rs119455956,6615256C>T,Sleat et al. 1999,10330339,,,,CLN2
Pa-cln2.415,,18,cln2.089,p.(Asp276Val),, ,juvenile,7,,Argentina,,,Lourenco et al. 2020,33377563,atypical age,,,,,Exon 07,c.827A>T,p.(Asp276Val),substitution,Missense,Probably damaging,,Pathogenic,rs763162812,6616720T>A,"Kohan et al., Clin Genet, 2009; Kohan et al., 2013, Gene 516:114-21",23266810,,,,CLN2
Pa-cln2.416,,19,cln2.079,c.887-10A>G,,,juvenile,7,,Argentina,,,Lourenco et al. 2020,33377563,atypical age,,,,,Intron 07,c.887-10A>G,varies,substitution,splice polypyrimidine tract variant,,Acceptor loss 0.52; acceptor gain 0.51,conflicting,rs755445790,6616513T>C,Noher de Halac et al. 2005. In: Neuronal Ceroid Lipofuscinoses (Batten Disease) in Latin America - an update. ,,,,,CLN2
Pa-cln2.416,,19,cln2.072,p.(Gly409Asp), ,,juvenile,7,,Argentina,,,Lourenco et al. 2020,33377563,atypical age,,,,,Exon 10,c.1226G>A,p.(Gly409Asp),substitution,missense,Probably damaging,,,,6615482C>T,Lourenco et al. 2020 ,33377563,,This number was previously used for  a different mutation,,CLN2
Pa-cln2.417,REL22,20,cln2.010,p.(Gln66*),,,juvenile,7,CB; FP,Argentina,,,Lourenco et al. 2020,33377563,atypical age,,,,,Exon 03,c.196C>T,p.(Gln66*),substitution,Nonsense,,,Pathogenic,rs759080581,6618809G>A,Sleat et al. 1999,10330339,,,,CLN2
Pa-cln2.417,REL22,20,cln2.079,c.887-10A>G, ,,juvenile,7,CB; FP,Argentina,,,Lourenco et al. 2020,33377563,atypical age,,,,,Intron 07,c.887-10A>G,varies,substitution,splice polypyrimidine tract variant,,Acceptor loss 0.52; acceptor gain 0.51,conflicting,rs755445790,6616513T>C,Noher de Halac et al. 2005. In: Neuronal Ceroid Lipofuscinoses (Batten Disease) in Latin America - an update. ,,,,,CLN2
Pa-cln2.418,REL22,21,cln2.010,p.(Gln66*),,,juvenile,7,CB; FP,Argentina,,,Lourenco et al. 2020,33377563,atypical age,,,,,Exon 03,c.196C>T,p.(Gln66*),substitution,Nonsense,,,Pathogenic,rs759080581,6618809G>A,Sleat et al. 1999,10330339,,,,CLN2
Pa-cln2.418,REL22,21,cln2.079,c.887-10A>G, ,,juvenile,7,CB; FP,Argentina,,,Lourenco et al. 2020,33377563,atypical age,,,,,Intron 07,c.887-10A>G,varies,substitution,splice polypyrimidine tract variant,,Acceptor loss 0.52; acceptor gain 0.51,conflicting,rs755445790,6616513T>C,Noher de Halac et al. 2005. In: Neuronal Ceroid Lipofuscinoses (Batten Disease) in Latin America - an update. ,,,,,CLN2
Pa-cln2.419,,22,cln2.079,c.887-10A>G,,,juvenile,8,,Brazil,,,Lourenco et al. 2020,33377563,atypical age,,,,,Intron 07,c.887-10A>G,varies,substitution,splice polypyrimidine tract variant,,Acceptor loss 0.52; acceptor gain 0.51,conflicting,rs755445790,6616513T>C,Noher de Halac et al. 2005. In: Neuronal Ceroid Lipofuscinoses (Batten Disease) in Latin America - an update. ,,,,,CLN2
Pa-cln2.419,,22,in analysis,,, ,juvenile,8,,Brazil,,,Lourenco et al. 2020,33377563,atypical age,,,,,,,,,,,,,,,,,,,,CLN2
Pa-cln2.420,,23,cln2.001,p.(Arg208*),,,juvenile,8,,Argentina,,,Lourenco et al. 2020,33377563,atypical age,,,,,Exon 06,c.622C>T,p.(Arg208*),substitution,Nonsense,,,pathogenic,rs119455955,6617040G>A,Sleat et al. 1999,10330339,,,,CLN2
Pa-cln2.420,,23,cln2.079,c.887-10A>G, ,,juvenile,8,,Argentina,,,Lourenco et al. 2020,33377563,atypical age,,,,,Intron 07,c.887-10A>G,varies,substitution,splice polypyrimidine tract variant,,Acceptor loss 0.52; acceptor gain 0.51,conflicting,rs755445790,6616513T>C,Noher de Halac et al. 2005. In: Neuronal Ceroid Lipofuscinoses (Batten Disease) in Latin America - an update. ,,,,,CLN2
Pa-cln2.421,,24,cln2.139 ; cln2.097,p.(Arg350Trp) ; p.(Val480Met),"c.1075+28T>G (homozygous), c.1075+42C>T (homozygous), c.1542A>T (homozygous)",,juvenile,9,,Colombia,,,Lourenco et al. 2020,33377563,atypical age,,,,,,,,,,,,,,,,,,,,CLN2
Pa-cln2.421,,24,cln2.097,p.(Val480Met), ,,juvenile,9,,Colombia,,,Lourenco et al. 2020,33377563,atypical age,,,,,Exon 12,c.1438G>A,p.(Val480Met),substitution,missense,Probably damaging,,,,6614979C>T,Lourenco et al. 2020 ,33377563,,This number was previously used for  a different mutation,Variant of unknown significance,CLN2
Pa-cln2.422,,25,cln2.024,p.(Ser475Leu),,,juvenile,9,CB,Chile,,,Lourenco et al. 2020,33377563,atypical age,,,,,Exon 11,c.1424C>T,p.(Ser475Leu),substitution,Missense,Probably damaging,,not provided,rs121908202,6615172G>A,Sleat et al. 1999,10330339,,,,CLN2
Pa-cln2.422,,25,cln2.139,p.(Arg350Trp), ,,juvenile,9,CB,Chile,,,Lourenco et al. 2020,33377563,atypical age,,,,,Exon 08,c.1048C>T,p.(Arg350Trp),substitution,Missense,Probably damaging,,,,6616342G>A,pers comm R. Williams ,,,,,CLN2
Pa-cln2.423,REL21,26,cln2.079,c.887-10A>G,,,juvenile,9,CB,Chile,,,Lourenco et al. 2020,33377563,atypical age,,,,,Intron 07,c.887-10A>G,varies,substitution,splice polypyrimidine tract variant,,Acceptor loss 0.52; acceptor gain 0.51,conflicting,rs755445790,6616513T>C,Noher de Halac et al. 2005. In: Neuronal Ceroid Lipofuscinoses (Batten Disease) in Latin America - an update. ,,,,,CLN2
Pa-cln2.423,REL21,26,cln2.089,p.(Asp276Val), ,,juvenile,9,CB,Chile,,,Lourenco et al. 2020,33377563,atypical age,,,,,Exon 07,c.827A>T,p.(Asp276Val),substitution,Missense,Probably damaging,,Pathogenic,rs763162812,6616720T>A,"Kohan et al., Clin Genet, 2009; Kohan et al., 2013, Gene 516:114-21",23266810,,,,CLN2
Pa-cln2.424,,27,,,,,juvenile,9,,Chile,,,Lourenco et al. 2020,33377563,atypical age,,,,,,,,,,,,,,,,,,,,CLN2
Pa-cln2.424,,27,,,, ,juvenile,9,,Chile,,,Lourenco et al. 2020,33377563,atypical age,,,,,,,,,,,,,,,,,,,,CLN2
Pa-cln2.425,REL20,28,cln2.097,p.(Val480Met),,,juvenile,10,,Colombia,,,Lourenco et al. 2020,33377563,atypical age,,,,,Exon 12,c.1438G>A,p.(Val480Met),substitution,missense,Probably damaging,,,,6614979C>T,Lourenco et al. 2020 ,33377563,,This number was previously used for  a different mutation,Variant of unknown significance,CLN2
Pa-cln2.425,REL20,28,cln2.131,c.1076-2A>T,, ,juvenile,10,,Colombia,,,Lourenco et al. 2020,33377563,atypical age,,,,,Intron 08,c.1076-2A>T,,substitution,splice acceptor variant,most probably affecting splicing,Acceptor loss 1.0; acceptor gain 0.76,,,6616076T>A,pers comm A. Simonati ,,,,,CLN2
Pa-cln2.426,REL20,29,cln2.097,p.(Val480Met),,,late juvenile,11,,Colombia,,,Lourenco et al. 2020,33377563,atypical age,,,,,Exon 12,c.1438G>A,p.(Val480Met),substitution,missense,Probably damaging,,,,6614979C>T,Lourenco et al. 2020 ,33377563,,This number was previously used for  a different mutation,Variant of unknown significance,CLN2
Pa-cln2.426,REL20,29,cln2.131,c.1076-2A>T,, ,late juvenile,11,,Colombia,,,Lourenco et al. 2020,33377563,atypical age,,,,,Intron 08,c.1076-2A>T,,substitution,splice acceptor variant,most probably affecting splicing,Acceptor loss 1.0; acceptor gain 0.76,,,6616076T>A,pers comm A. Simonati ,,,,,CLN2
Pa-cln2.427,,30,cln2.079,c.887-10A>G,,,adult,41,,Brazil,,,Lourenco et al. 2020,33377563,atypical age,,,,,Intron 07,c.887-10A>G,varies,substitution,splice polypyrimidine tract variant,,Acceptor loss 0.52; acceptor gain 0.51,conflicting,rs755445790,6616513T>C,Noher de Halac et al. 2005. In: Neuronal Ceroid Lipofuscinoses (Batten Disease) in Latin America - an update. ,,,,,CLN2
Pa-cln2.427,,30,cln2.079,c.887-10A>G, ,,adult,41,,Brazil,,,Lourenco et al. 2020,33377563,atypical age,,,,,Intron 07,c.887-10A>G,varies,substitution,splice polypyrimidine tract variant,,Acceptor loss 0.52; acceptor gain 0.51,conflicting,rs755445790,6616513T>C,Noher de Halac et al. 2005. In: Neuronal Ceroid Lipofuscinoses (Batten Disease) in Latin America - an update. ,,,,,CLN2
Pa-cln2.428,,6,cln2.006,p.(Arg447His),,,juvenile,5.5,CB; GROD,Brazil,,,Lourenco et al. 2020,33377563,atypical age,,,,,Exon 11,c.1340G>A,p.(Arg447His),substitution,Missense,Probably damaging,,Pathogenic,rs119455956,6615256C>T,Sleat et al. 1999,10330339,,,,CLN2
Pa-cln2.428,,6,cln2.080,p.(Val480Gly), ,,juvenile,5.5,CB; GROD,Brazil,,,Lourenco et al. 2020,33377563,atypical age,,,,,Exon 12,c.1439T>G,p.(Val480Gly),substitution,Missense,Probably damaging,,,,6614978A>C,"Elleder et al., Acta Neuropathol, 2008",18283468,,,,CLN2
Pa-cln2.429,,,cln2.004,c.509-1G>C,,presumed benign duplication of maternal 7q21.3,Adult,19,,,,Canada,pers comm from relative,,atypical age,,,,,Intron 05,c.509-1G>C,,substitution,splice acceptor variant,,Acceptor loss 0.96,pathogenic,rs56144125,6617154C>G,Sleat et al. 1999,10330339, g.3556G>C,Described as p.(Phe169*) (Sleat) and p.(Val170Glyfs*29) (Sun et al.2012),,CLN2
Pa-cln2.429,,,cln2.099,p.(Tyr336Cys),,presumed benign duplication of maternal 7q21.3,Adult,19,,,,Canada,pers comm from relative,,atypical age,,,,,Exon 08,c.1007A>G,p.(Tyr336Cys),substitution,Missense,probably damaging,,,,6616383,pers comm from relative,,,,previously used for another variant,CLN2
Pa-cln2.430,,,cln2.100,p.(Ser382Asn),,,congenital,0.08,,,,Turkey,Uygur et al. 2020,32580858,patient died at 0.3 y,atypical age,,,,Exon 09,c.1145G>A,p.(Ser382Asn),substitution,Missense,probably damaging,,uncertain significance,rs761448855,6616005,Uygur et al. 2020,32580858,,at exon/intron boundary,previously used for another variant,CLN2
Pa-cln2.431,,307860,cln2.116,c.1145+2T>G,,,,-,,Egypt,,,Corina-Marcela Rus report to LOVD,,Age of diagnosis 5.75 y,This patient may be P1 in Ashaar et al. 2023,There are additional clinical details in Ashaar et al. ,,,Intron 09,c.1145+2T>G,p.(?),substitution,splice donor variant,most probably affecting splicing,Donor loss 0.99; donor gain 0.93,,,6616003,Corina-Marcela Rus report to LOVD,,,,previously used for another variant,CLN2
Pa-cln2.432,,307861,cln2.120,c.1266+1G>C,,,late infantile,4.1,,Egypt,,,Corina-Marcela Rus report to LOVD,,,,,,,Intron 10,c.1266+1G>C,p.(?),substitution,splice donor variant,most probably affecting splicing,Donor loss 1.00; Donor gain 0.98,,,6615441,Corina-Marcela Rus report to LOVD,,,,previously used for another variant,CLN2
Pa-cln2.433,,307862,cln2.121,p.(Gly482Arg),,,congenital,0,,Egypt,,,Corina-Marcela Rus report to LOVD,,Age of diagnosis 4.66 y,atypical age,,,,Exon 12,c.1444G>A,p.(Gly482Arg),substitution,Missense,probably damaging,,,,6614973,Corina-Marcela Rus report to LOVD,,,rs121908208 is G>C change,previously used for another variant,CLN2
Pa-cln2.434,,307863,cln2.070,p.(Gln55*),,,late infantile,2.5,,India,,,Corina-Marcela Rus report to LOVD,,"Mutation was in previous version of table as cln2.144, which was duplicated numbering.",,,,,,,,,,,,,,,,,,,,CLN2
Pa-cln2.435,,307864,cln2.145,p.(Ala555Leufs*3),,,late infantile,3,,Tunisia,,,Corina-Marcela Rus report to LOVD,,,,,,,Exon 13,c.1663del,p.(Ala555Leufs*3),deletion,Frameshift,,,,,6614574,Corina-Marcela Rus report to LOVD,,,,,CLN2
Pa-cln2.436,,307865,cln2.146,p.(Pro178Glnfs*5),,,,-,,Lebanon,,,Corina-Marcela Rus report to LOVD,,,,,,,Exon 06,c.528del,p.(Pro178Glnfs*5),deletion,Frameshift,,,,,6617133,Corina-Marcela Rus report to LOVD,,,,,CLN2
Pa-cln2.437,,307866,cln2.147,p.(Arg206Pro),,,infantile,1.9,,Egypt,,,Corina-Marcela Rus report to LOVD,,,,,,,Exon 06,c.617G>C,p.(Arg206Pro),substitution,Missense,probably damaging,,,,6617045,Corina-Marcela Rus report to LOVD,,,,,CLN2
Pa-cln2.438,,307867,cln2.148,p.(Phe243Leu),,,late infantile,3,,Lebanon,,,Corina-Marcela Rus report to LOVD,,,,,,,Exon 07,c.729C>G,p.(Phe243Leu),substitution,Missense,probably damaging,,,,6616818,Corina-Marcela Rus report to LOVD,,,,,CLN2
Pa-cln2.439,,307868,cln2.149,p.(Arg268Glyfs*8),,,late infantile,3,,Egypt,,,Corina-Marcela Rus report to LOVD,,variant was mislabelled cln2.148 in Dec24 version of the table,,,,,Exon 07,c.802del,p.(Arg268Glyfs*8),deletion,Frameshift,,,,,6616744,Corina-Marcela Rus report to LOVD,,,,,CLN2
Pa-cln2.440,,307869,cln2.150,c.89+2_887del,,,,-,,Oman,,,Corina-Marcela Rus report to LOVD,,Age at diagnosis 4.25 y,,,,,Intron 02 - Exon 08,c.89+2_887del,p.(?),deletion,,,,,,6616504_6619195del,Corina-Marcela Rus report to LOVD,,Sequence description from VariantValidator ,In LOVD as g.(6637735_6637891)_(6640145_6640428)del (GRCh37), 'Published' as 6637892_6640146del,CLN2
Pa-cln2.441,,1,cln2.004, c.509-1G>C ,,,late infantile,3.25,,Australia,,,"Johnson et al., 2020",32329550,,,,,,Intron 05,c.509-1G>C,,substitution,splice acceptor variant,,Acceptor loss 0.96,pathogenic,rs56144125,6617154C>G,Sleat et al. 1999,10330339, g.3556G>C,Described as p.(Phe169*) (Sleat) and p.(Val170Glyfs*29) (Sun et al.2012),,CLN2
Pa-cln2.441,,1,cln2.004,c.509-1G>C ,,,late infantile,3.25,,Australia,,,"Johnson et al., 2020",32329550,,,,,,Intron 05,c.509-1G>C,,substitution,splice acceptor variant,,Acceptor loss 0.96,pathogenic,rs56144125,6617154C>G,Sleat et al. 1999,10330339, g.3556G>C,Described as p.(Phe169*) (Sleat) and p.(Val170Glyfs*29) (Sun et al.2012),,CLN2
Pa-cln2.442,,2,cln2.002,p.(Cys365Arg),,,late infantile,2.5,,Australia,,,"Johnson et al., 2020",32329550,,,,,,Exon 09,c.1093T>C,p.(Cys365Arg),substitution,Missense,Probably damaging,,pathogenic,rs119455953,6616057A>G,Sleat et al. 1999,10330339,,,,CLN2
Pa-cln2.442,,2,cln2.057,p.(Gly473Arg),,,late infantile,2.5,,Australia,,,"Johnson et al., 2020",32329550,,,,,,Exon 11,c.1417G>A,p.(Gly473Arg),substitution,Missense,Probably damaging,,not provided,rs121908203,6615179C>T,Lam et al. 2001,11241479,,,,CLN2
Pa-cln2.443,,3,cln2.004, c.509-1G>C ,,,late infantile,3.1,,Australia,,,"Johnson et al., 2020",32329550,,,,,,Intron 05,c.509-1G>C,,substitution,splice acceptor variant,,Acceptor loss 0.96,pathogenic,rs56144125,6617154C>G,Sleat et al. 1999,10330339, g.3556G>C,Described as p.(Phe169*) (Sleat) and p.(Val170Glyfs*29) (Sun et al.2012),,CLN2
Pa-cln2.443,,3,cln2.004,c.509-1G>C ,,,late infantile,3.1,,Australia,,,"Johnson et al., 2020",32329550,,,,,,Intron 05,c.509-1G>C,,substitution,splice acceptor variant,,Acceptor loss 0.96,pathogenic,rs56144125,6617154C>G,Sleat et al. 1999,10330339, g.3556G>C,Described as p.(Phe169*) (Sleat) and p.(Val170Glyfs*29) (Sun et al.2012),,CLN2
Pa-cln2.444,,4,cln2.004, c.509-1G>C ,,,late infantile,3,,Australia,,,"Johnson et al., 2020",32329550,,,,,,Intron 05,c.509-1G>C,,substitution,splice acceptor variant,,Acceptor loss 0.96,pathogenic,rs56144125,6617154C>G,Sleat et al. 1999,10330339, g.3556G>C,Described as p.(Phe169*) (Sleat) and p.(Val170Glyfs*29) (Sun et al.2012),,CLN2
Pa-cln2.444,,4,cln2.004,c.509-1G>C ,,,late infantile,3,,Australia,,,"Johnson et al., 2020",32329550,,,,,,Intron 05,c.509-1G>C,,substitution,splice acceptor variant,,Acceptor loss 0.96,pathogenic,rs56144125,6617154C>G,Sleat et al. 1999,10330339, g.3556G>C,Described as p.(Phe169*) (Sleat) and p.(Val170Glyfs*29) (Sun et al.2012),,CLN2
Pa-cln2.445,,5,cln2.011,p.(Gln75=),,,late infantile,3.5,,Australia,,,"Johnson et al., 2020",32329550,,,,,,Exon 03,c.225A>G,p.(Gln75=),substitution,cryptic splice acceptor variant,potential activation of splicing,,,,6618780T>C,Sleat et al. 1999,10330339,g.1946A>G,"Shown by Helman et al. 2021 to result in the creation of a novel donor splice site and a 5 nt truncation of exon 3, leading to a change in reading frame which is predicted to undergo nonsense mediated decay",,CLN2
Pa-cln2.446,REL24,6,cln2.004,c.509-1G>C ,,,late infantile,2.7,,Australia,,,"Johnson et al., 2020",32329550,,,,,,Intron 05,c.509-1G>C,,substitution,splice acceptor variant,,Acceptor loss 0.96,pathogenic,rs56144125,6617154C>G,Sleat et al. 1999,10330339, g.3556G>C,Described as p.(Phe169*) (Sleat) and p.(Val170Glyfs*29) (Sun et al.2012),,CLN2
Pa-cln2.447,REL24,7,cln2.004,c.509-1G>C ,,,late infantile,3.2,,Australia,,,"Johnson et al., 2020",32329550,,,,,,Intron 05,c.509-1G>C,,substitution,splice acceptor variant,,Acceptor loss 0.96,pathogenic,rs56144125,6617154C>G,Sleat et al. 1999,10330339, g.3556G>C,Described as p.(Phe169*) (Sleat) and p.(Val170Glyfs*29) (Sun et al.2012),,CLN2
Pa-cln2.448,,8,cln2.004,c.509-1G>C ,,,late infantile,3.2,,Australia,,,"Johnson et al., 2020",32329550,,,,,,Intron 05,c.509-1G>C,,substitution,splice acceptor variant,,Acceptor loss 0.96,pathogenic,rs56144125,6617154C>G,Sleat et al. 1999,10330339, g.3556G>C,Described as p.(Phe169*) (Sleat) and p.(Val170Glyfs*29) (Sun et al.2012),,CLN2
Pa-cln2.449,,9,cln2.001,p.(Arg208*),,,late infantile,3,,Australia,,,"Johnson et al., 2020",32329550,,,,,,Exon 06,c.622C>T,p.(Arg208*),substitution,Nonsense,,,pathogenic,rs119455955,6617040G>A,Sleat et al. 1999,10330339,,,,CLN2
Pa-cln2.449,,9,cln2.151,p.(Tyr76*),,,late infantile,3,,Australia,,,"Johnson et al., 2020",32329550,,,,,,Exon 03,c.228C>A,p.(Tyr76*),substitution,Nonsense,,,,,6618777,"Johnson et al., 2020",32329550,,,,CLN2
Pa-cln2.450,REL25,10,cln2.004,c.509-1G>C ,,,late infantile,3.5,,Australia,,,"Johnson et al., 2020",32329550,,,,,,Intron 05,c.509-1G>C,,substitution,splice acceptor variant,,Acceptor loss 0.96,pathogenic,rs56144125,6617154C>G,Sleat et al. 1999,10330339, g.3556G>C,Described as p.(Phe169*) (Sleat) and p.(Val170Glyfs*29) (Sun et al.2012),,CLN2
Pa-cln2.451,REL25,11,cln2.004,c.509-1G>C ,,,infantile,1.5,,Australia,,,"Johnson et al., 2020",32329550,,,,,,Intron 05,c.509-1G>C,,substitution,splice acceptor variant,,Acceptor loss 0.96,pathogenic,rs56144125,6617154C>G,Sleat et al. 1999,10330339, g.3556G>C,Described as p.(Phe169*) (Sleat) and p.(Val170Glyfs*29) (Sun et al.2012),,CLN2
Pa-cln2.452,,12,cln2.001,p.(Arg208*),,,late infantile,3,,Australia,,,"Johnson et al., 2020",32329550,,,,,,Exon 06,c.622C>T,p.(Arg208*),substitution,Nonsense,,,pathogenic,rs119455955,6617040G>A,Sleat et al. 1999,10330339,,,,CLN2
Pa-cln2.452,,12,cln2.051,p.(Leu120Serfs*18),,,late infantile,3,,Australia,,,"Johnson et al., 2020",32329550,,,,,,Exon 04,c.357dup,p.(Leu120Serfs*18),duplication,frameshift,,,,,6617649dup,Zhong et al. 2000,11339651,,,,CLN2
Pa-cln2.453,,13,cln2.004,c.509-1G>C,,,late infantile,2.9,,Australia,,,"Johnson et al., 2020",32329550,,,,,,Intron 05,c.509-1G>C,,substitution,splice acceptor variant,,Acceptor loss 0.96,pathogenic,rs56144125,6617154C>G,Sleat et al. 1999,10330339, g.3556G>C,Described as p.(Phe169*) (Sleat) and p.(Val170Glyfs*29) (Sun et al.2012),,CLN2
Pa-cln2.453,,13,cln2.001,p.(Arg208*),,,late infantile,2.9,,Australia,,,"Johnson et al., 2020",32329550,,,,,,Exon 06,c.622C>T,p.(Arg208*),substitution,Nonsense,,,pathogenic,rs119455955,6617040G>A,Sleat et al. 1999,10330339,,,,CLN2
Pa-cln2.454,,2A,cln2.024,p.(Ser475Leu),,,late infantile,3,,,,France,"Dozières‐Puyravel et al., 2019",31489614,,,,,,Exon 11,c.1424C>T,p.(Ser475Leu),substitution,Missense,Probably damaging,,not provided,rs121908202,6615172G>A,Sleat et al. 1999,10330339,,,,CLN2
Pa-cln2.455,,2B,cln2.152,p.(Gly77Arg),,,late infantile,3,,,,France,"Dozières‐Puyravel et al., 2019",31489614,,,,,,Exon 04,c.229G>C,p.(Gly77Arg),substitution,Missense,probably damaging,,pathogenic/likely pathogenic,rs121908195,6618776,"Dozières‐Puyravel et al., 2019",31489614,,,,CLN2
Pa-cln2.456,,2C,cln2.001,p.(Arg208*),,,late infantile,3,,,,France,"Dozières‐Puyravel et al., 2019",31489614,,,,,,Exon 06,c.622C>T,p.(Arg208*),substitution,Nonsense,,,pathogenic,rs119455955,6617040G>A,Sleat et al. 1999,10330339,,,,CLN2
Pa-cln2.457,,2D,cln2.010,p.(Gln66*),,,late infantile,2.5,,,,France,"Dozières‐Puyravel et al., 2019",31489614,,,,,,Exon 03,c.196C>T,p.(Gln66*),substitution,Nonsense,,,Pathogenic,rs759080581,6618809G>A,Sleat et al. 1999,10330339,,,,CLN2
Pa-cln2.457,,2D,cln2.001,p.(Arg208*),,,late infantile,2.5,,,,France,"Dozières‐Puyravel et al., 2019",31489614,,,,,,Exon 06,c.622C>T,p.(Arg208*),substitution,Nonsense,,,pathogenic,rs119455955,6617040G>A,Sleat et al. 1999,10330339,,,,CLN2
Pa-cln2.458,,2E,cln2.004,c.509-1G>C,,,late infantile,3,,,,France,"Dozières‐Puyravel et al., 2019",31489614,,,,,,Intron 05,c.509-1G>C,,substitution,splice acceptor variant,,Acceptor loss 0.96,pathogenic,rs56144125,6617154C>G,Sleat et al. 1999,10330339, g.3556G>C,Described as p.(Phe169*) (Sleat) and p.(Val170Glyfs*29) (Sun et al.2012),,CLN2
Pa-cln2.458,,2E,cln2.004,c.509-1G>A,,,late infantile,3,,,,France,"Dozières‐Puyravel et al., 2019",31489614,,,,,,Intron 05,c.509-1G>C,,substitution,splice acceptor variant,,Acceptor loss 0.96,pathogenic,rs56144125,6617154C>G,Sleat et al. 1999,10330339, g.3556G>C,Described as p.(Phe169*) (Sleat) and p.(Val170Glyfs*29) (Sun et al.2012),,CLN2
Pa-cln2.459,,2F,cln2.153,p.(His491Thrfs*28),,,,,,,,France,"Dozières‐Puyravel et al., 2019",31489614,,,,,,Exon 12,c.1471del,p.(His491Thrfs*28),deletion,Frameshift,,,,,6614946del,"Dozières‐Puyravel et al., 2019",31489614,,,,CLN2
Pa-cln2.459,,2F,cln2.154,p.(Glu532Argfs*76),,,,,,,,France,"Dozières‐Puyravel et al., 2019",31489614,,,,,,Exon 13,c.1593dup,p.(Glu532Argfs*76),duplication,Frameshift,,,likely pathogenic,rs1216139602,6614644,"Dozières‐Puyravel et al., 2019",31489614,,,,CLN2
Pa-cln2.460,,2G,cln2.047,p.(Arg339Trp),,,late infantile,2.7,,,,France,"Dozières‐Puyravel et al., 2019",31489614,,,,,,Exon 08,c.1015C>T,p.(Arg339Trp),substitution,Missense,Probably damaging,,pathogenic/likely pathogenic,rs750428882,6616375G>A,Kousi et al. 2012,21990111,,,,CLN2
Pa-cln2.461,REL26,2H,cln2.011,p.(Gln75=),,,late infantile,4,,,,France,"Dozières‐Puyravel et al., 2019",31489614,,,,,,Exon 03,c.225A>G,p.(Gln75=),substitution,cryptic splice acceptor variant,potential activation of splicing,,,,6618780T>C,Sleat et al. 1999,10330339,g.1946A>G,"Shown by Helman et al. 2021 to result in the creation of a novel donor splice site and a 5 nt truncation of exon 3, leading to a change in reading frame which is predicted to undergo nonsense mediated decay",,CLN2
Pa-cln2.462,REL26,2I,cln2.011,p.(Gln75=),,,late infantile,3.7,,,,France,"Dozières‐Puyravel et al., 2019",31489614,,,,,,Exon 03,c.225A>G,p.(Gln75=),substitution,cryptic splice acceptor variant,potential activation of splicing,,,,6618780T>C,Sleat et al. 1999,10330339,g.1946A>G,"Shown by Helman et al. 2021 to result in the creation of a novel donor splice site and a 5 nt truncation of exon 3, leading to a change in reading frame which is predicted to undergo nonsense mediated decay",,CLN2
Pa-cln2.463,REL26,2J,cln2.011,p.(Gln75=),,,late infantile,3.5,,,,France,"Dozières‐Puyravel et al., 2019",31489614,,,,,,Exon 03,c.225A>G,p.(Gln75=),substitution,cryptic splice acceptor variant,potential activation of splicing,,,,6618780T>C,Sleat et al. 1999,10330339,g.1946A>G,"Shown by Helman et al. 2021 to result in the creation of a novel donor splice site and a 5 nt truncation of exon 3, leading to a change in reading frame which is predicted to undergo nonsense mediated decay",,CLN2
Pa-cln2.464,,IV4,cln2.155,p.(Gln278*),,,late infantile,4,,,,Iran,Baranzehi et al. 2022,36362641,presented with epilepsy and ataxia,,,,,Exon 07,c.832C>T,p.(Gln278*),substitution,Nonsense,,,,rs1352347549,6616715G>A,Baranzehi et al. 2022,36362641,,rare,,CLN2
Pa-cln2.465,,,cln2.034,p.(Leu13Pro) ,,ABCD1 p.(Arg17His) maternal hemizygous,adult,36,,,,Poland,Lugowska et al. 2022,35054396,"mild phenotype with protracted course, residual enzyme activity",cerebellar-extrapyramidal syndrome; dilated cardiomyopaty; dysarthria and cardiac arrhythmia at 4,,,,Exon 02,c.38T>C,p.(Leu13Pro),substitution,Missense,possibly damaging ,,,,6619247A>G,"pers comm Miriam Nickel, Hamburg",,,This number was previously used for  a different mutation,,CLN2
Pa-cln2.465,,,cln2.156,p.(Tyr508Cys),,ABCD1 p.(Arg17His) maternal hemizygous,adult,36,,,,Poland,Lugowska et al. 2022,35054396,"mild phenotype with protracted course, residual enzyme activity",cerebellar-extrapyramidal syndrome; dilated cardiomyopaty; dysarthria and cardiac arrhythmia at 4,,,,Exon 12,c.1523A>G,p.(Tyr508Cys),substitution,Missense,probably damaging,,,rs769195711,6614894T>C,Lugowska et al. 2022,35054396,,rare,,CLN2
Pa-cln2.466,,,cln2.011,p.(Gln75=),,,juvenile,5,curvilinear bodies,,Assyrian,Australia,Helman et al. 2021,34126256,"decline in language skills, anxiety, progressing to mild motor difficulties aged 6","TPP1 activity 0.04 nmol/min/ mg protein, Reference Range: 0.7–2.2",,,,Exon 03,c.225A>G,p.(Gln75=),substitution,cryptic splice acceptor variant,potential activation of splicing,,,,6618780T>C,Sleat et al. 1999,10330339,g.1946A>G,"Shown by Helman et al. 2021 to result in the creation of a novel donor splice site and a 5 nt truncation of exon 3, leading to a change in reading frame which is predicted to undergo nonsense mediated decay",,CLN2
Pa-cln2.466,,,cln2.157,p.(Gln338Glu),,,juvenile,5,curvilinear bodies,,Assyrian,Australia,Helman et al. 2021,34126256,"decline in language skills, anxiety, progressing to mild motor difficulties aged 6","TPP1 activity 0.04 nmol/min/ mg protein, Reference Range: 0.7–2.2",,,,Exon 08,c.1012C>G,p.(Gln338Glu),substitution,Missense,benign,,pathogenic,,6616378G>C,Helman et al. 2021,34126256,,exon 08 and 07-08 skipping seen in vitro in this study,,CLN2
Pa-cln2.467,,,cln2.001,p.(Arg208*),,,late infantile,3,,UK,,,Pers comm relative,,atypical - jerky movements age 3-4; balance/ataxia problems/prenatal cardiac problem. TPP1 level is 'high',,,,8/7-8 skipping resulting from the paternally inherited c.1012C>G. ,Exon 06,c.622C>T,p.(Arg208*),substitution,Nonsense,,,pathogenic,rs119455955,6617040G>A,Sleat et al. 1999,10330339,,,,CLN2
Pa-cln2.467,,,cln2.158,p.(Gly171Arg),,,late infantile,3,,UK,,,Pers comm relative,,atypical - jerky movements age 3-4; balance/ataxia problems/prenatal cardiac problem. TPP1 level is 'high',,,,2. Discussion ,Exon 06,c.511G>C,p.(Gly171Arg),substitution,Missense,probably damaging,,uncertain significance,rs994636765,6617151C>G,Pers comm relative,,,rare,,CLN2
Pa-cln2.468,,,cln2.159,p.(Pro178Glnfs*),,,late infantile,3,,Gambia,,,Pers comm Mallick,,https://www.researchgate.net/publication/335985218_Late-infantile_Neuronal_Ceroid_Lipofuscinosis_presenting_in_a_child_of_West_African_ethnicity_with_a_novel_TPP1CLN2_mutation,,,,"Using short-read RNA sequencing, we were able to identify unique ",Exon 06,c.533del,p.(Pro178Glnfs*),deletion,frameshift,,,likely pathogenic,rs1855599044,6617129,Pers comm Mallick,,also Gall et al.,,,CLN2
Pa-cln2.468,,,cln2.159,p.(Pro178Glnfs*),,,late infantile,3,,Gambia,,,Pers comm Mallick,,https://www.researchgate.net/publication/335985218_Late-infantile_Neuronal_Ceroid_Lipofuscinosis_presenting_in_a_child_of_West_African_ethnicity_with_a_novel_TPP1CLN2_mutation,,,,biallelic aberrant splicing events in TPP1. Our results suggest that in this ,Exon 06,c.533del,p.(Pro178Glnfs*),deletion,frameshift,,,likely pathogenic,rs1855599044,6617129,Pers comm Mallick,,also Gall et al.,,,CLN2
Pa-cln2.259,,LUMC021_Kousi_2011_novel,cln2.114,p.(Ala448Val),cln2.118,,,,,Turkey,,,"Kousi et al., 2012",21990111,,,,,,Exon 11,c.1343C>T,p.(Ala448Val),substitution,Missense,Probably damaging,,,,6615253G>A,Kousi et al. 2012,21990111,,,,CLN2
Pa-cln2.259,,LUMC021_Kousi_2011_novel,cln2.001,p.(Arg208*),cln2.118,,,,,Turkey,,,"Kousi et al., 2012",21990111,,,,,,Exon 06,c.622C>T,p.(Arg208*),substitution,Nonsense,,,pathogenic,rs119455955,6617040G>A,Sleat et al. 1999,10330339,,,,CLN2
Pa-cln2.300,,1_Mole_2001,cln2.050,c.380+55G>A,,,,,,Turkey,,,"Mole et al.,Eur J Pediatr Neurol.,2001",11589012,,,,,,Intron 04,c.380+55G>A,,substitution,non coding transcript exon variant (Splice AI),Probably no impact on splicing,All <0.5,,,6617571C>T,Mole et al. 2001,11589012,,,,CLN2
Pa-cln2.300,,1_Mole_2001,,not identified,,,,,,Turkey,,,"Mole et al.,Eur J Pediatr Neurol.,2001",11589012,,,,,,,,,,,,,,,,,,,,,CLN2
Pa-cln2.471,,P13  ,cln2.160,p.(Met345Leu),,,,,,India,,,Sheth et al. 2018,30541466,TPP1 activity 10.2 nmol/hr/mg protein (25.5 - 215),typical clinical presentation,,,"of CLN2 including seizures, eye abnormalities, and curvilinear bodies on ",Exon 08,c.1033A>C ,p.(Met345Leu),substitution,Missense,benign,,Benign/likely benign,rs141482368,6616357,Sheth et al. 2018,30541466,,,,CLN2
Pa-cln2.471,,P13  ,,,,,,,,India,,,Sheth et al. 2018,30541466,TPP1 activity 10.2 nmol/hr/mg protein (25.5 - 215),typical clinical presentation,,,electron microscopy but also her presentation with progressive neuro_x0002_degeneration and microcephaly would not be expected with the juve_x0002_nile- or late-onset form of TPP1-related disease but is more consistent ,,,,,,,,,,,,,,,,CLN2
Pa-cln2.472,,P14  ,cln2.047,p.(Arg339Trp),,,,,,India,,,Sheth et al. 2018,30541466,TPP1 activity 4.5 nmol/hr/mg protein (25.5 - 215),typical clinical presentation,,,"with the broad spectrum of CLN2 disease (Sun et al., 2013). In addition, ",Exon 08,c.1015C>T,p.(Arg339Trp),substitution,Missense,Probably damaging,,pathogenic/likely pathogenic,rs750428882,6616375G>A,Kousi et al. 2012,21990111,,,,CLN2
Pa-cln2.472,,P14  ,cln2.047,p.(Arg339Trp),,,,,,India,,,Sheth et al. 2018,30541466,TPP1 activity 4.5 nmol/hr/mg protein (25.5 - 215),typical clinical presentation,,,the biochemical profile of TPP1 in leukocytes was not reduced to the ,Exon 08,c.1015C>T,p.(Arg339Trp),substitution,Missense,Probably damaging,,pathogenic/likely pathogenic,rs750428882,6616375G>A,Kousi et al. 2012,21990111,,,,CLN2
Pa-cln2.473,,P15  ,cln2.077,p.(Arg339Gln),,,,,,India,,,Sheth et al. 2018,30541466,TPP1 activity 4.9 nmol/hr/mg protein (25.5 - 215),typical clinical presentation,,,"levels typically seen classical CLN2; however, this was more reduced in ",Exon 08,c.1016G>A,p.(Arg339Gln),substitution,Missense,Probably damaging,,conflicting,rs765380155,6616374C>T,Kousi et al. 2012,21990111,,,,CLN2
Pa-cln2.473,,P15  ,cln2.077,p.(Arg339Gln),,,,,,India,,,Sheth et al. 2018,30541466,TPP1 activity 4.9 nmol/hr/mg protein (25.5 - 215),typical clinical presentation,,,fibroblasts. Approximately 13% of individuals with variants in TPP1 ,Exon 08,c.1016G>A,p.(Arg339Gln),substitution,Missense,Probably damaging,,conflicting,rs765380155,6616374C>T,Kousi et al. 2012,21990111,,,,CLN2
Pa-cln2.474,,P16  ,cln2.053,p.(Phe516*),,,,,,India,,,Sheth et al. 2018,30541466,TPP1 activity 11.9 nmol/hr/mg protein (25.5 - 215),typical clinical presentation,,,"have an atypical presentation, either more closely resembling the SCAR7 ",Exon 12,c.1547_1548del,p.(Phe516*),deletion,Nonsense,,,,,6614869_6614870del,Kousi et al. 2012,21990111,,,,CLN2
Pa-cln2.474,,P16  ,cln2.053,p.(Phe516*),,,,,,India,,,Sheth et al. 2018,30541466,TPP1 activity 11.9 nmol/hr/mg protein (25.5 - 215),typical clinical presentation,,,"form or with a more intermediate phenotype between these two ex_x0002_tremes (Dy et al., 2015; Gardner et al., 2019). In light of her milder ",Exon 12,c.1547_1548del,p.(Phe516*),deletion,Nonsense,,,,,6614869_6614870del,Kousi et al. 2012,21990111,,,,CLN2
Pa-cln2.475,,P17  ,cln2.041,p.(Arg206Cys),,,,,,India,,,Sheth et al. 2018,30541466,TPP1 activity 5.4 nmol/hr/mg protein (25.5 - 215),typical clinical presentation,,,"phenotype and residual TPP1 enzyme activity, we suggest it is likely that ",Exon 06,c.616C>T,p.(Arg206Cys),substitution,Missense,Probably damaging,,pathogenic,rs28940573,6617046G>A,Kousi et al. 2012,10665500,,,,CLN2
Pa-cln2.475,,P17  ,cln2.041,p.(Arg206Cys),,,,,,India,,,Sheth et al. 2018,30541466,TPP1 activity 5.4 nmol/hr/mg protein (25.5 - 215),typical clinical presentation,,,"one or both of the variants described here are hypomorphic alleles, ",Exon 06,c.616C>T,p.(Arg206Cys),substitution,Missense,Probably damaging,,pathogenic,rs28940573,6617046G>A,Kousi et al. 2012,10665500,,,,CLN2
Pa-cln2.476,,P23  ,cln2.063,p.(Asn286Ser),,,,,,India,,,Sheth et al. 2018,30541466,TPP1 activity 6.5 nmol/hr/mg protein (25.5 - 215),typical clinical presentation,,,"retaining either a minimal level of canonical mRNA splicing, or in the ",Exon 07,c.857A>G,p.(Asn286Ser),substitution,Missense,Possibly damaging,,Pathogenic,rs119455958,6616690T>C,"Steinfeld et al.,Am J Med Genet.,2002",12376936,,,,CLN2
Pa-cln2.476,,P23  ,cln2.161,p.(Ser62Argfs*19),,,,,,India,,,Sheth et al. 2018,30541466,TPP1 activity 6.5 nmol/hr/mg protein (25.5 - 215),typical clinical presentation,,,"case of c.1012C>G, the protein encoded by the aberrantly spliced ",Exon 03,c.184del,p.(Ser62Argfs*19),deletion,frameshift,,,likely pathogenic,rs1554902217,6618820,Sheth et al. 2018,30541466,,,,CLN2
Pa-cln2.477,,P24  ,cln2.162,p.(Arg152Ser),,,,,,India,,,Sheth et al. 2018,30541466,TPP1 activity 9.1 nmol/hr/mg protein (25.5 - 215),typical clinical presentation,,,mRNAs retains some level catalytic activity. ,Exon 05,c.456G>C,p.(Arg152Ser),substitution,Missense,probably damaging,,likely pathogenic,rs869025274,6617353,Sheth et al. 2018,30541466,,,,CLN2
Pa-cln2.477,,P24  ,cln2.162,p.(Arg152Ser),,,,,,India,,,Sheth et al. 2018,30541466,TPP1 activity 9.1 nmol/hr/mg protein (25.5 - 215),typical clinical presentation,,,"In light of recent therapeutic advancements, an early and definitive ",Exon 05,c.456G>C,p.(Arg152Ser),substitution,Missense,probably damaging,,likely pathogenic,rs869025274,6617353,Sheth et al. 2018,30541466,,,,CLN2
Pa-cln2.478,,P25a ,cln2.042,p.(Tyr459Ser),,,,,,India,,,Sheth et al. 2018,30541466,TPP1 activity 0 nmol/hr/mg protein (25.5 - 215),typical clinical presentation,,,molecular diagnosis can enable effective CLN2 disease management. ,Exon 11,c.1376A>C,p.(Tyr459Ser),substitution,Missense,probably damaging,,likely pathogenic,rs864309505,6615220T>G,Bhavsar et al. 2016 (meeting abstract),27518768,,,,CLN2
Pa-cln2.478,,P25a ,cln2.042,p.(Tyr459Ser),,,,,,India,,,Sheth et al. 2018,30541466,TPP1 activity 0 nmol/hr/mg protein (25.5 - 215),typical clinical presentation,,,"Similar to other recently published studies (Lee et al., 2020), our results ",Exon 11,c.1376A>C,p.(Tyr459Ser),substitution,Missense,probably damaging,,likely pathogenic,rs864309505,6615220T>G,Bhavsar et al. 2016 (meeting abstract),27518768,,,,CLN2
Pa-cln2.479,,P27a ,cln2.163,p.(Ser153Profs*19),,,,,,India,,,Sheth et al. 2018,30541466,TPP1 activity 0.3 nmol/hr/mg protein (25.5 - 215),typical clinical presentation,,,demonstrate how RNAseq can play a complementary role to under_x0002_standing results of DNA sequencing and expedite functional interpre_x0002_tation. This method provides further evidence for variant classification ,Exon 05,c.457_490del,p.(Ser153Profs*19),deletion,frameshift,,,likely pathogenic,rs878855331,6617318,Sheth et al. 2018,30541466,Described as c.455_488del; automapped to this variant by VariantValidator,,,CLN2
Pa-cln2.479,,P27a ,cln2.163,p.(Ser153Profs*19),,,,,,India,,,Sheth et al. 2018,30541466,TPP1 activity 0.3 nmol/hr/mg protein (25.5 - 215),typical clinical presentation,,,and in some cases may benefit further from methodologies such as the ,Exon 05,c.457_490del,p.(Ser153Profs*19),deletion,frameshift,,,likely pathogenic,rs878855331,6617318,Sheth et al. 2018,30541466,Described as c.455_488del; automapped to this variant by VariantValidator,,,CLN2
Pa-cln2.480,,P28a,cln2.164,p.(Tyr157*),,,,,,India,,,Sheth et al. 2018,30541466,TPP1 activity 0 nmol/hr/mg protein (25.5 - 215),typical clinical presentation,,,"generation of patient-specific induced pluripotent stem cells and dif_x0002_ferentiation into disease-relevant tissue. While both the analytical tools, ",Exon 05,c.471C>A,p.(Tyr157*),substitution,Nonsense,,,likely pathogenic,rs553522118,6617338,Sheth et al. 2018,30541466,,,,CLN2
Pa-cln2.480,,P28a,cln2.164,p.(Tyr157*),,,,,,India,,,Sheth et al. 2018,30541466,TPP1 activity 0 nmol/hr/mg protein (25.5 - 215),typical clinical presentation,,,"approaches, and clinical interpretation of RNAseq require further ",Exon 05,c.471C>A,p.(Tyr157*),substitution,Nonsense,,,likely pathogenic,rs553522118,6617338,Sheth et al. 2018,30541466,,,,CLN2
Pa-cln2.481,,P29,cln2.165,p.(Phe230Serfs*28),,,,,,India,,,Sheth et al. 2018,30541466,TPP1 activity 9.2 nmol/hr/mg protein (25.5 - 215),typical clinical presentation. See also Pa-cln2.571,,,"development, we suggest that the utility of RNAseq for disease diagnosis ",Exon 07,c.689del,p.(Phe230Serfs*28),deletion,frameshift,,,likely pathogenic,rs1554901898,6616857,Sheth et al. 2018,30541466,,,,CLN2
Pa-cln2.481,,P29,cln2.166,p.(Ile484Aspfs*7),,,,,,India,,,Sheth et al. 2018,30541466,TPP1 activity 9.2 nmol/hr/mg protein (25.5 - 215),typical clinical presentation. See also Pa-cln2.571,,,will continue to grow. ,Exon 12,c.1449dup,p.(Ile484Aspfs*7),duplication,frameshift,,,Pathogenic/likely pathogenic,rs1057516264,6614967,Sheth et al. 2018,30541466,,,,CLN2
Pa-cln2.482,,27,cln2.004,c.509‐1G>C,,,late infantile,3.5,,,,Canada,Jilani et al. 2019,31741823,"GDD, seizures, ataxia","diffuse cerebral and cerebellar atrophy, increased FLAIR signal in MRI (9 yrs)",,,CRediT authorship contribution statement ,Intron 05,c.509-1G>C,,substitution,splice acceptor variant,,Acceptor loss 0.96,pathogenic,rs56144125,6617154C>G,Sleat et al. 1999,10330339, g.3556G>C,Described as p.(Phe169*) (Sleat) and p.(Val170Glyfs*29) (Sun et al.2012),,CLN2
Pa-cln2.482,,27,cln2.001,p.(Arg208*),,,late infantile,3.5,,,,Canada,Jilani et al. 2019,31741823,"GDD, seizures, ataxia","diffuse cerebral and cerebellar atrophy, increased FLAIR signal in MRI (9 yrs)",,,"Guy Helman: Conceptualization, Methodology, Software, Investi_x0002_gation, Visualization, Writing – original draft, Writing – review & edit_x0002_ing. Lauren E. Taylor: Investigation, Resources. Marzena Walkiewicz: ",Exon 06,c.622C>T,p.(Arg208*),substitution,Nonsense,,,pathogenic,rs119455955,6617040G>A,Sleat et al. 1999,10330339,,,,CLN2
Pa-cln2.483,,86,cln2.004,c.509‐1G>C,,,late infantile,<3,Normal (conjunctiva biopsy),,,Canada,Jilani et al. 2019,31741823,"GDD, seizures (MS, GTCS, drop attacks) blindness",cerebral atrophy in MRI (11 yrs),,,Investigation. Maelle Le Moing: Investigation. Stefanie Eggers: ,Intron 05,c.509-1G>C,,substitution,splice acceptor variant,,Acceptor loss 0.96,pathogenic,rs56144125,6617154C>G,Sleat et al. 1999,10330339, g.3556G>C,Described as p.(Phe169*) (Sleat) and p.(Val170Glyfs*29) (Sun et al.2012),,CLN2
Pa-cln2.483,,86,cln2.060,p.(Leu355Pro),,,late infantile,<3,Normal (conjunctiva biopsy),,,Canada,Jilani et al. 2019,31741823,"GDD, seizures (MS, GTCS, drop attacks) blindness",cerebral atrophy in MRI (11 yrs),,,Investigation. Joy Yaplito-Lee: Investigation. Maria Fuller: Investiga_x0002_tion. Gabriel Dabscheck: Investigation. Victoria Rodriguez-Casero: ,Exon 08,c.1064T>C,p.(Leu355Pro),substitution,Missense,Probably damaging,,,,6616326A>G,Kousi et al. 2012,21990111,,,,CLN2
Pa-cln2.484,,117,cln2.004,c.509‐1G>C,,,late infantile,3,curvilinear bodies; fingerprint profile,,,Canada,Jilani et al. 2019,31741823,"GDD, seizures (AS, MS, TS, AbS), ataxia, behavioral problems","cerebral atrophy, increased signal in central WM, small thalami in MRI",,,"Investigation. Susan M. White: Conceptualization, Writing – review & ",Intron 05,c.509-1G>C,,substitution,splice acceptor variant,,Acceptor loss 0.96,pathogenic,rs56144125,6617154C>G,Sleat et al. 1999,10330339, g.3556G>C,Described as p.(Phe169*) (Sleat) and p.(Val170Glyfs*29) (Sun et al.2012),,CLN2
Pa-cln2.484,,117,cln2.001,p.(Arg208*),,,late infantile,3,curvilinear bodies; fingerprint profile,,,Canada,Jilani et al. 2019,31741823,"GDD, seizures (AS, MS, TS, AbS), ataxia, behavioral problems","cerebral atrophy, increased signal in central WM, small thalami in MRI",,,"editing, Supervision, Funding acquisition. Cas Simons: Conceptualiza_x0002_tion, Methodology, Software, Writing – review & editing, Supervision, ",Exon 06,c.622C>T,p.(Arg208*),substitution,Nonsense,,,pathogenic,rs119455955,6617040G>A,Sleat et al. 1999,10330339,,,,CLN2
Pa-cln2.485,REL28,170,cln2.004,c.509‐1G>C,,,late infantile,3.5,curvilinear bodies,,,Canada,Jilani et al. 2019,31741823,"GDD, seizures (MS, GTCS, TS, focal), developmental regression, ASD, behavioral problems, dystonia, ataxia, chorea‐athetosis",arachnoid cyst in MRI (5 yrs),,,Funding acquisition. ,Intron 05,c.509-1G>C,,substitution,splice acceptor variant,,Acceptor loss 0.96,pathogenic,rs56144125,6617154C>G,Sleat et al. 1999,10330339, g.3556G>C,Described as p.(Phe169*) (Sleat) and p.(Val170Glyfs*29) (Sun et al.2012),,CLN2
Pa-cln2.485,REL28,170,cln2.152,p.(Gly77Arg),,,late infantile,3.5,curvilinear bodies,,,Canada,Jilani et al. 2019,31741823,"GDD, seizures (MS, GTCS, TS, focal), developmental regression, ASD, behavioral problems, dystonia, ataxia, chorea‐athetosis",arachnoid cyst in MRI (5 yrs),,,Declaration of competing interest ,Exon 04,c.229G>C,p.(Gly77Arg),substitution,Missense,probably damaging,,pathogenic/likely pathogenic,rs121908195,6618776,"Dozières‐Puyravel et al., 2019",31489614,,,,CLN2
Pa-cln2.486,REL28,171,cln2.004,c.509‐1G>C,,,infantile,1.3,,,,Canada,Jilani et al. 2019,31741823,"GDD, seizures (MS, GTCS, TS, focal), dystonia, behavioral problems, ataxia, chorea‐athetosis, dyskinesia, visual impairment",cerebellar atrophy in MRI (3 yrs),,,The authors report no conflicts of interest. ,Intron 05,c.509-1G>C,,substitution,splice acceptor variant,,Acceptor loss 0.96,pathogenic,rs56144125,6617154C>G,Sleat et al. 1999,10330339, g.3556G>C,Described as p.(Phe169*) (Sleat) and p.(Val170Glyfs*29) (Sun et al.2012),,CLN2
Pa-cln2.486,REL28,171,cln2.152,p.(Gly77Arg),,,infantile,1.3,,,,Canada,Jilani et al. 2019,31741823,"GDD, seizures (MS, GTCS, TS, focal), dystonia, behavioral problems, ataxia, chorea‐athetosis, dyskinesia, visual impairment",cerebellar atrophy in MRI (3 yrs),,,Acknowledgements ,Exon 04,c.229G>C,p.(Gly77Arg),substitution,Missense,probably damaging,,pathogenic/likely pathogenic,rs121908195,6618776,"Dozières‐Puyravel et al., 2019",31489614,,,,CLN2
Pa-cln2.487,,40,cln2.159,p.(Pro178Glnfs*),,,late infantile,3.6,,,,,Gall et al. 2021,34469436,Epilepsy panel - age of seizure onset,,,,We thank the patient and their family. ,Exon 06,c.533del,p.(Pro178Glnfs*),deletion,frameshift,,,likely pathogenic,rs1855599044,6617129,Pers comm Mallick,,also Gall et al.,,,CLN2
Pa-cln2.487,,40,cln2.159,p.(Pro178Glnfs*),,,late infantile,3.6,,,,,Gall et al. 2021,34469436,Epilepsy panel - age of seizure onset,,,,Appendix A. Supplementary data ,Exon 06,c.533del,p.(Pro178Glnfs*),deletion,frameshift,,,likely pathogenic,rs1855599044,6617129,Pers comm Mallick,,also Gall et al.,,,CLN2
Pa-cln2.489,REL29,P2,cln2.168,p.(Glu402Gly),,,Late infantile,2.5,,Iran,,,Panjeshahi et al. 2023,37074398,Onset with myoclonus,,,,,Exon 10,c.1205A>G,p.Glu402Gly,substitution,Missense,probably damaging,,likely pathogenic,rs1471156821,6615503,Panjeshahi et al. 2023,37074398,,,,CLN2
Pa-cln2.490,REL29,P3,cln2.168,p.(Glu402Gly),,,Late infantile,3,,Iran,,,Panjeshahi et al. 2023,37074398,Onset with myoclonus,,,,,Exon 10,c.1205A>G,p.Glu402Gly,substitution,Missense,probably damaging,,likely pathogenic,rs1471156821,6615503,Panjeshahi et al. 2023,37074398,,,,CLN2
Pa-cln2.491,REL30,P8,cln2.168,p.(Glu402Gly),,,Late infantile,3.5,,Iran,,,Panjeshahi et al. 2023,37074398,Onset with myoclonus,,,,,Exon 10,c.1205A>G,p.Glu402Gly,substitution,Missense,probably damaging,,likely pathogenic,rs1471156821,6615503,Panjeshahi et al. 2023,37074398,,,,CLN2
Pa-cln2.492,REL30,P9,cln2.168,p.(Glu402Gly),,,Late infantile,3,,Iran,,,Panjeshahi et al. 2023,37074398,Onset with myoclonus,,,,,Exon 10,c.1205A>G,p.Glu402Gly,substitution,Missense,probably damaging,,likely pathogenic,rs1471156821,6615503,Panjeshahi et al. 2023,37074398,,,,CLN2
Pa-cln2.493,,P13,cln2.001,p.(Arg208*),,,Late infantile,2,,Iran,,,Panjeshahi et al. 2023,37074398,Ataxia,,,,,Exon 06,c.622C>T,p.(Arg208*),substitution,Nonsense,,,pathogenic,rs119455955,6617040G>A,Sleat et al. 1999,10330339,,,,CLN2
Pa-cln2.494,,P14,cln2.169,p.(His523Arg),,,Late infantile,3.9,,Iran,,,Panjeshahi et al. 2023,37074398,Onset with myoclonus,,,,,Exon 13,c.1568A>G,p.(His523Arg),substitution,Missense,probably damaging,,,,6614670,Panjeshahi et al. 2023,37074398,,,,CLN2
Pa-cln2.495,,P27,cln2.141,c.1551+1G>T,,,Late infantile,3,,Iran,,,Panjeshahi et al. 2023,37074398,Ataxia,,,,,intron 12,c.1551+1G>T,,substitution,splice donor variant,most probably affecting splicing,Donor loss 0.99; acceptor loss 0.7,,,6614865C>A,Yu et al. 2015 Neurol. Sci.,26032578,,,,CLN2
Pa-cln2.488,,,cln2.167,p.(Pro178Glnfs*),,,infantile,1,,Iran,,,Vafaei et al. 2023,https://doi.org/10.1159/000534100,presented with gait problems,,,,Supplementary data to this article can be found online at https://doi.org/10.1016/j.ejmg.2021.104259.  ,Exon 11 - intron 11, c.1425_1425+1delinsAT,p.(?),deletion insertion,splice donor variant,most probably affecting splicing,Donor loss 1.0,,,g.6615170_6615171delinsAT,Vafaei et al. 2024,38357261,,,,CLN2
Pa-cln2.488,,,cln2.167,p.(Pro178Glnfs*),,,infantile,1,,Iran,,,Vafaei et al. 2023,https://doi.org/10.1159/000534100,presented with gait problems,,,,,Exon 11 - intron 11, c.1425_1425+1delinsAT,p.(?),deletion insertion,splice donor variant,most probably affecting splicing,Donor loss 1.0,,,g.6615170_6615171delinsAT,Vafaei et al. 2024,38357261,,,,CLN2
Pa-cln2.496,,P19,cln2.170,c.2T>C,,,,,,India,,,Gowda et al. 2020,34849271,"patients had mean age of 2 yrs 10 months, range was 0 - 7 months; all had regression, epilepsy, involuntary movements",,,,,Exon 01,c.2T>C,p.(?),substitution,start lost (SpliceAI),,,,,6619399,Gowda et al. 2020,34849271,,,,CLN2
Pa-cln2.497,,P20,cln2.047,p.(Arg339Trp),,,,,,India,,,Gowda et al. 2020,34849271,"patients had mean age of 2 yrs 10 months, range was 0 - 7 months; all had regression, epilepsy, involuntary movements",,,,,Exon 08,c.1015C>T,p.(Arg339Trp),substitution,Missense,Probably damaging,,pathogenic/likely pathogenic,rs750428882,6616375G>A,Kousi et al. 2012,21990111,,,,CLN2
Pa-cln2.498,,P21,cln2.171,p.(Asp360Glu),,,,,,India,,,Gowda et al. 2020,34849271,"patients had mean age of 2 yrs 10 months, range was 0 - 7 months; all had regression, epilepsy, involuntary movements",,,,,Exon 09,c.1080C>A,p.(Asp360Glu),substitution,Missense,probably damaging,,uncertain significance,rs1564854760,6616070,Gowda et al. 2020,34849271,,,,CLN2
Pa-cln2.499,,P23,cln2.172,p.(Leu515Arg),,,,,,India,,,Gowda et al. 2020,34849271,"patients had mean age of 2 yrs 10 months, range was 0 - 7 months; all had regression, epilepsy, involuntary movements",,,,,Exon 12,c.1544T>G,p.(Leu515Arg),substitution,Missense,probably damaging,,,,6614873,Gowda et al. 2020,34849271,,,,CLN2
Pa-cln2.500,,P1,cln2.001,p.(Arg208*),,,late infantile,2,,Russia,,,Kozina et al. 2020,32412666,cognitive and motor deterioration; speech delay;seizures; hypotonia; MRI shows brain atrophy and damage to optic nerves,,,,,Exon 06,c.622C>T,p.(Arg208*),substitution,Nonsense,,,pathogenic,rs119455955,6617040G>A,Sleat et al. 1999,10330339,,,,CLN2
Pa-cln2.501,REL31,,cln2.004,c.509-1G>C,,,atypical - protracted,,,USA,,,"Wang, pers comm",,"Assessed at 14 - significantly ataixc, dysartric and cognitively impaired. Now on cerliponase alpha. Sib",,,,,Intron 05,c.509-1G>C,,substitution,splice acceptor variant,,Acceptor loss 0.96,pathogenic,rs56144125,6617154C>G,Sleat et al. 1999,10330339, g.3556G>C,Described as p.(Phe169*) (Sleat) and p.(Val170Glyfs*29) (Sun et al.2012),,CLN2
Pa-cln2.501,REL31,,cln2.029,p.(Glu343Asp) ,,,atypical - protracted,,,USA,,,"Wang, pers comm",,"Assessed at 14 - significantly ataixc, dysartric and cognitively impaired. Now on cerliponase alpha. Sib",,,,,Exon 08,c.1029G>C,p.(Glu343Asp) ,substitution,Missense,probably damaging,,pathogenic,rs886037833,6616361C>G,Dy et al. 2015,26224725,,,,CLN2
Pa-cln2.502,REL31,,cln2.004,c.509-1G>C,,,atypical - protracted,,,USA,,,"Wang, pers comm",,Assessed at 9; subtle ataxic gait otherwise asymptomatic. Now on cerliponase alpha. Sib,,,,,Intron 05,c.509-1G>C,,substitution,splice acceptor variant,,Acceptor loss 0.96,pathogenic,rs56144125,6617154C>G,Sleat et al. 1999,10330339, g.3556G>C,Described as p.(Phe169*) (Sleat) and p.(Val170Glyfs*29) (Sun et al.2012),,CLN2
Pa-cln2.502,REL31,,cln2.029,p.(Glu343Asp) ,,,atypical - protracted,,,USA,,,"Wang, pers comm",,Assessed at 9; subtle ataxic gait otherwise asymptomatic. Now on cerliponase alpha. Sib,,,,,Exon 08,c.1029G>C,p.(Glu343Asp) ,substitution,Missense,probably damaging,,pathogenic,rs886037833,6616361C>G,Dy et al. 2015,26224725,,,,CLN2
Pa-cln2.503,REL32,,cln2.173,p.(Tyr279*),,,atypical - protracted,,,USA,,,"Wang, pers comm",,Assessed at 18. Now on cerliponase alpha. Sib,,,,,Exon 07,c.837C>G,p.(Tyr279*),substitution,Nonsense,,,,,6616710,"Wang, pers comm",,,,,CLN2
Pa-cln2.503,REL32,,cln2.175,c.508+4A>G,,,atypical - protracted,,,USA,,,"Wang, pers comm",,Assessed at 18. Now on cerliponase alpha. Sib,,,,,Intron 05,c.508+4A>G,p.(?),substitution,splice donor region variant,most probably affecting splicing,Donor loss 0.69,,,6617297,"Wang, pers comm",,,,,CLN2
Pa-cln2.504,REL32,,cln2.173,p.(Tyr279*),,,atypical - protracted,,,USA,,,"Wang, pers comm",,Assessed at 14. Now on cerliponase alpha. Sib,,,,,Exon 07,c.837C>G,p.(Tyr279*),substitution,Nonsense,,,,,6616710,"Wang, pers comm",,,,,CLN2
Pa-cln2.504,REL32,,cln2.175,c.508+4A>G,,,atypical - protracted,,,USA,,,"Wang, pers comm",,Assessed at 14. Now on cerliponase alpha. Sib,,,,,Intron 05,c.508+4A>G,p.(?),substitution,splice donor region variant,most probably affecting splicing,Donor loss 0.69,,,6617297,"Wang, pers comm",,,,,CLN2
Pa-cln2.505,,,cln2.152,p.(Gly77Arg),,,late infantile,2.75,,Ecuador,,,Alberto et al. 2023,,"Presented with NDD, followed by seizures at 3 years.",https://doi.org/10.53555/jaz.v44iS1.282,,,,Exon 04,c.229G>C,p.(Gly77Arg),substitution,Missense,probably damaging,,pathogenic/likely pathogenic,rs121908195,6618776,"Dozières‐Puyravel et al., 2019",31489614,,,,CLN2
Pa-cln2.506,,,cln2.174,p.(Glu490Lys),,,autosomal recessive spinocerebellar ataxia 7,12,,China,,,Liu et al. 2023,37900245,"Presented with upper and lower limb tremor, followed by increasing difficulty walking, slurred speech, difficulty swallowing",,,,,Exon 12,c.1468G>A,p.(Glu490Lys),substitution,Missense,Probably damaging,,,,6614949,Liu et al. 2023,7900245,,,,CLN2
Pa-cln2.506,,,cln2.057,p.(Gly473Arg),,,autosomal recessive spinocerebellar ataxia 7,12,,China,,,Liu et al. 2023,37900245,"Presented with upper and lower limb tremor, followed by increasing difficulty walking, slurred speech, difficulty swallowing",,,,,Exon 11,c.1417G>A,p.(Gly473Arg),substitution,Missense,Probably damaging,,not provided,rs121908203,6615179C>T,Lam et al. 2001,11241479,,,,CLN2
Pa-cln2.507,,No.28,cln2.005,p.(Gln161*),,,infantile,1.5,,Saudi Arabia,,,Saleh et al. 2023,,"Presented with mental decline, speech delay and behavioural dysfunction",Journal pre-proof https://www.pedneur.com/article/S0887-8994(24)00079-1/abstract,,,,Exon 05,c.481C>T ,p.(Gln161*),substitution,Nonsense,,,,,6617328G>A,"pers comm Raymond Wang, USA",,,This number was previously used for  a different mutation,,CLN2
Pa-cln2.508,,No.39,cln2.047,p.(Arg339Trp),,,late infantile,3,,Saudi Arabia,,,Saleh et al. 2023,,Presented with seizure,Journal pre-proof https://www.pedneur.com/article/S0887-8994(24)00079-1/abstract,,,,Exon 08,c.1015C>T,p.(Arg339Trp),substitution,Missense,Probably damaging,,pathogenic/likely pathogenic,rs750428882,6616375G>A,Kousi et al. 2012,21990111,,,,CLN2
Pa-cln2.509,,,cln2.006,p.(Arg447His),,,juvenile,10,,Spain,,,"Jimenez, pers comm",,"presented with stutter, choking on solids, worsening psychomotor skills; neurodevelopmental regression. No epilepsy; no visual loss.",,,,,Exon 11,c.1340G>A,p.(Arg447His),substitution,Missense,Probably damaging,,Pathogenic,rs119455956,6615256C>T,Sleat et al. 1999,10330339,,,,CLN2
Pa-cln2.509,,,cln2.176,p.(Ser538Phe),,,juvenile,10,,Spain,,,"Jimenez, pers comm",,"presented with stutter, choking on solids, worsening psychomotor skills; neurodevelopmental regression. No epilepsy; no visual loss.",,,,,exon 13,c.1613C>T,p.(Ser538Phe),substitution,Missense,probably damaging,,,,g.6614625G>A,"Jimenez, pers comm",,,,,CLN2
Pa-cln2.510,,,cln2.177,c.1425_1425+1delinsAT,,,late infantile,3,,Iran,,,Vafaei et al. 2024,38357261,"Ophthalmological investigation due to esotropia at 4 months. Visual difficulty 'was noticeable'. Gait imbalance, delayed language development from 3y.",,,,,Exon 03,c.182_184delinsC,p.(Leu61Profs*),deletion insertion,frameshift,,,Pathogenic,rs2493801988,g.6618821_6618823delinsG,Thuppanattumadam Ananthasubramanian et al. 2025,39675099,,,,CLN2
Pa-cln2.511,,,cln2.077,p.(Arg339Gln),,,late infantile,2.4,,India,Jammu & Kashmir,,Angural et al. 2021,https://www.preprints.org/manuscript/202107.0661/v1,"presented with status epilepticus, unsteady gait, motor problems",,,,,Exon 08,c.1016G>A,p.(Arg339Gln),substitution,Missense,Probably damaging,,conflicting,rs765380155,6616374C>T,Kousi et al. 2012,21990111,,,,CLN2
Pa-cln2.512,,,cln2.178,p.(Ser408del),,,,,,Malaysia,,,Effandie et al. 2022,https://adc.bmj.com/content/107/Suppl_2/A220.1,presented as SCA,,,,,exon 10,c.1222_1224del, p.(Ser408del),deletion,deletion,,,conflicting classifications of pathogenicity,rs1474804613,g.6615484_6615486del,Effandie et al. 2022,https://adc.bmj.com/content/107/Suppl_2/A220.1,,,,CLN2
Pa-cln2.512,,,cln2.179,p.(Cys227Arg),,,,,,Malaysia,,,Effandie et al. 2022,https://adc.bmj.com/content/107/Suppl_2/A220.1,presented as SCA,,,,,exon 06,c.679T>C,p.(Cys227Arg),substitution,Missense,probably damaging,,pathogenic,rs1855595805,g.6616983A>G,Effandie et al. 2022,https://adc.bmj.com/content/107/Suppl_2/A220.1,,,,CLN2
Pa-cln2.513,,LSD126,cln2.179,p.(Cys227Arg),,,late infantile,4,,India,,,Sheth et al. 2024,38730490,"Regression, Seizures",,,,,exon 06,c.679T>C,p.(Cys227Arg),substitution,Missense,probably damaging,,pathogenic,rs1855595805,g.6616983A>G,Effandie et al. 2022,https://adc.bmj.com/content/107/Suppl_2/A220.1,,,,CLN2
Pa-cln2.514,,LSD139,cln2.041,p.(Arg206Cys),,,late infantile,4,,India,,,Sheth et al. 2024,38730490,"Global developmental delay, Seizures",,,,,Exon 06,c.616C>T,p.(Arg206Cys),substitution,Missense,Probably damaging,,pathogenic,rs28940573,6617046G>A,Kousi et al. 2012,10665500,,,,CLN2
Pa-cln2.515,,LSD209,cln2.180,p.(Glu44*) ,,,late infantile,2.2,,India,,`,Sheth et al. 2024,38730490,"Regression, CNS involvement, Muscle weakness, Seizures",Entry was incorrect in Dec24 version of the table,,,,Exon 03,c.130G>T ,p.(Glu44*),substitution,Nonsense,,,pathogenic,rs2134598107,g.6618875C>A,Sheth et al. 2024,30541466,,,,CLN2
Pa-cln2.515,,LSD209,cln2.180,p.(Glu44*) ,,,late infantile,2.2,,India,,,Sheth et al. 2024,38730490,"Regression, CNS involvement, Muscle weakness, Seizures",Entry was incorrect in Dec24 version of the table,,,,Exon 03,c.130G>T ,p.(Glu44*),substitution,Nonsense,,,pathogenic,rs2134598107,g.6618875C>A,Sheth et al. 2024,30541466,,,,CLN2
Pa-cln2.516,,LSD210,cln2.077,p.(Arg339Gln),,,juvenile,6,,India,,,Sheth et al. 2024,38730490,"Regression, CNS involvement, Seizures, Abnormal MRI",Entry was incorrect in Dec24 version of the table,,,,Exon 08,c.1016G>A,p.(Arg339Gln),substitution,Missense,Probably damaging,,conflicting,rs765380155,6616374C>T,Kousi et al. 2012,21990111,,,,CLN2
Pa-cln2.516,,LSD210,cln2.181, p.(Thr342Pro) ,,,juvenile,6,,India,,,Sheth et al. 2024,38730490,"Regression, CNS involvement, Seizures, Abnormal MRI",Entry was incorrect in Dec24 version of the table,,,,Exon 08,c.1024A>C,p.(Thr342Pro),substitution,Missense,Benign,,,,g.6616366T>G,Sheth et al. 2024,30541466,,,,CLN2
Pa-cln2.517,,LSD295,cln2.091,p.(Arg206His),,,juvenile,5.7,,India,,,Sheth et al. 2024,38730490,"Global developmental delay, Regression, Seizures, Abnormal MRI",,,,,Exon 06,c.617G>A,p.(Arg206His),substitution,Missense,Probably damaging,,likely pathogenic,rs121908209,6617045C>T,Kousi et al. 2012,21990111,,,,CLN2
Pa-cln2.518,,1.1,cln2.001,p.(Arg208*),,,late infantile,2.4,,Ukraine,,,Olkhovych et al. 2024,38974612,Seizure; TPP1 activity nmol/h/mg protein = 0,,,,,Exon 06,c.622C>T,p.(Arg208*),substitution,Nonsense,,,pathogenic,rs119455955,6617040G>A,Sleat et al. 1999,10330339,,,,CLN2
Pa-cln2.518,,1.1,novel,p.(Tyr406*),,,late infantile,2.4,,Ukraine,,,Olkhovych et al. 2024,38974612,Seizure; TPP1 activity nmol/h/mg protein = 0,"Genotype was not given in publication, so not entered into mutation database",,,,,,,,,,,,,,,,,,,CLN2
Pa-cln2.519,,2.1,cln2.001,p.(Arg208*),,,late infantile,3,,Ukraine,,,Olkhovych et al. 2024,38974612,Seizure; TPP1 activity nmol/h/mg protein = 7.5,,,,,Exon 06,c.622C>T,p.(Arg208*),substitution,Nonsense,,,pathogenic,rs119455955,6617040G>A,Sleat et al. 1999,10330339,,,,CLN2
Pa-cln2.519,,2.1,cln2.027,p.(Leu560Thrfs*47),,,late infantile,3,,Ukraine,,,Olkhovych et al. 2024,38974612,Seizure; TPP1 activity nmol/h/mg protein = 7.5,,,,,Exon 13,c.1678_1679del,p.(Leu560Thrfs*47),deletion,frameshift,,,,,6614559_6614560del,Sleat et al. 1999,10330339,,,,CLN2
Pa-cln2.520,,3.1,cln2.001,p.(Arg208*),,,late infantile,3,,Ukraine,,,Olkhovych et al. 2024,38974612,Seizure; TPP1 activity nmol/h/mg protein = 17,,,,,Exon 06,c.622C>T,p.(Arg208*),substitution,Nonsense,,,pathogenic,rs119455955,6617040G>A,Sleat et al. 1999,10330339,,,,CLN2
Pa-cln2.521,,4.1,cln2.027,p.(Leu560Thrfs*47),,,late infantile,3,,Ukraine,,,Olkhovych et al. 2024,38974612,Seizure; TPP1 activity nmol/h/mg protein = 26,,,,,Exon 13,c.1678_1679del,p.(Leu560Thrfs*47),deletion,frameshift,,,,,6614559_6614560del,Sleat et al. 1999,10330339,,,,CLN2
Pa-cln2.522,,5.1,cln2.024,p.(Ser475Leu),,,late infantile,3,,Ukraine,,,Olkhovych et al. 2024,38974612,Seizure; TPP1 activity nmol/h/mg protein = 50,,,,,Exon 11,c.1424C>T,p.(Ser475Leu),substitution,Missense,Probably damaging,,not provided,rs121908202,6615172G>A,Sleat et al. 1999,10330339,,,,CLN2
Pa-cln2.523,,6.1,cln2.011,p.(Gln75=),,,late infantile,3.4,,Ukraine,,,Olkhovych et al. 2024,38974612,Seizure; TPP1 activity nmol/h/mg protein = 59.4,,,,,Exon 03,c.225A>G,p.(Gln75=),substitution,cryptic splice acceptor variant,potential activation of splicing,,,,6618780T>C,Sleat et al. 1999,10330339,g.1946A>G,"Shown by Helman et al. 2021 to result in the creation of a novel donor splice site and a 5 nt truncation of exon 3, leading to a change in reading frame which is predicted to undergo nonsense mediated decay",,CLN2
Pa-cln2.524,REL33,7.1,cln2.001,p.(Arg208*),,,late infantile,4,,Ukraine,,,Olkhovych et al. 2024,38974612,Seizure; TPP1 activity nmol/h/mg protein = 17.5,,,,,Exon 06,c.622C>T,p.(Arg208*),substitution,Nonsense,,,pathogenic,rs119455955,6617040G>A,Sleat et al. 1999,10330339,,,,CLN2
Pa-cln2.524,REL33,7.1,cln2.004,c.509-1G>C,,,late infantile,4,,Ukraine,,,Olkhovych et al. 2024,38974612,Seizure; TPP1 activity nmol/h/mg protein = 17.5,,,,,Intron 05,c.509-1G>C,,substitution,splice acceptor variant,,Acceptor loss 0.96,pathogenic,rs56144125,6617154C>G,Sleat et al. 1999,10330339, g.3556G>C,Described as p.(Phe169*) (Sleat) and p.(Val170Glyfs*29) (Sun et al.2012),,CLN2
Pa-cln2.525,REL33,7.2,cln2.001,p.(Arg208*),,,late infantile,2,,Ukraine,,,Olkhovych et al. 2024,38974612,Seizure; TPP1 activity nmol/h/mg protein = 34,,,,,Exon 06,c.622C>T,p.(Arg208*),substitution,Nonsense,,,pathogenic,rs119455955,6617040G>A,Sleat et al. 1999,10330339,,,,CLN2
Pa-cln2.525,REL33,7.2,cln2.004,c.509-1G>C,,,late infantile,2,,Ukraine,,,Olkhovych et al. 2024,38974612,Seizure; TPP1 activity nmol/h/mg protein = 34,,,,,Intron 05,c.509-1G>C,,substitution,splice acceptor variant,,Acceptor loss 0.96,pathogenic,rs56144125,6617154C>G,Sleat et al. 1999,10330339, g.3556G>C,Described as p.(Phe169*) (Sleat) and p.(Val170Glyfs*29) (Sun et al.2012),,CLN2
Pa-cln2.526,,8.1,cln2.001,p.(Arg208*),,,infantile,1,,Ukraine,,,Olkhovych et al. 2024,38974612,Seizure; TPP1 activity nmol/h/mg protein = 31,,,,,Exon 06,c.622C>T,p.(Arg208*),substitution,Nonsense,,,pathogenic,rs119455955,6617040G>A,Sleat et al. 1999,10330339,,,,CLN2
Pa-cln2.527,,9.1,cln2.001,p.(Arg208*),,,late infantile,3.4,,Ukraine,,,Olkhovych et al. 2024,38974612,Unsteady gait; TPP1 activity nmol/h/mg protein = 52,,,,,Exon 06,c.622C>T,p.(Arg208*),substitution,Nonsense,,,pathogenic,rs119455955,6617040G>A,Sleat et al. 1999,10330339,,,,CLN2
Pa-cln2.528,,10.1,cln2.001,p.(Arg208*),,,juvenile,7,,Ukraine,,,Olkhovych et al. 2024,38974612,Seizure; TPP1 activity nmol/h/mg protein = 16,,,,,Exon 06,c.622C>T,p.(Arg208*),substitution,Nonsense,,,pathogenic,rs119455955,6617040G>A,Sleat et al. 1999,10330339,,,,CLN2
Pa-cln2.528,,10.1,cln2.011,p.(Gln75=),,,juvenile,7,,Ukraine,,,Olkhovych et al. 2024,38974612,Seizure; TPP1 activity nmol/h/mg protein = 16,,,,,Exon 03,c.225A>G,p.(Gln75=),substitution,cryptic splice acceptor variant,potential activation of splicing,,,,6618780T>C,Sleat et al. 1999,10330339,g.1946A>G,"Shown by Helman et al. 2021 to result in the creation of a novel donor splice site and a 5 nt truncation of exon 3, leading to a change in reading frame which is predicted to undergo nonsense mediated decay",,CLN2
Pa-cln2.529,,11.1,cln2.001,p.(Arg208*),,,late infantile,3,,Ukraine,,,Olkhovych et al. 2024,38974612,Seizure; TPP1 activity nmol/h/mg protein = 6,,,,,Exon 06,c.622C>T,p.(Arg208*),substitution,Nonsense,,,pathogenic,rs119455955,6617040G>A,Sleat et al. 1999,10330339,,,,CLN2
Pa-cln2.529,,11.1,cln2.184,c.1436_1437del,p.(Pro479ArgfsTer11),,late infantile,3,,Ukraine,,,Olkhovych et al. 2024,38974612,Seizure; TPP1 activity nmol/h/mg protein = 6,,,,,Exon 12,c.1436_1437del,p.(Pro479Argfs*11),deletion,frameshift,,,,,g.6614980_6614981del,Olkhovych et al. 2024,38974612,,,,CLN2
Pa-cln2.530,,12.1,cln2.001,p.(Arg208*),,,late infantile,4,,Ukraine,,,Olkhovych et al. 2024,38974612,Seizure; TPP1 activity nmol/h/mg protein = 0,,,,,Exon 06,c.622C>T,p.(Arg208*),substitution,Nonsense,,,pathogenic,rs119455955,6617040G>A,Sleat et al. 1999,10330339,,,,CLN2
Pa-cln2.530,,12.1,cln2.014,p.(Arg127*),,,late infantile,4,,Ukraine,,,Olkhovych et al. 2024,38974612,Seizure; TPP1 activity nmol/h/mg protein = 0,,,,,Exon 04,c.379C>T,p.(Arg127*),substitution,Nonsense,,,pathogenic,rs756564767,6617627G>A,Sleat et al. 1999,10330339,,,,CLN2
Pa-cln2.531,,13.1,cln2.001,p.(Arg208*),,,juvenile,6,,Ukraine,,,Olkhovych et al. 2024,38974612,Speech delay; TPP1 activity nmol/h/mg protein = 0,,,,,Exon 06,c.622C>T,p.(Arg208*),substitution,Nonsense,,,pathogenic,rs119455955,6617040G>A,Sleat et al. 1999,10330339,,,,CLN2
Pa-cln2.531,,13.1,cln2.092,p.(Met281Ile),,,juvenile,6,,Ukraine,,,Olkhovych et al. 2024,38974612,Speech delay; TPP1 activity nmol/h/mg protein = 0,,,,,Exon 07,c.843G>T,p.(Met281Ile),substitution,Missense,Possibly damaging,,,,6616704C>A,Kousi et al. 2012,21990111,,,,CLN2
Pa-cln2.532,,14.1,cln2.001,p.(Arg208*),,,juvenile,7,,Ukraine,,,Olkhovych et al. 2024,38974612,Speech delay; TPP1 activity nmol/h/mg protein = 27,,,,,Exon 06,c.622C>T,p.(Arg208*),substitution,Nonsense,,,pathogenic,rs119455955,6617040G>A,Sleat et al. 1999,10330339,,,,CLN2
Pa-cln2.532,,14.1,cln2.027,p.(Leu560Thrfs*47),,,juvenile,7,,Ukraine,,,Olkhovych et al. 2024,38974612,Speech delay; TPP1 activity nmol/h/mg protein = 27,,,,,Exon 13,c.1678_1679del,p.(Leu560Thrfs*47),deletion,frameshift,,,,,6614559_6614560del,Sleat et al. 1999,10330339,,,,CLN2
Pa-cln2.533,,15.1,cln2.001,p.(Arg208*),,,late infantile,2.4,,Ukraine,,,Olkhovych et al. 2024,38974612,Seizure; TPP1 activity nmol/h/mg protein = 22,,,,,Exon 06,c.622C>T,p.(Arg208*),substitution,Nonsense,,,pathogenic,rs119455955,6617040G>A,Sleat et al. 1999,10330339,,,,CLN2
Pa-cln2.534,REL34,16.1,cln2.001,p.(Arg208*),,,late infantile,3,,Ukraine,,,Olkhovych et al. 2024,38974612,Seizure; TPP1 activity nmol/h/mg protein = 6.5,,,,,Exon 06,c.622C>T,p.(Arg208*),substitution,Nonsense,,,pathogenic,rs119455955,6617040G>A,Sleat et al. 1999,10330339,,,,CLN2
Pa-cln2.535,REL34,16.2,cln2.001,p.(Arg208*),,,late infantile,2,,Ukraine,,,Olkhovych et al. 2024,38974612,Seizure; TPP1 activity nmol/h/mg protein = 88,,,,,Exon 06,c.622C>T,p.(Arg208*),substitution,Nonsense,,,pathogenic,rs119455955,6617040G>A,Sleat et al. 1999,10330339,,,,CLN2
Pa-cln2.535,REL34,16.2,cln2.011,p.(Gln75=),,,late infantile,2,,Ukraine,,,Olkhovych et al. 2024,38974612,Seizure; TPP1 activity nmol/h/mg protein = 88,,,,,Exon 03,c.225A>G,p.(Gln75=),substitution,cryptic splice acceptor variant,potential activation of splicing,,,,6618780T>C,Sleat et al. 1999,10330339,g.1946A>G,"Shown by Helman et al. 2021 to result in the creation of a novel donor splice site and a 5 nt truncation of exon 3, leading to a change in reading frame which is predicted to undergo nonsense mediated decay",,CLN2
Pa-cln2.536,,17.1,cln2.001,p.(Arg208*),,,late infantile,3.4,,Ukraine,,,Olkhovych et al. 2024,38974612,Seizure; TPP1 activity nmol/h/mg protein = 0,,,,,Exon 06,c.622C>T,p.(Arg208*),substitution,Nonsense,,,pathogenic,rs119455955,6617040G>A,Sleat et al. 1999,10330339,,,,CLN2
Pa-cln2.537,REL34,18.1,cln2.001,p.(Arg208*),,,juvenile,8,,Ukraine,,,Olkhovych et al. 2024,38974612,Seizure; TPP1 activity nmol/h/mg protein = 62,,,,,Exon 06,c.622C>T,p.(Arg208*),substitution,Nonsense,,,pathogenic,rs119455955,6617040G>A,Sleat et al. 1999,10330339,,,,CLN2
Pa-cln2.537,REL35,18.1,cln2.001,p.(Arg208*),,,juvenile,8,,Ukraine,,,Olkhovych et al. 2024,38974612,Seizure; TPP1 activity nmol/h/mg protein = 62,,,,,Exon 06,c.622C>T,p.(Arg208*),substitution,Nonsense,,,pathogenic,rs119455955,6617040G>A,Sleat et al. 1999,10330339,,,,CLN2
Pa-cln2.538,REL35,18.2,cln2.001,p.(Arg208*),,,juvenile,7,,Ukraine,,,Olkhovych et al. 2024,38974612,Unsteady gait; TPP1 activity nmol/h/mg protein = 38,,,,,Exon 06,c.622C>T,p.(Arg208*),substitution,Nonsense,,,pathogenic,rs119455955,6617040G>A,Sleat et al. 1999,10330339,,,,CLN2
Pa-cln2.539,,19.1,cln2.027,p.(Leu560Thrfs*47),,,late infantile,3.4,,Ukraine,,,Olkhovych et al. 2024,38974612,Seizure; TPP1 activity nmol/h/mg protein = 13,,,,,Exon 13,c.1678_1679del,p.(Leu560Thrfs*47),deletion,frameshift,,,,,6614559_6614560del,Sleat et al. 1999,10330339,,,,CLN2
Pa-cln2.539,,19.1,cln2.004,c.509-1G>C,,,late infantile,3.4,,Ukraine,,,Olkhovych et al. 2024,38974612,Seizure; TPP1 activity nmol/h/mg protein = 13,,,,,Intron 05,c.509-1G>C,,substitution,splice acceptor variant,,Acceptor loss 0.96,pathogenic,rs56144125,6617154C>G,Sleat et al. 1999,10330339, g.3556G>C,Described as p.(Phe169*) (Sleat) and p.(Val170Glyfs*29) (Sun et al.2012),,CLN2
Pa-cln2.540,,20.1,cln2.001,p.(Arg208*),,,late infantile,4,,Ukraine,,,Olkhovych et al. 2024,38974612,Seizure; TPP1 activity nmol/h/mg protein = 38,,,,,Exon 06,c.622C>T,p.(Arg208*),substitution,Nonsense,,,pathogenic,rs119455955,6617040G>A,Sleat et al. 1999,10330339,,,,CLN2
Pa-cln2.540,,20.1,cln2.011,p.(Gln75=),,,late infantile,4,,Ukraine,,,Olkhovych et al. 2024,38974612,Seizure; TPP1 activity nmol/h/mg protein = 38,,,,,Exon 03,c.225A>G,p.(Gln75=),substitution,cryptic splice acceptor variant,potential activation of splicing,,,,6618780T>C,Sleat et al. 1999,10330339,g.1946A>G,"Shown by Helman et al. 2021 to result in the creation of a novel donor splice site and a 5 nt truncation of exon 3, leading to a change in reading frame which is predicted to undergo nonsense mediated decay",,CLN2
Pa-cln2.541,,21.1,cln2.001,p.(Arg208*),,,late infantile,3,,Ukraine,,,Olkhovych et al. 2024,38974612,Seizure; TPP1 activity nmol/h/mg protein = 86,,,,,Exon 06,c.622C>T,p.(Arg208*),substitution,Nonsense,,,pathogenic,rs119455955,6617040G>A,Sleat et al. 1999,10330339,,,,CLN2
Pa-cln2.542,,22.1,cln2.001,p.(Arg208*),,,late infantile,3,,Ukraine,,,Olkhovych et al. 2024,38974612,Seizure; TPP1 activity nmol/h/mg protein = 0,,,,,Exon 06,c.622C>T,p.(Arg208*),substitution,Nonsense,,,pathogenic,rs119455955,6617040G>A,Sleat et al. 1999,10330339,,,,CLN2
Pa-cln2.543,,23.1,cln2.001,p.(Arg208*),,,late infantile,3.4,,Ukraine,,,Olkhovych et al. 2024,38974612,Seizure; TPP1 activity nmol/h/mg protein = 39,,,,,Exon 06,c.622C>T,p.(Arg208*),substitution,Nonsense,,,pathogenic,rs119455955,6617040G>A,Sleat et al. 1999,10330339,,,,CLN2
Pa-cln2.543,,23.1,cln2.027,p.(Leu560Thrfs*47),,,late infantile,3.4,,Ukraine,,,Olkhovych et al. 2024,38974612,Seizure; TPP1 activity nmol/h/mg protein = 39,,,,,Exon 13,c.1678_1679del,p.(Leu560Thrfs*47),deletion,frameshift,,,,,6614559_6614560del,Sleat et al. 1999,10330339,,,,CLN2
Pa-cln2.544,,24.1,cln2.001,p.(Arg208*),,,late infantile,4,,Ukraine,,,Olkhovych et al. 2024,38974612,Seizure; TPP1 activity nmol/h/mg protein = 0,,,,,Exon 06,c.622C>T,p.(Arg208*),substitution,Nonsense,,,pathogenic,rs119455955,6617040G>A,Sleat et al. 1999,10330339,,,,CLN2
Pa-cln2.544,,24.1,cln2.004,c.509-1G>C,,,late infantile,4,,Ukraine,,,Olkhovych et al. 2024,38974612,Seizure; TPP1 activity nmol/h/mg protein = 0,,,,,Intron 05,c.509-1G>C,,substitution,splice acceptor variant,,Acceptor loss 0.96,pathogenic,rs56144125,6617154C>G,Sleat et al. 1999,10330339, g.3556G>C,Described as p.(Phe169*) (Sleat) and p.(Val170Glyfs*29) (Sun et al.2012),,CLN2
Pa-cln2.545,REL36,25.1,cln2.001,p.(Arg208*),,,late infantile,3.4,,Ukraine,,,Olkhovych et al. 2024,38974612,Seizure; TPP1 activity nmol/h/mg protein = 8.7,,,,,Exon 06,c.622C>T,p.(Arg208*),substitution,Nonsense,,,pathogenic,rs119455955,6617040G>A,Sleat et al. 1999,10330339,,,,CLN2
Pa-cln2.545,REL36,25.1,cln2.068,p.(Gln278Pro),,,late infantile,3.4,,Ukraine,,,Olkhovych et al. 2024,38974612,Seizure; TPP1 activity nmol/h/mg protein = 8.7,,,,,Exon 07,c.833A>C,p.(Gln278Pro),substitution,Missense,Probably damaging,,,,"6616714T>G
",Ju et al. 2002,12414822,,,,CLN2
Pa-cln2.546,REL36,25.2,cln2.001,p.(Arg208*),,,late infantile,4,,Ukraine,,,Olkhovych et al. 2024,38974612,Seizure; TPP1 activity nmol/h/mg protein = 12,,,,,Exon 06,c.622C>T,p.(Arg208*),substitution,Nonsense,,,pathogenic,rs119455955,6617040G>A,Sleat et al. 1999,10330339,,,,CLN2
Pa-cln2.546,REL36,25.2,cln2.004,c.509-1G>C,,,late infantile,4,,Ukraine,,,Olkhovych et al. 2024,38974612,Seizure; TPP1 activity nmol/h/mg protein = 12,,,,,Intron 05,c.509-1G>C,,substitution,splice acceptor variant,,Acceptor loss 0.96,pathogenic,rs56144125,6617154C>G,Sleat et al. 1999,10330339, g.3556G>C,Described as p.(Phe169*) (Sleat) and p.(Val170Glyfs*29) (Sun et al.2012),,CLN2
Pa-cln2.547,,26.1,cln2.001,p.(Arg208*),,,late infantile,3,,Ukraine,,,Olkhovych et al. 2024,38974612,Seizure; TPP1 activity nmol/h/mg protein = 40,,,,,Exon 06,c.622C>T,p.(Arg208*),substitution,Nonsense,,,pathogenic,rs119455955,6617040G>A,Sleat et al. 1999,10330339,,,,CLN2
Pa-cln2.548,,27.1,cln2.001,p.(Arg208*),,,late infantile,2,,Ukraine,,,Olkhovych et al. 2024,38974612,Seizure; TPP1 activity nmol/h/mg protein = 0,,,,,Exon 06,c.622C>T,p.(Arg208*),substitution,Nonsense,,,pathogenic,rs119455955,6617040G>A,Sleat et al. 1999,10330339,,,,CLN2
Pa-cln2.549,REL37,28.1,cln2.001,p.(Arg208*),,,late infantile,4,,Ukraine,,,Olkhovych et al. 2024,38974612,Seizure; TPP1 activity nmol/h/mg protein = 0,,,,,Exon 06,c.622C>T,p.(Arg208*),substitution,Nonsense,,,pathogenic,rs119455955,6617040G>A,Sleat et al. 1999,10330339,,,,CLN2
Pa-cln2.550,REL37,28.2,cln2.001,p.(Arg208*),,,late infantile,3,,Ukraine,,,Olkhovych et al. 2024,38974612,Seizure; TPP1 activity nmol/h/mg protein = 0,,,,,Exon 06,c.622C>T,p.(Arg208*),substitution,Nonsense,,,pathogenic,rs119455955,6617040G>A,Sleat et al. 1999,10330339,,,,CLN2
Pa-cln2.551,,29.1,cln2.024,p.(Ser475Leu),,,late infantile,2,,Ukraine,,,Olkhovych et al. 2024,38974612,Seizure; TPP1 activity nmol/h/mg protein = 48,,,,,Exon 11,c.1424C>T,p.(Ser475Leu),substitution,Missense,Probably damaging,,not provided,rs121908202,6615172G>A,Sleat et al. 1999,10330339,,,,CLN2
Pa-cln2.552,,30.1,cln2.001,p.(Arg208*),,,late infantile,3.4,,Ukraine,,,Olkhovych et al. 2024,38974612,Seizure; TPP1 activity nmol/h/mg protein = 30.7,,,,,Exon 06,c.622C>T,p.(Arg208*),substitution,Nonsense,,,pathogenic,rs119455955,6617040G>A,Sleat et al. 1999,10330339,,,,CLN2
Pa-cln2.553,,31.1,cln2.001,p.(Arg208*),,,late infantile,3,,Ukraine,,,Olkhovych et al. 2024,38974612,Seizure; TPP1 activity nmol/h/mg protein = 17,,,,,Exon 06,c.622C>T,p.(Arg208*),substitution,Nonsense,,,pathogenic,rs119455955,6617040G>A,Sleat et al. 1999,10330339,,,,CLN2
Pa-cln2.554,,32.1,cln2.001,p.(Arg208*),,,late infantile,3.75,,Ukraine,,,Olkhovych et al. 2024,38974612,Seizure; TPP1 activity nmol/h/mg protein = 0,,,,,Exon 06,c.622C>T,p.(Arg208*),substitution,Nonsense,,,pathogenic,rs119455955,6617040G>A,Sleat et al. 1999,10330339,,,,CLN2
Pa-cln2.555,,33.1,cln2.001,p.(Arg208*),,,late infantile,2.4,,Ukraine,,,Olkhovych et al. 2024,38974612,Seizure; TPP1 activity nmol/h/mg protein = 0,,,,,Exon 06,c.622C>T,p.(Arg208*),substitution,Nonsense,,,pathogenic,rs119455955,6617040G>A,Sleat et al. 1999,10330339,,,,CLN2
Pa-cln2.555,,33.1,cln2.027,p.(Leu560Thrfs*47),,,late infantile,2.4,,Ukraine,,,Olkhovych et al. 2024,38974612,Seizure; TPP1 activity nmol/h/mg protein = 0,,,,,Exon 13,c.1678_1679del,p.(Leu560Thrfs*47),deletion,frameshift,,,,,6614559_6614560del,Sleat et al. 1999,10330339,,,,CLN2
Pa-cln2.556,,34.1,cln2.001,p.(Arg208*),,,late infantile,3.9,,Ukraine,,,Olkhovych et al. 2024,38974612,Unsteady gait; TPP1 activity nmol/h/mg protein = 34,,,,,Exon 06,c.622C>T,p.(Arg208*),substitution,Nonsense,,,pathogenic,rs119455955,6617040G>A,Sleat et al. 1999,10330339,,,,CLN2
Pa-cln2.557,,35.1,cln2.001,p.(Arg208*),,,late infantile,2.4,,Ukraine,,,Olkhovych et al. 2024,38974612,Seizure; TPP1 activity nmol/h/mg protein = 37,,,,,Exon 06,c.622C>T,p.(Arg208*),substitution,Nonsense,,,pathogenic,rs119455955,6617040G>A,Sleat et al. 1999,10330339,,,,CLN2
Pa-cln2.557,,35.1,novel,p.(Tyr406*),,,late infantile,2.4,,Ukraine,,,Olkhovych et al. 2024,38974612,Seizure; TPP1 activity nmol/h/mg protein = 37,"Genotype was not given in publication, so not entered into mutation database",,,,,,,,,,,,,,,,,,,CLN2
Pa-cln2.558,,36.1,cln2.001,p.(Arg208*),,,late infantile,2.7,,Ukraine,,,Olkhovych et al. 2024,38974612,Seizure; TPP1 activity nmol/h/mg protein = 0,,,,,Exon 06,c.622C>T,p.(Arg208*),substitution,Nonsense,,,pathogenic,rs119455955,6617040G>A,Sleat et al. 1999,10330339,,,,CLN2
Pa-cln2.559,,37.1,cln2.001,p.(Arg208*),,,juvenile,6,,Ukraine,,,Olkhovych et al. 2024,38974612,Unsteady gait; TPP1 activity nmol/h/mg protein = 59,,,,,Exon 06,c.622C>T,p.(Arg208*),substitution,Nonsense,,,pathogenic,rs119455955,6617040G>A,Sleat et al. 1999,10330339,,,,CLN2
Pa-cln2.559,,37.1,novel,p.(Tyr449Asn),,,juvenile,6,,Ukraine,,,Olkhovych et al. 2024,38974612,Unsteady gait; TPP1 activity nmol/h/mg protein = 59,"Genotype was not given in publication, so not entered into mutation database",,,,,,,,,,,,,,,,,,,CLN2
Pa-cln2.560,,38.1,cln2.001,p.(Arg208*),,,late infantile,3,,Ukraine,,,Olkhovych et al. 2024,38974612,Seizure; TPP1 activity nmol/h/mg protein = 0,,,,,Exon 06,c.622C>T,p.(Arg208*),substitution,Nonsense,,,pathogenic,rs119455955,6617040G>A,Sleat et al. 1999,10330339,,,,CLN2
Pa-cln2.561,,39.1,cln2.001,p.(Arg208*),,,late infantile,2.4,,Ukraine,,,Olkhovych et al. 2024,38974612,Unsteady gait; TPP1 activity nmol/h/mg protein = 0,,,,,Exon 06,c.622C>T,p.(Arg208*),substitution,Nonsense,,,pathogenic,rs119455955,6617040G>A,Sleat et al. 1999,10330339,,,,CLN2
Pa-cln2.562,,40.1,cln2.001,p.(Arg208*),,,late infantile,3,,Ukraine,,,Olkhovych et al. 2024,38974612,Seizure; TPP1 activity nmol/h/mg protein = 45,,,,,Exon 06,c.622C>T,p.(Arg208*),substitution,Nonsense,,,pathogenic,rs119455955,6617040G>A,Sleat et al. 1999,10330339,,,,CLN2
Pa-cln2.563,,41.1,cln2.001,p.(Arg208*),,,late infantile,2,,Ukraine,,,Olkhovych et al. 2024,38974612,Seizure; TPP1 activity nmol/h/mg protein = 33,,,,,Exon 06,c.622C>T,p.(Arg208*),substitution,Nonsense,,,pathogenic,rs119455955,6617040G>A,Sleat et al. 1999,10330339,,,,CLN2
Pa-cln2.564,,42.1,cln2.001,p.(Arg208*),,,late infantile,3,,Ukraine,,,Olkhovych et al. 2024,38974612,Seizure; TPP1 activity nmol/h/mg protein = 8.2,,,,,Exon 06,c.622C>T,p.(Arg208*),substitution,Nonsense,,,pathogenic,rs119455955,6617040G>A,Sleat et al. 1999,10330339,,,,CLN2
Pa-cln2.564,,42.1,cln2.027,p.(Leu560Thrfs*47),,,late infantile,3,,Ukraine,,,Olkhovych et al. 2024,38974612,Seizure; TPP1 activity nmol/h/mg protein = 8.2,,,,,Exon 13,c.1678_1679del,p.(Leu560Thrfs*47),deletion,frameshift,,,,,6614559_6614560del,Sleat et al. 1999,10330339,,,,CLN2
Pa-cln2.565,,43.1,cln2.001,p.(Arg208*),,,juvenile,7,,Ukraine,,,Olkhovych et al. 2024,38974612,Unsteady gait; TPP1 activity nmol/h/mg protein = 174,,,,,Exon 06,c.622C>T,p.(Arg208*),substitution,Nonsense,,,pathogenic,rs119455955,6617040G>A,Sleat et al. 1999,10330339,,,,CLN2
Pa-cln2.565,,43.1,novel,p.(Tyr449Asn),,,juvenile,7,,Ukraine,,,Olkhovych et al. 2024,38974612,Unsteady gait; TPP1 activity nmol/h/mg protein = 174,"Genotype was not given in publication, so not entered into mutation database",,,,,,,,,,,,,,,,,,,CLN2
Pa-cln2.566,,P2 family 2,cln2.001,p.(Arg208*),,Juvenile,juvenile,7,,Brazil,,,Viana-Santos et al. 2024,38857616,Symptoms are tabulated in paper,,,,,Exon 06,c.622C>T,p.(Arg208*),substitution,Nonsense,,,pathogenic,rs119455955,6617040G>A,Sleat et al. 1999,10330339,,,,CLN2
Pa-cln2.566,,P2 family 2,cln2.079,c.887–10A>G,,Juvenile,juvenile,7,,Brazil,,,Viana-Santos et al. 2024,38857616,Symptoms are tabulated in paper,,,,,Intron 07,c.887-10A>G,varies,substitution,splice polypyrimidine tract variant,,Acceptor loss 0.52; acceptor gain 0.51,conflicting,rs755445790,6616513T>C,Noher de Halac et al. 2005. In: Neuronal Ceroid Lipofuscinoses (Batten Disease) in Latin America - an update. ,,,,,CLN2
Pa-cln2.567,,P3 family 3,cln2.182,(p.Leu354Pro),,,late infantile,4,,Brazil,,,Viana-Santos et al. 2024,38857616,Symptoms are tabulated in paper,,,,,Exon 08,c.1061T>C,p.(Leu354Pro),substitution,Missense,probably damaging,,,,g.6616329A>G,"Viana-Santos et al., 2024",38857616,,,,CLN2
Pa-cln2.567,,P3 family 3,cln2.183,(p.Glu302Lys),,,late infantile,4,,Brazil,,,Viana-Santos et al. 2024,38857616,Symptoms are tabulated in paper,,,,,Exon 08,c.904G>A,p.(Glu302Lys),substitution,Missense,probably damaging,,,,g.6616486C>T,"Viana-Santos et al., 2024",38857616,,,,CLN2
Pa-cln2.568,,,cln2.144,p.(Gly409Val),,,late infantile,2.75,CL; autofluroescent fine granular deposits and coarse round bodies,Mexico,,,Corcuera-Delgado et al. 2024,39716776,"epilepsy, behavioral alterations, cognitive regression, motor impairment, and visual loss. On PM, cherry red spot found in fundus exam",,,,,Exon 03,c.163C>T,p.(Gln55*),substitution,Nonsense,,,,,6618842,Corina-Marcela Rus report to LOVD,,,,,CLN2
Pa-cln2.569,,P71,cln2.001,p.(Arg208Ter),,,juvenile,5,,India,,,Majethia et al. 2024,38374498,paediatric onset epilepsy screening,,,,,Exon 06,c.622C>T,p.(Arg208*),substitution,Nonsense,,,pathogenic,rs119455955,6617040G>A,Sleat et al. 1999,10330339,,,,CLN2
Pa-cln2.570,,P-12,cln2.185,c.1266_1266+1delinsTACAAACAAACA,,,late infantile,1.5,Curvilinear profiles,India,,,Thuppanattumadam Ananthasubramanian et al. 2025,39675099,Onset with developmental delay,"From a retrospective study of medical records, so some patients may already have been reported ",,,,Exon 10 - Intron 10,c.1266_1266+1delinsTACAAACAAACA,p.(?),deletion insertion,splice donor variant,,Donor loss 1.00; Donor gain 0.88,,,g.6615441delinsTGTTTGTTTGTA,Thuppanattumadam Ananthasubramanian et al. 2025,39675099,,,,CLN2
Pa-cln2.571,,P-14,cln2.165,p.(Phe230Serfs*),,,late infantile,3,,India,,,Thuppanattumadam Ananthasubramanian et al. 2025,39675099,Onset with seizures,"From a retrospective study of medical records, so some patients may already have been reported. This patient may be a duplicate of Pa-cln2.481 (Sheth et al. 2018), from genotype and country of origin.",,,,Exon 07,c.689del,p.(Phe230Serfs*28),deletion,frameshift,,,likely pathogenic,rs1554901898,6616857,Sheth et al. 2018,30541466,,,,CLN2
Pa-cln2.571,,P-14,cln2.166,p.(Ile484Aspfs*),,,late infantile,3,,India,,,Thuppanattumadam Ananthasubramanian et al. 2025,39675099,Onset with seizures,"From a retrospective study of medical records, so some patients may already have been reported. This patient may be a duplicate of Pa-cln2.481 (Sheth et al. 2018), from genotype and country of origin.",,,,Exon 12,c.1449dup,p.(Ile484Aspfs*7),duplication,frameshift,,,Pathogenic/likely pathogenic,rs1057516264,6614967,Sheth et al. 2018,30541466,,,,CLN2
Pa-cln2.572,,P- 29,cln2.057,p.(Gly473Arg),,,late infantile,3,Curvilinear profiles,India,,,Thuppanattumadam Ananthasubramanian et al. 2025,39675099,Onset with seizures,"From a retrospective study of medical records, so some patients may already have been reported ",,,,Exon 11,c.1417G>A,p.(Gly473Arg),substitution,Missense,Probably damaging,,not provided,rs121908203,6615179C>T,Lam et al. 2001,11241479,,,,CLN2
Pa-cln2.573,,P-32,cln2.077,p.(Arg339Gln),,,late infantile,3,,India,,,Thuppanattumadam Ananthasubramanian et al. 2025,39675099,Onset with regression,"From a retrospective study of medical records, so some patients may already have been reported ",,,,Exon 08,c.1016G>A,p.(Arg339Gln),substitution,Missense,Probably damaging,,conflicting,rs765380155,6616374C>T,Kousi et al. 2012,21990111,,,,CLN2
Pa-cln2.574,,P-35,cln2.186,p.(Val167Gly),,,late infantile,2.5,,India,,,Thuppanattumadam Ananthasubramanian et al. 2025,39675099,Onset with seizures,"From a retrospective study of medical records, so some patients may already have been reported ",,,,Exon 05,c.500T>G,p.(Val167Gly),substitution,Missense,probably damaging,,,,g.6638540A>C,Thuppanattumadam Ananthasubramanian et al. 2025,39675099,,,,CLN2
Pa-cln2.575,,P-39,cln2.187,p.(Ile484Asnfs*),,,late infantile,3,Curvilinear profiles,India,,,Thuppanattumadam Ananthasubramanian et al. 2025,39675099,Onset with seizures,"From a retrospective study of medical records, so some patients may already have been reported ",,,,Exon 12,c.1450dup,p.(Ile484Asnfs*),duplication,frameshift,,,Pathogenic,rs2493795977,g.6614967dup,Thuppanattumadam Ananthasubramanian et al. 2025,39675099,,,,CLN2
Pa-cln2.576,,P-40,cln2.188,p.(Ala349Pro),,,juvenile,8,,India,,,Thuppanattumadam Ananthasubramanian et al. 2025,39675099,Onset with seizures,"From a retrospective study of medical records, so some patients may already have been reported ",,,,Exon 08,c.1045G>C,p.(Ala349Pro),substitution,Missense,benign,,Uncertain significance,rs1085307673,g.6637576C>G,Thuppanattumadam Ananthasubramanian et al. 2025,39675099,,,,CLN2
Pa-cln2.577,,P-43,cln2.177,p.(Leu61Profs*),,,late infantile,3,,India,,,Thuppanattumadam Ananthasubramanian et al. 2025,39675099,Onset with seizures,"From a retrospective study of medical records, so some patients may already have been reported ",,,,Exon 03,c.182_184delinsC,p.(Leu61Profs*),deletion insertion,frameshift,,,Pathogenic,rs2493801988,g.6618821_6618823delinsG,Thuppanattumadam Ananthasubramanian et al. 2025,39675099,,,,CLN2
Pa-cln2.578,,P-46,cln2.077,p.(Arg339Gln),,,late infantile,2.5,,India,,,Thuppanattumadam Ananthasubramanian et al. 2025,39675099,Onset with seizures,"From a retrospective study of medical records, so some patients may already have been reported ",,,,Exon 08,c.1016G>A,p.(Arg339Gln),substitution,Missense,Probably damaging,,conflicting,rs765380155,6616374C>T,Kousi et al. 2012,21990111,,,,CLN2
Pa-cln2.579,,P-48,cln2.014,p.(Arg127*),,,late infantile,2.5,,India,,,Thuppanattumadam Ananthasubramanian et al. 2025,39675099,Onset with developmental delay,"From a retrospective study of medical records, so some patients may already have been reported ",,,,Exon 04,c.379C>T,p.(Arg127*),substitution,Nonsense,,,pathogenic,rs756564767,6617627G>A,Sleat et al. 1999,10330339,,,,CLN2
Pa-cln2.580,,P-51,cln2.189,p.(Trp542Cys),,,late infantile,4,,India,,,Thuppanattumadam Ananthasubramanian et al. 2025,39675099,Onset with seizures,"From a retrospective study of medical records, so some patients may already have been reported ",,,,Exon 13,c.1626G>C,p.(Trp542Cys),substitution,Missense,probably damaging,,,,g.6614612C>G,Thuppanattumadam Ananthasubramanian et al. 2025,39675099,,,,CLN2
Pa-cln2.581,,Patient 6,cln2.190,p.(Ile205Asn),,,late infantile,2.66,,Croatia / Bosnia Herzegovina,,,Radić Niševićet al. 2024,39201975,0 nmol/spot*45h TPP1 activity,"On ERT. Onset with seizures, ataxia, motor regression","From series of 6 paitents, 5 from Croatia, 1 from Boznia. Other five patients all had cln2.001 or cln2.004 mutations and LINCL",,,Exon 06,c.614T>A,p.(Ile205Asn),substitution,Missense,probably damaging,,,,g.6617048A>T,Radić Niševićet al. 2024,39201975,,,,CLN2
,,,,,,,,,,,,,,,,,,,,,,,,,,,,,,,,,,,CLN2
Notes,,,,,,,,,,,,,,,,,,,,,,,,,,,,,,,,,,,CLN2
"Congenital - around birth, infantile (6-18 mo), late infantile (2-4 yr), juvenile (5-10 yr), late juvenile (11-17 yr), Adult (18+), SCAR7 = autosomal recessive spinocerebellar ataxia, 7",,,,,,,,,,,,,,,,,,,,,,,,,,,,,,,,,,,CLN2
"GROD - Granular Osmiophilic Deposits, CL - Curvilinear, RL- Rectilinear, FP - Fingerprint, condensed",,,,,,,,,,,,,,,,,,,,,,,,,,,,,,,,,,,CLN2
NA - not available or not applicable,,,,,,,,,,,,,,,,,,,,,,,,,,,,,,,,,,,CLN2
REL# - family relationship between these individuals. Each family is indicated by a number. See Notes column for further detals of relationship.,,,,,,,,,,,,,,,,,,,,,,,,,,,,,,,,,,,CLN2
