DB Patient ID,REL#,Other Patient ID,mutation number,allele,Changes in same gene,Changes in other genes,NCL phenotype or other disease,Age at onset (y),Histology,Country of origin,Other ethnic detail,Country of residence,Reference_patient,PMID_patient,Notes,Notes2,Identifier,Location,Nucleotide change,Amino acid position,Amino acid change,Type of Mutation - DNA,additional mutation info,Predicted functional effect in silico,Predicted effect on splicing - exonic variants,clinvar classification,rs number,GRCh38,Reference_mutation,PMID_mutation,Original description,Other notes,hgmd reference,Column1,Disease_Subtype
Pa-cln3.140,,L199Pa or 7_Lauronen_1999,cln3.001,c.461-280_677+382del,,,Protracted juvenile,5.5,FP / CL,Finland,,,"IBDC, 1995",7553855,,,cln3.001,Intron 07 - 09,c.461-280_677+382del,,p.(?),deletion,complex,see notes,,Pathogenic,rs1555468634,g.28485965_28486930del,"The International Batten Disease Consortium, 1995                                              ",7553855,,"This deletion mutation was originally believed to stretch 1.02 kb (Batten Disease Consortium, 1995). It was later shown to span 966 bp, and is also called 1kb deletion. In culture, fibroblasts from a homozygous patient express a major transcript of 521 bp and a minor transcript of 408 bp (Kitzmüller, Haines, Codlin, Cutler, & Mole, 2008). The major transcript contains exon 6 spliced to exon 9 and is thought to encode a protein containing the first 153 amino acids of CLN3 plus an additional 28 novel amino acids resulting from an out‐of‐frame RNA sequence at the novel splice site. ",,,CLN3
Pa-cln3.140,,L199Pa 7_Lauronen_1999,cln3.002,c.(790+1_791-1)_(1056+1_1057-1)del,,,Protracted juvenile,5.5,FP / CL,Finland,,,"Munroe et al., 1997",9151312,"PMID updated June 2025, as wrong paper selected",Kousi 2012 says breakpoints not determined. c.791-802_1056+1445del previously entered in this datasheet. Query whether ClinVar record with updated coordinates is the same mutation. D16S28 is NOT deleted; thus different mutation to cln3.027,cln3.002,Intron 10 - 14,c.(790+1_791-1)_(1056+1_1057-1)del,,p.(Gly264Valfs*29),deletion,uncertain,see notes,,Pathogenic,,,"Munroe et al., Am J Hum Genet; 1997",9311735,2.8 kb deletion or p.(Gly264_Gln352delinsValfs*29) or p.(Gly264_Leu437delinsAlaSerAspSerProAlaSerAlaSerArgValAlaGlyThrThrGly). D16S268 is deleted/not amplifiable.,"Amino acid change taken from ClinVar entry; note variance from original description. The mutation is described as c.790+532_1056+1445del, g.28480687_28483501del in both Kousi 2012 and Clinvar; however there is no accompanying published evidence for this location.  For this reason, the mutation is shown with uncertain breakpoints.",,,CLN3
Pa-cln3.141,,"L198Pa or 8_Lauronen et al., 1999",cln3.001,c.461-280_677+382del,,,Protracted juvenile,7,FP / CL,Finland,,,"IBDC, 1995",7553855,,,cln3.001,Intron 07 - 09,c.461-280_677+382del,,p.(?),deletion,complex,see notes,,Pathogenic,rs1555468634,g.28485965_28486930del,"The International Batten Disease Consortium, 1995                                              ",7553855,,"This deletion mutation was originally believed to stretch 1.02 kb (Batten Disease Consortium, 1995). It was later shown to span 966 bp, and is also called 1kb deletion. In culture, fibroblasts from a homozygous patient express a major transcript of 521 bp and a minor transcript of 408 bp (Kitzmüller, Haines, Codlin, Cutler, & Mole, 2008). The major transcript contains exon 6 spliced to exon 9 and is thought to encode a protein containing the first 153 amino acids of CLN3 plus an additional 28 novel amino acids resulting from an out‐of‐frame RNA sequence at the novel splice site. ",,,CLN3
Pa-cln3.141,,"L198Pa or 8_Lauronen et al., 1999",cln3.004,c.533+1G>C,,,Protracted juvenile,7,FP / CL,Finland,,,"Munroe et al., 1997",9311735,,,cln3.004,Intron 08,c.533+1G>C,,p.(?),substitution,splice donor variant,most probably affecting splicing,,likely pathogenic,rs386833728,g.28486577C>G,"Munroe et al., Am J Hum Genet; 1997",9311735,,670+1G>C; c.533+1G>C splice defect,,,CLN3
Pa-cln3.142,,NCL39.3,cln3.001,c.461-280_677+382del,,,juvenile,,,Morocco,,,"IBDC, 1995",7553855,,,cln3.001,Intron 07 - 09,c.461-280_677+382del,,p.(?),deletion,complex,see notes,,Pathogenic,rs1555468634,g.28485965_28486930del,"The International Batten Disease Consortium, 1995                                              ",7553855,,"This deletion mutation was originally believed to stretch 1.02 kb (Batten Disease Consortium, 1995). It was later shown to span 966 bp, and is also called 1kb deletion. In culture, fibroblasts from a homozygous patient express a major transcript of 521 bp and a minor transcript of 408 bp (Kitzmüller, Haines, Codlin, Cutler, & Mole, 2008). The major transcript contains exon 6 spliced to exon 9 and is thought to encode a protein containing the first 153 amino acids of CLN3 plus an additional 28 novel amino acids resulting from an out‐of‐frame RNA sequence at the novel splice site. ",,,CLN3
Pa-cln3.142,,NCL39.3,cln3.003,c.432+?_1350-?del,,,juvenile,,,Morocco,,,"IBDC, 1995",7553855,,,cln3.003,Exon 07 - 16,c.432_*33del,,p.(?),deletion,deletion,see notes,,,,g.28477483_28487484del,"Mitchison et al., Am J Hum Genet, 1995",7887419,c.432+?_1350-?del; 28488804_28498805del. Minimum deletion of exons 08-15; maximum deletion of introns 05-15,"deletion of 6 kb that starts between F2 and F4 and ends between GF1 and R3 primers; i08 - 3' region, unknown 6 kb deletion; Truncated protein. Cannot be validated; variant span is outside sequence bounds. Neither nucleotide position corresponds to current intronic boundaries",CG952289,,CLN3
Pa-cln3.143,,L39_Munroe_1997,cln3.001,c.461-280_677+382del,,,juvenile,,,The Netherlands,,,"Munroe et al., 1997",9311735,,,cln3.001,Intron 07 - 09,c.461-280_677+382del,,p.(?),deletion,complex,see notes,,Pathogenic,rs1555468634,g.28485965_28486930del,"The International Batten Disease Consortium, 1995                                              ",7553855,,"This deletion mutation was originally believed to stretch 1.02 kb (Batten Disease Consortium, 1995). It was later shown to span 966 bp, and is also called 1kb deletion. In culture, fibroblasts from a homozygous patient express a major transcript of 521 bp and a minor transcript of 408 bp (Kitzmüller, Haines, Codlin, Cutler, & Mole, 2008). The major transcript contains exon 6 spliced to exon 9 and is thought to encode a protein containing the first 153 amino acids of CLN3 plus an additional 28 novel amino acids resulting from an out‐of‐frame RNA sequence at the novel splice site. ",,,CLN3
Pa-cln3.143,,L39_Munroe_1997,cln3.005,p.(Leu101Pro),,,juvenile,,,The Netherlands,,,"Munroe et al., 1997",9311735,,,cln3.005,Exon 06,c.302T>C,101,p.(Leu101Pro),substitution,missense,Probably damaging,no significant impact on splicing signals,likely pathogenic,rs386833714,g.28487734A>G,"Munroe et al., Am J Hum Genet; 1997",9311735,,,CM970329,,CLN3
Pa-cln3.144,,L227_Munroe_1997,cln3.001,c.461-280_677+382del,,,juvenile,,,UK,,,"Munroe et al., 1997",9311735,,,cln3.001,Intron 07 - 09,c.461-280_677+382del,,p.(?),deletion,complex,see notes,,Pathogenic,rs1555468634,g.28485965_28486930del,"The International Batten Disease Consortium, 1995                                              ",7553855,,"This deletion mutation was originally believed to stretch 1.02 kb (Batten Disease Consortium, 1995). It was later shown to span 966 bp, and is also called 1kb deletion. In culture, fibroblasts from a homozygous patient express a major transcript of 521 bp and a minor transcript of 408 bp (Kitzmüller, Haines, Codlin, Cutler, & Mole, 2008). The major transcript contains exon 6 spliced to exon 9 and is thought to encode a protein containing the first 153 amino acids of CLN3 plus an additional 28 novel amino acids resulting from an out‐of‐frame RNA sequence at the novel splice site. ",,,CLN3
Pa-cln3.144,,L227_Munroe_1997,cln3.006,p.(Arg127fs),,,juvenile,,,UK,,,"Munroe et al., 1997",9311735,,,cln3.006,Exon 07, c.378_379dup,127,p.(Arg127fs),duplication,frameshift,,"HGVS not accepted by HSF, despite being correct according to VariantValidator and dbSNP",likely pathogenic,rs386833717,g.28487540_28487541dup,"Munroe et al., Am J Hum Genet; 1997",9311735,p.(Arg127Profs*55),"formerly c.374-375insCC in Munroe et al 1997, and described as p.Val128GlyfsX54 in Kousi et al 2012, p.(Arg127Profs*55) ",,,CLN3
Pa-cln3.145,,L121/BA_Munroe_1997,cln3.001,c.461-280_677+382del,,,juvenile,,,USA,,,"Munroe et al., 1997",9311735,,,cln3.001,Intron 07 - 09,c.461-280_677+382del,,p.(?),deletion,complex,see notes,,Pathogenic,rs1555468634,g.28485965_28486930del,"The International Batten Disease Consortium, 1995                                              ",7553855,,"This deletion mutation was originally believed to stretch 1.02 kb (Batten Disease Consortium, 1995). It was later shown to span 966 bp, and is also called 1kb deletion. In culture, fibroblasts from a homozygous patient express a major transcript of 521 bp and a minor transcript of 408 bp (Kitzmüller, Haines, Codlin, Cutler, & Mole, 2008). The major transcript contains exon 6 spliced to exon 9 and is thought to encode a protein containing the first 153 amino acids of CLN3 plus an additional 28 novel amino acids resulting from an out‐of‐frame RNA sequence at the novel splice site. ",,,CLN3
Pa-cln3.145,,L121/BA_Munroe_1997,cln3.008,c.461-13G>C,,,juvenile,,,USA,,,"Munroe et al., 1997",9311735,,,cln3.008,Intron 07,c.461-13G>C,,p.(?),substitution,uncertain,see notes,,likely pathogenic,rs386833721,g.28486663C>G,"Munroe et al., Am J Hum Genet; 1997",9311735,"p.[=, Val155Profs*2]","splice defect (confirmed by RT-PCR).  Sometimes aberrant splicing to give truncated protein p.Gly154fsX2; IVS6-13G>C: two transcripts: normal and one with exon 7 missing. However, predicted functional effect from HSF is no significant impact on splicing signals.",,,CLN3
Pa-cln3.146,,L29_Munroe_1997,cln3.001,c.461-280_677+382del,,,juvenile,,,Sweden,,,"Munroe et al., 1997",9311735,,,cln3.001,Intron 07 - 09,c.461-280_677+382del,,p.(?),deletion,complex,see notes,,Pathogenic,rs1555468634,g.28485965_28486930del,"The International Batten Disease Consortium, 1995                                              ",7553855,,"This deletion mutation was originally believed to stretch 1.02 kb (Batten Disease Consortium, 1995). It was later shown to span 966 bp, and is also called 1kb deletion. In culture, fibroblasts from a homozygous patient express a major transcript of 521 bp and a minor transcript of 408 bp (Kitzmüller, Haines, Codlin, Cutler, & Mole, 2008). The major transcript contains exon 6 spliced to exon 9 and is thought to encode a protein containing the first 153 amino acids of CLN3 plus an additional 28 novel amino acids resulting from an out‐of‐frame RNA sequence at the novel splice site. ",,,CLN3
Pa-cln3.146,,L29_Munroe_1997,cln3.009,p.(Ser161*),,,juvenile,,,Sweden,,,"Munroe et al., 1997",9311735,,,cln3.009,Exon 08,c.482C>G,161,p.(Ser161*),substitution,nonsense,,no significant impact on splicing signals,likely pathogenic,rs386833724,g.28486629G>C,"Munroe et al., Am J Hum Genet; 1997",9311735,,,,,CLN3
Pa-cln3.147,,L259_Munroe_1997,cln3.001,c.461-280_677+382del,,,juvenile,,,Denmark,,,"Munroe et al., 1997",9311735,,,cln3.001,Intron 07 - 09,c.461-280_677+382del,,p.(?),deletion,complex,see notes,,Pathogenic,rs1555468634,g.28485965_28486930del,"The International Batten Disease Consortium, 1995                                              ",7553855,,"This deletion mutation was originally believed to stretch 1.02 kb (Batten Disease Consortium, 1995). It was later shown to span 966 bp, and is also called 1kb deletion. In culture, fibroblasts from a homozygous patient express a major transcript of 521 bp and a minor transcript of 408 bp (Kitzmüller, Haines, Codlin, Cutler, & Mole, 2008). The major transcript contains exon 6 spliced to exon 9 and is thought to encode a protein containing the first 153 amino acids of CLN3 plus an additional 28 novel amino acids resulting from an out‐of‐frame RNA sequence at the novel splice site. ",,,CLN3
Pa-cln3.147,,L259_Munroe_1997,cln3.010,p.(Ser162*),,,juvenile,,,Denmark,,,"Munroe et al., 1997",9311736,,,cln3.010,Exon 08,c.485C>G,162,p.(Ser162*),substitution,nonsense,,no significant impact on splicing signals,likely pathogenic,rs386833725,g.28486626G>C,"Munroe et al., Am J Hum Genet; 1997",9311735,,,,,CLN3
Pa-cln3.148,REL01,L46_1_Munroe_1997,cln3.001,c.461-280_677+382del,,,juvenile,,,UK,,,"Munroe et al., 1997",9311735,,,cln3.001,Intron 07 - 09,c.461-280_677+382del,,p.(?),deletion,complex,see notes,,Pathogenic,rs1555468634,g.28485965_28486930del,"The International Batten Disease Consortium, 1995                                              ",7553855,,"This deletion mutation was originally believed to stretch 1.02 kb (Batten Disease Consortium, 1995). It was later shown to span 966 bp, and is also called 1kb deletion. In culture, fibroblasts from a homozygous patient express a major transcript of 521 bp and a minor transcript of 408 bp (Kitzmüller, Haines, Codlin, Cutler, & Mole, 2008). The major transcript contains exon 6 spliced to exon 9 and is thought to encode a protein containing the first 153 amino acids of CLN3 plus an additional 28 novel amino acids resulting from an out‐of‐frame RNA sequence at the novel splice site. ",,,CLN3
Pa-cln3.148,REL01,L46_1_Munroe_1997,cln3.011,p.(Leu170Pro),,,juvenile,,,UK,,,"Munroe et al., 1997",9311736,,,cln3.011,Exon 08,c.509T>C,170,p.(Leu170Pro),substitution,missense,Probably damaging,no significant impact on splicing signals,likely pathogenic,rs386833727,g.28486602A>G,"Munroe et al., Am J Hum Genet; 1997",9311735,,,,,CLN3
Pa-cln3.149,REL01,L46_2_Munroe_1997,cln3.001,c.461-280_677+382del,,,juvenile,,,UK,,,"Munroe et al., 1997",9311735,,,cln3.001,Intron 07 - 09,c.461-280_677+382del,,p.(?),deletion,complex,see notes,,Pathogenic,rs1555468634,g.28485965_28486930del,"The International Batten Disease Consortium, 1995                                              ",7553855,,"This deletion mutation was originally believed to stretch 1.02 kb (Batten Disease Consortium, 1995). It was later shown to span 966 bp, and is also called 1kb deletion. In culture, fibroblasts from a homozygous patient express a major transcript of 521 bp and a minor transcript of 408 bp (Kitzmüller, Haines, Codlin, Cutler, & Mole, 2008). The major transcript contains exon 6 spliced to exon 9 and is thought to encode a protein containing the first 153 amino acids of CLN3 plus an additional 28 novel amino acids resulting from an out‐of‐frame RNA sequence at the novel splice site. ",,,CLN3
Pa-cln3.149,REL01,L46_2_Munroe_1997,cln3.011,p.(Leu170Pro),,,juvenile,,,UK,,,"Munroe et al., 1997",9311736,,,cln3.011,Exon 08,c.509T>C,170,p.(Leu170Pro),substitution,missense,Probably damaging,no significant impact on splicing signals,likely pathogenic,rs386833727,g.28486602A>G,"Munroe et al., Am J Hum Genet; 1997",9311735,,,,,CLN3
Pa-cln3.150,,L189_Munroe_1997,cln3.014,p.(Gln211*),,,juvenile,,,Italy,,,"Munroe et al., 1997",9311736,,,cln3.014,Exon 09,c.631C>T,211,p.(Gln211*),substitution,nonsense,,Alteration of auxiliary sequences,Pathogenic,rs386833737,g.28486393G>A,"Munroe et al., Am J Hum Genet; 1997",9311735,,,,,CLN3
Pa-cln3.150,,L189_Munroe_1997,,,,,juvenile,,,Italy,,,"Munroe et al., 1997",9311735,,,,,,,,,,,,,,,,,,,,,CLN3
Pa-cln3.151,,L285_Munroe_1997 or 9_Lauronen_1999,cln3.001,c.461-280_677+382del,,,Protracted juvenile,6,FP / CL,Finland,,,"IBDC, 1995",7553855,,,cln3.001,Intron 07 - 09,c.461-280_677+382del,,p.(?),deletion,complex,see notes,,Pathogenic,rs1555468634,g.28485965_28486930del,"The International Batten Disease Consortium, 1995                                              ",7553855,,"This deletion mutation was originally believed to stretch 1.02 kb (Batten Disease Consortium, 1995). It was later shown to span 966 bp, and is also called 1kb deletion. In culture, fibroblasts from a homozygous patient express a major transcript of 521 bp and a minor transcript of 408 bp (Kitzmüller, Haines, Codlin, Cutler, & Mole, 2008). The major transcript contains exon 6 spliced to exon 9 and is thought to encode a protein containing the first 153 amino acids of CLN3 plus an additional 28 novel amino acids resulting from an out‐of‐frame RNA sequence at the novel splice site. ",,,CLN3
Pa-cln3.151,,L285_Munroe_1997 or 9_Lauronen_1999,cln3.015,p.(Glu295Lys),,,Protracted juvenile,6,FP / CL,Finland,,,"Munroe et al., 1997",9311735,,,cln3.015,Exon 12,c.883G>A,295,p.(Glu295Lys),substitution,missense,Benign,Alteration of auxiliary sequences,pathogenic,rs121434286,g.28482500C>T,"Munroe et al., Am J Hum Genet; 1997",9311735,,This is not a common variant; <0.001 total (ALFA); <0.01% 1000 genomes;,,,CLN3
Pa-cln3.152,,L243_Munroe_1997,cln3.001,c.461-280_677+382del,,,juvenile,,,Denmark,,,"Munroe et al., 1997",9311735,,,cln3.001,Intron 07 - 09,c.461-280_677+382del,,p.(?),deletion,complex,see notes,,Pathogenic,rs1555468634,g.28485965_28486930del,"The International Batten Disease Consortium, 1995                                              ",7553855,,"This deletion mutation was originally believed to stretch 1.02 kb (Batten Disease Consortium, 1995). It was later shown to span 966 bp, and is also called 1kb deletion. In culture, fibroblasts from a homozygous patient express a major transcript of 521 bp and a minor transcript of 408 bp (Kitzmüller, Haines, Codlin, Cutler, & Mole, 2008). The major transcript contains exon 6 spliced to exon 9 and is thought to encode a protein containing the first 153 amino acids of CLN3 plus an additional 28 novel amino acids resulting from an out‐of‐frame RNA sequence at the novel splice site. ",,,CLN3
Pa-cln3.152,,L243_Munroe_1997,cln3.017,p.(Gln327*),,,juvenile,,,Denmark,,,"Munroe et al., 1997",9311736,,,cln3.017,Exon 14,c.979C>T,327,p.(Gln327*),substitution,nonsense,,Alteration of auxiliary sequences,likely pathogenic,rs386833743,g.28482182G>A,"Munroe et al., Am J Hum Genet; 1997",9311735,,,,,CLN3
Pa-cln3.153,,L216_Munroe_1997,cln3.001,c.461-280_677+382del,,,juvenile,,,Norway,,,"Munroe et al., 1997",9311735,,,cln3.001,Intron 07 - 09,c.461-280_677+382del,,p.(?),deletion,complex,see notes,,Pathogenic,rs1555468634,g.28485965_28486930del,"The International Batten Disease Consortium, 1995                                              ",7553855,,"This deletion mutation was originally believed to stretch 1.02 kb (Batten Disease Consortium, 1995). It was later shown to span 966 bp, and is also called 1kb deletion. In culture, fibroblasts from a homozygous patient express a major transcript of 521 bp and a minor transcript of 408 bp (Kitzmüller, Haines, Codlin, Cutler, & Mole, 2008). The major transcript contains exon 6 spliced to exon 9 and is thought to encode a protein containing the first 153 amino acids of CLN3 plus an additional 28 novel amino acids resulting from an out‐of‐frame RNA sequence at the novel splice site. ",,,CLN3
Pa-cln3.153,,L216_Munroe_1997,cln3.018,p.(Val330Phe),,,juvenile,,,Norway,,,"Munroe et al., 1997",9311736,,,cln3.018,Exon 14,c.988G>T,330,p.(Val330Phe),substitution,missense,Probably damaging,Alteration of auxiliary sequences,likely pathogenic,rs386833744,g.28482173C>A,"Munroe et al., Am J Hum Genet; 1997",9311735,,,,,CLN3
Pa-cln3.154,,L10_Munroe_1997,cln3.001,c.461-280_677+382del,,,juvenile,,,The Netherlands,,,"Munroe et al., 1997",9311735,,,cln3.001,Intron 07 - 09,c.461-280_677+382del,,p.(?),deletion,complex,see notes,,Pathogenic,rs1555468634,g.28485965_28486930del,"The International Batten Disease Consortium, 1995                                              ",7553855,,"This deletion mutation was originally believed to stretch 1.02 kb (Batten Disease Consortium, 1995). It was later shown to span 966 bp, and is also called 1kb deletion. In culture, fibroblasts from a homozygous patient express a major transcript of 521 bp and a minor transcript of 408 bp (Kitzmüller, Haines, Codlin, Cutler, & Mole, 2008). The major transcript contains exon 6 spliced to exon 9 and is thought to encode a protein containing the first 153 amino acids of CLN3 plus an additional 28 novel amino acids resulting from an out‐of‐frame RNA sequence at the novel splice site. ",,,CLN3
Pa-cln3.154,,L10_Munroe_1997,cln3.019,p.(Arg334Cys),,,juvenile,,,The Netherlands,,,"Munroe et al., 1997",9311735,,,cln3.019,Exon 14,c.1000C>T,334,p.(Arg334Cys),substitution,missense,Probably damaging,no significant impact on splicing signals,pathogenic / likely pathogenic,rs386833694,g.28482161G>A,"Munroe et al., Am J Hum Genet; 1997",9311735,,,,,CLN3
Pa-cln3.155,,165_Munroe_1997,cln3.001,c.461-280_677+382del,,,juvenile,,,The Netherlands,,,"Munroe et al., 1997",9311735,,,cln3.001,Intron 07 - 09,c.461-280_677+382del,,p.(?),deletion,complex,see notes,,Pathogenic,rs1555468634,g.28485965_28486930del,"The International Batten Disease Consortium, 1995                                              ",7553855,,"This deletion mutation was originally believed to stretch 1.02 kb (Batten Disease Consortium, 1995). It was later shown to span 966 bp, and is also called 1kb deletion. In culture, fibroblasts from a homozygous patient express a major transcript of 521 bp and a minor transcript of 408 bp (Kitzmüller, Haines, Codlin, Cutler, & Mole, 2008). The major transcript contains exon 6 spliced to exon 9 and is thought to encode a protein containing the first 153 amino acids of CLN3 plus an additional 28 novel amino acids resulting from an out‐of‐frame RNA sequence at the novel splice site. ",,,CLN3
Pa-cln3.155,,165_Munroe_1997,cln3.019,p.(Arg334Cys),,,juvenile,,,The Netherlands,,,"Munroe et al., 1997",9311735,,,cln3.019,Exon 14,c.1000C>T,334,p.(Arg334Cys),substitution,missense,Probably damaging,no significant impact on splicing signals,pathogenic / likely pathogenic,rs386833694,g.28482161G>A,"Munroe et al., Am J Hum Genet; 1997",9311735,,,,,CLN3
Pa-cln3.156,,166_Munroe_1997,cln3.001,c.461-280_677+382del,,,juvenile,,,The Netherlands,,,"Munroe et al., 1997",9311735,,,cln3.001,Intron 07 - 09,c.461-280_677+382del,,p.(?),deletion,complex,see notes,,Pathogenic,rs1555468634,g.28485965_28486930del,"The International Batten Disease Consortium, 1995                                              ",7553855,,"This deletion mutation was originally believed to stretch 1.02 kb (Batten Disease Consortium, 1995). It was later shown to span 966 bp, and is also called 1kb deletion. In culture, fibroblasts from a homozygous patient express a major transcript of 521 bp and a minor transcript of 408 bp (Kitzmüller, Haines, Codlin, Cutler, & Mole, 2008). The major transcript contains exon 6 spliced to exon 9 and is thought to encode a protein containing the first 153 amino acids of CLN3 plus an additional 28 novel amino acids resulting from an out‐of‐frame RNA sequence at the novel splice site. ",,,CLN3
Pa-cln3.156,,166_Munroe_1997,cln3.019,p.(Arg334Cys),,,juvenile,,,The Netherlands,,,"Munroe et al., 1997",9311735,,,cln3.019,Exon 14,c.1000C>T,334,p.(Arg334Cys),substitution,missense,Probably damaging,no significant impact on splicing signals,pathogenic / likely pathogenic,rs386833694,g.28482161G>A,"Munroe et al., Am J Hum Genet; 1997",9311735,,,,,CLN3
Pa-cln3.157,,L204_Munroe_1997 and 10_Lauronen_1999,cln3.001,c.461-280_677+382del,,,Protracted juvenile,5.5,FP / CL,Finland,,,"Munroe et al., 1997",9311735,,,cln3.001,Intron 07 - 09,c.461-280_677+382del,,p.(?),deletion,complex,see notes,,Pathogenic,rs1555468634,g.28485965_28486930del,"The International Batten Disease Consortium, 1995                                              ",7553855,,"This deletion mutation was originally believed to stretch 1.02 kb (Batten Disease Consortium, 1995). It was later shown to span 966 bp, and is also called 1kb deletion. In culture, fibroblasts from a homozygous patient express a major transcript of 521 bp and a minor transcript of 408 bp (Kitzmüller, Haines, Codlin, Cutler, & Mole, 2008). The major transcript contains exon 6 spliced to exon 9 and is thought to encode a protein containing the first 153 amino acids of CLN3 plus an additional 28 novel amino acids resulting from an out‐of‐frame RNA sequence at the novel splice site. ",,,CLN3
Pa-cln3.157,,L204_Munroe_1997 and 10_Lauronen_1999,cln3.020,p.(Arg334His),,,Protracted juvenile,5.5,FP / CL,Finland,,,"Munroe et al., 1997",9311735,,,cln3.020,Exon 14,c.1001G>A,334,p.(Arg334His),substitution,missense,Probably damaging,no significant impact on splicing signals,pathogenic / likely pathogenic,rs386833695,g.28482160C>T,"Munroe et al., Am J Hum Genet; 1997",9311735,,,,,CLN3
Pa-cln3.158,,168_Munroe_1997,cln3.001,c.461-280_677+382del,,,juvenile,,,UK,,,"Munroe et al., 1997",9311735,,,cln3.001,Intron 07 - 09,c.461-280_677+382del,,p.(?),deletion,complex,see notes,,Pathogenic,rs1555468634,g.28485965_28486930del,"The International Batten Disease Consortium, 1995                                              ",7553855,,"This deletion mutation was originally believed to stretch 1.02 kb (Batten Disease Consortium, 1995). It was later shown to span 966 bp, and is also called 1kb deletion. In culture, fibroblasts from a homozygous patient express a major transcript of 521 bp and a minor transcript of 408 bp (Kitzmüller, Haines, Codlin, Cutler, & Mole, 2008). The major transcript contains exon 6 spliced to exon 9 and is thought to encode a protein containing the first 153 amino acids of CLN3 plus an additional 28 novel amino acids resulting from an out‐of‐frame RNA sequence at the novel splice site. ",,,CLN3
Pa-cln3.158,,168_Munroe_1997,cln3.020,p.(Arg334His),,,juvenile,,,UK,,,"Munroe et al., 1997",9311735,,,cln3.020,Exon 14,c.1001G>A,334,p.(Arg334His),substitution,missense,Probably damaging,no significant impact on splicing signals,pathogenic / likely pathogenic,rs386833695,g.28482160C>T,"Munroe et al., Am J Hum Genet; 1997",9311735,,,,,CLN3
Pa-cln3.159,,169_Munroe_1997,cln3.001,c.461-280_677+382del,,,juvenile,,,Germany,,,"Munroe et al., 1997",9311735,,,cln3.001,Intron 07 - 09,c.461-280_677+382del,,p.(?),deletion,complex,see notes,,Pathogenic,rs1555468634,g.28485965_28486930del,"The International Batten Disease Consortium, 1995                                              ",7553855,,"This deletion mutation was originally believed to stretch 1.02 kb (Batten Disease Consortium, 1995). It was later shown to span 966 bp, and is also called 1kb deletion. In culture, fibroblasts from a homozygous patient express a major transcript of 521 bp and a minor transcript of 408 bp (Kitzmüller, Haines, Codlin, Cutler, & Mole, 2008). The major transcript contains exon 6 spliced to exon 9 and is thought to encode a protein containing the first 153 amino acids of CLN3 plus an additional 28 novel amino acids resulting from an out‐of‐frame RNA sequence at the novel splice site. ",,,CLN3
Pa-cln3.159,,169_Munroe_1997,cln3.020,p.(Arg334His),,,juvenile,,,Germany,,,"Munroe et al., 1997",9311735,,,cln3.020,Exon 14,c.1001G>A,334,p.(Arg334His),substitution,missense,Probably damaging,no significant impact on splicing signals,pathogenic / likely pathogenic,rs386833695,g.28482160C>T,"Munroe et al., Am J Hum Genet; 1997",9311735,,,,,CLN3
Pa-cln3.160,,170_Munroe_1997,cln3.001,c.461-280_677+382del,,,juvenile,,,USA,,,"Munroe et al., 1997",9311735,,,cln3.001,Intron 07 - 09,c.461-280_677+382del,,p.(?),deletion,complex,see notes,,Pathogenic,rs1555468634,g.28485965_28486930del,"The International Batten Disease Consortium, 1995                                              ",7553855,,"This deletion mutation was originally believed to stretch 1.02 kb (Batten Disease Consortium, 1995). It was later shown to span 966 bp, and is also called 1kb deletion. In culture, fibroblasts from a homozygous patient express a major transcript of 521 bp and a minor transcript of 408 bp (Kitzmüller, Haines, Codlin, Cutler, & Mole, 2008). The major transcript contains exon 6 spliced to exon 9 and is thought to encode a protein containing the first 153 amino acids of CLN3 plus an additional 28 novel amino acids resulting from an out‐of‐frame RNA sequence at the novel splice site. ",,,CLN3
Pa-cln3.160,,170_Munroe_1997,cln3.020,p.(Arg334His),,,juvenile,,,USA,,,"Munroe et al., 1997",9311735,,,cln3.020,Exon 14,c.1001G>A,334,p.(Arg334His),substitution,missense,Probably damaging,no significant impact on splicing signals,pathogenic / likely pathogenic,rs386833695,g.28482160C>T,"Munroe et al., Am J Hum Genet; 1997",9311735,,,,,CLN3
Pa-cln3.161,,L8_Munroe_1997,cln3.001,c.461-280_677+382del,,,juvenile,,,The Netherlands,,,"Munroe et al., 1997",9311735,,,cln3.001,Intron 07 - 09,c.461-280_677+382del,,p.(?),deletion,complex,see notes,,Pathogenic,rs1555468634,g.28485965_28486930del,"The International Batten Disease Consortium, 1995                                              ",7553855,,"This deletion mutation was originally believed to stretch 1.02 kb (Batten Disease Consortium, 1995). It was later shown to span 966 bp, and is also called 1kb deletion. In culture, fibroblasts from a homozygous patient express a major transcript of 521 bp and a minor transcript of 408 bp (Kitzmüller, Haines, Codlin, Cutler, & Mole, 2008). The major transcript contains exon 6 spliced to exon 9 and is thought to encode a protein containing the first 153 amino acids of CLN3 plus an additional 28 novel amino acids resulting from an out‐of‐frame RNA sequence at the novel splice site. ",,,CLN3
Pa-cln3.161,,L8_Munroe_1997,cln3.021,p.(Gln352*),,,juvenile,,,The Netherlands,,,"Munroe et al., 1997",9311735,,,cln3.021,Exon 14,c.1054C>T,352,p.(Gln352*),substitution,nonsense,,Alteration of auxiliary sequences; broken WT donor site; new donor splice site,Pathogenic,rs386833697,g.28482107G>A,"Munroe et al., Am J Hum Genet; 1997",9311735,,Gomes-Giro et al. 2019 show that this mutation causes a novel splicing variant PMID: 31888773 ,,,CLN3
Pa-cln3.162,,172_Munroe_1997,cln3.001,c.461-280_677+382del,,,juvenile,,,USA,,,"Munroe et al., 1997",9311735,,,cln3.001,Intron 07 - 09,c.461-280_677+382del,,p.(?),deletion,complex,see notes,,Pathogenic,rs1555468634,g.28485965_28486930del,"The International Batten Disease Consortium, 1995                                              ",7553855,,"This deletion mutation was originally believed to stretch 1.02 kb (Batten Disease Consortium, 1995). It was later shown to span 966 bp, and is also called 1kb deletion. In culture, fibroblasts from a homozygous patient express a major transcript of 521 bp and a minor transcript of 408 bp (Kitzmüller, Haines, Codlin, Cutler, & Mole, 2008). The major transcript contains exon 6 spliced to exon 9 and is thought to encode a protein containing the first 153 amino acids of CLN3 plus an additional 28 novel amino acids resulting from an out‐of‐frame RNA sequence at the novel splice site. ",,,CLN3
Pa-cln3.162,,172_Munroe_1997,cln3.021,p.(Gln352*),,,juvenile,,,USA,,,"Munroe et al., 1997",9311735,,,cln3.021,Exon 14,c.1054C>T,352,p.(Gln352*),substitution,nonsense,,Alteration of auxiliary sequences; broken WT donor site; new donor splice site,Pathogenic,rs386833697,g.28482107G>A,"Munroe et al., Am J Hum Genet; 1997",9311735,,Gomes-Giro et al. 2019 show that this mutation causes a novel splicing variant PMID: 31888773 ,,,CLN3
Pa-cln3.163,REL02,BB_1_Munroe_1997,cln3.001,c.461-280_677+382del,,,juvenile,5,,USA,,,"Munroe et al., 1997",9311735,,,cln3.001,Intron 07 - 09,c.461-280_677+382del,,p.(?),deletion,complex,see notes,,Pathogenic,rs1555468634,g.28485965_28486930del,"The International Batten Disease Consortium, 1995                                              ",7553855,,"This deletion mutation was originally believed to stretch 1.02 kb (Batten Disease Consortium, 1995). It was later shown to span 966 bp, and is also called 1kb deletion. In culture, fibroblasts from a homozygous patient express a major transcript of 521 bp and a minor transcript of 408 bp (Kitzmüller, Haines, Codlin, Cutler, & Mole, 2008). The major transcript contains exon 6 spliced to exon 9 and is thought to encode a protein containing the first 153 amino acids of CLN3 plus an additional 28 novel amino acids resulting from an out‐of‐frame RNA sequence at the novel splice site. ",,,CLN3
Pa-cln3.163,REL02,BB_1_Munroe_1997,cln3.022,p.(Thr400*),,,juvenile,5,,USA,,,"Munroe et al., 1997",9311735,,,cln3.022,Intron 15,c.1198-1G>T,400,p.(?),substitution,splice acceptor variant,most probably affecting splicing,,Pathogenic,rs386833702,g.28477636C>A,"Munroe et al., Am J Hum Genet; 1997",9311735,,splice defect (confirmed by RT-PCR),,,CLN3
Pa-cln3.164,REL02,BB_2_Munroe_1997,cln3.001,c.461-280_677+382del,,,juvenile,5,,USA,,,"Munroe et al., 1997",9311735,,,cln3.001,Intron 07 - 09,c.461-280_677+382del,,p.(?),deletion,complex,see notes,,Pathogenic,rs1555468634,g.28485965_28486930del,"The International Batten Disease Consortium, 1995                                              ",7553855,,"This deletion mutation was originally believed to stretch 1.02 kb (Batten Disease Consortium, 1995). It was later shown to span 966 bp, and is also called 1kb deletion. In culture, fibroblasts from a homozygous patient express a major transcript of 521 bp and a minor transcript of 408 bp (Kitzmüller, Haines, Codlin, Cutler, & Mole, 2008). The major transcript contains exon 6 spliced to exon 9 and is thought to encode a protein containing the first 153 amino acids of CLN3 plus an additional 28 novel amino acids resulting from an out‐of‐frame RNA sequence at the novel splice site. ",,,CLN3
Pa-cln3.164,REL02,BB_2_Munroe_1997,cln3.022,p.(Thr400*),,,juvenile,5,,USA,,,"Munroe et al., 1997",9311735,,,cln3.022,Intron 15,c.1198-1G>T,400,p.(?),substitution,splice acceptor variant,most probably affecting splicing,,Pathogenic,rs386833702,g.28477636C>A,"Munroe et al., Am J Hum Genet; 1997",9311735,,splice defect (confirmed by RT-PCR),,,CLN3
Pa-cln3.165,REL02,BB_3_Munroe_1997,cln3.001,c.461-280_677+382del,,,juvenile,5,,USA,,,"Munroe et al., 1997",9311735,,,cln3.001,Intron 07 - 09,c.461-280_677+382del,,p.(?),deletion,complex,see notes,,Pathogenic,rs1555468634,g.28485965_28486930del,"The International Batten Disease Consortium, 1995                                              ",7553855,,"This deletion mutation was originally believed to stretch 1.02 kb (Batten Disease Consortium, 1995). It was later shown to span 966 bp, and is also called 1kb deletion. In culture, fibroblasts from a homozygous patient express a major transcript of 521 bp and a minor transcript of 408 bp (Kitzmüller, Haines, Codlin, Cutler, & Mole, 2008). The major transcript contains exon 6 spliced to exon 9 and is thought to encode a protein containing the first 153 amino acids of CLN3 plus an additional 28 novel amino acids resulting from an out‐of‐frame RNA sequence at the novel splice site. ",,,CLN3
Pa-cln3.165,REL02,BB_3_Munroe_1997,cln3.022,p.(Thr400*),,,juvenile,5,,USA,,,"Munroe et al., 1997",9311735,,,cln3.022,Intron 15,c.1198-1G>T,400,p.(?),substitution,splice acceptor variant,most probably affecting splicing,,Pathogenic,rs386833702,g.28477636C>A,"Munroe et al., Am J Hum Genet; 1997",9311735,,splice defect (confirmed by RT-PCR),,,CLN3
Pa-cln3.166,,L61_Munroe_1997,cln3.001,c.461-280_677+382del,,,juvenile,,,UK,,,"Munroe et al., 1997",9311735,,,cln3.001,Intron 07 - 09,c.461-280_677+382del,,p.(?),deletion,complex,see notes,,Pathogenic,rs1555468634,g.28485965_28486930del,"The International Batten Disease Consortium, 1995                                              ",7553855,,"This deletion mutation was originally believed to stretch 1.02 kb (Batten Disease Consortium, 1995). It was later shown to span 966 bp, and is also called 1kb deletion. In culture, fibroblasts from a homozygous patient express a major transcript of 521 bp and a minor transcript of 408 bp (Kitzmüller, Haines, Codlin, Cutler, & Mole, 2008). The major transcript contains exon 6 spliced to exon 9 and is thought to encode a protein containing the first 153 amino acids of CLN3 plus an additional 28 novel amino acids resulting from an out‐of‐frame RNA sequence at the novel splice site. ",,,CLN3
Pa-cln3.166,,L61_Munroe_1997,cln3.023,p.(Leu425fs),,,juvenile,,,UK,,,"Munroe et al., 1997",9311735,,,cln3.023,Exon 16,c.1272del,425,p.(Leu425fs),deletion,frameshift,,new donor splice site,likely pathogenic,rs386833707,g.28477564del,"Munroe et al., Am J Hum Genet; 1997",9311735,,,,,CLN3
Pa-cln3.167,,L1_Munroe_1997,cln3.007,p.(Val142fs),,,juvenile,,,The Netherlands,,,"Munroe et al., 1997",9311735,,,cln3.007,Exon 07,c.424del,142,p.(Val142fs),deletion,frameshift,,new acceptor splice site,pathogenic,rs386833720,g.28487493del,"Munroe et al., Am J Hum Genet; 1997; ",9311735,,described as p.Val142LeufsX39 in Kousi et al 2012 p.(Val142Leufs*39),,,CLN3
Pa-cln3.168,,182_Munroe_1997,cln3.007,p.(Val142fs),,,juvenile,,,The Netherlands,,,"Munroe et al., 1997",9311735,,,cln3.007,Exon 07,c.424del,142,p.(Val142fs),deletion,frameshift,,new acceptor splice site,pathogenic,rs386833720,g.28487493del,"Munroe et al., Am J Hum Genet; 1997; ",9311735,,described as p.Val142LeufsX39 in Kousi et al 2012 p.(Val142Leufs*39),,,CLN3
Pa-cln3.169,,183_Munroe_1997,cln3.007,p.(Val142fs),,,juvenile,,,The Netherlands,,,"Munroe et al., 1997",9311735,,,cln3.007,Exon 07,c.424del,142,p.(Val142fs),deletion,frameshift,,new acceptor splice site,pathogenic,rs386833720,g.28487493del,"Munroe et al., Am J Hum Genet; 1997; ",9311735,,described as p.Val142LeufsX39 in Kousi et al 2012 p.(Val142Leufs*39),,,CLN3
Pa-cln3.170,,177_Munroe_1997,cln3.001,c.461-280_677+382del,,,juvenile,,,USA,,,"Munroe et al., 1997",9311735,,,cln3.001,Intron 07 - 09,c.461-280_677+382del,,p.(?),deletion,complex,see notes,,Pathogenic,rs1555468634,g.28485965_28486930del,"The International Batten Disease Consortium, 1995                                              ",7553855,,"This deletion mutation was originally believed to stretch 1.02 kb (Batten Disease Consortium, 1995). It was later shown to span 966 bp, and is also called 1kb deletion. In culture, fibroblasts from a homozygous patient express a major transcript of 521 bp and a minor transcript of 408 bp (Kitzmüller, Haines, Codlin, Cutler, & Mole, 2008). The major transcript contains exon 6 spliced to exon 9 and is thought to encode a protein containing the first 153 amino acids of CLN3 plus an additional 28 novel amino acids resulting from an out‐of‐frame RNA sequence at the novel splice site. ",,,CLN3
Pa-cln3.170,,177_Munroe_1997,cln3.007,p.(Val142fs),,,juvenile,,,USA,,,"Munroe et al., 1997",9311735,,,cln3.007,Exon 07,c.424del,142,p.(Val142fs),deletion,frameshift,,new acceptor splice site,pathogenic,rs386833720,g.28487493del,"Munroe et al., Am J Hum Genet; 1997; ",9311735,,described as p.Val142LeufsX39 in Kousi et al 2012 p.(Val142Leufs*39),,,CLN3
Pa-cln3.171,,178_Munroe_1997,cln3.001,c.461-280_677+382del,,,juvenile,,,USA,,,"Munroe et al., 1997",9311735,,,cln3.001,Intron 07 - 09,c.461-280_677+382del,,p.(?),deletion,complex,see notes,,Pathogenic,rs1555468634,g.28485965_28486930del,"The International Batten Disease Consortium, 1995                                              ",7553855,,"This deletion mutation was originally believed to stretch 1.02 kb (Batten Disease Consortium, 1995). It was later shown to span 966 bp, and is also called 1kb deletion. In culture, fibroblasts from a homozygous patient express a major transcript of 521 bp and a minor transcript of 408 bp (Kitzmüller, Haines, Codlin, Cutler, & Mole, 2008). The major transcript contains exon 6 spliced to exon 9 and is thought to encode a protein containing the first 153 amino acids of CLN3 plus an additional 28 novel amino acids resulting from an out‐of‐frame RNA sequence at the novel splice site. ",,,CLN3
Pa-cln3.171,,178_Munroe_1997,cln3.007,p.(Val142fs),,,juvenile,,,USA,,,"Munroe et al., 1997",9311735,,,cln3.007,Exon 07,c.424del,142,p.(Val142fs),deletion,frameshift,,new acceptor splice site,pathogenic,rs386833720,g.28487493del,"Munroe et al., Am J Hum Genet; 1997; ",9311735,,described as p.Val142LeufsX39 in Kousi et al 2012 p.(Val142Leufs*39),,,CLN3
Pa-cln3.172,,L116_Munroe_1997,cln3.012,p.(Gly187fs),,,juvenile,,,Italy,,,"Munroe et al., 1997",9311735,,,cln3.012,Exon 09,c.558_559del,187,p.(Gly187fs),deletion,frameshift,,new donor splice site; new acceptor splice site,likely pathogenic,rs386833729,g.28486465_28486466del,"Munroe et al., Am J Hum Genet; 1997",9311735,,,,,CLN3
Pa-cln3.173,,L250_Munroe_1997,cln3.013,p.(Ala196Glyfs*40),,,juvenile,,,UK,,,"Munroe et al., 1997",9311735,,,cln3.013,Exon 09,c.586dup,196,p.(Ala196Glyfs*40),duplication,frameshift,,no significant impact on splicing signals,Likely pathogenic,rs386833735,g.28486442dup,"Munroe et al., Am J Hum Genet; 1997",9311735,,,CI972580,,CLN3
Pa-cln3.174,,L209_Munroe_1997,cln3.016,p.(His315fs),,,juvenile,,,Italy,,,"Munroe et al., 1997",9311735,,,cln3.016,Exon 13,c.944dup,315,p.(His315fs),duplication,frameshift,,new acceptor splice site,pathogenic,rs386833740,g.28482345dup,"Munroe et al., Am J Hum Genet; 1997",9311735,,c.944-945insA,,,CLN3
Pa-cln3.175,,187_Munroe_1997,cln3.016,p.(His315fs),,,juvenile,,,Italy,,,"Munroe et al., 1997",9311735,,,cln3.016,Exon 13,c.944dup,315,p.(His315fs),duplication,frameshift,,new acceptor splice site,pathogenic,rs386833740,g.28482345dup,"Munroe et al., Am J Hum Genet; 1997",9311735,,c.944-945insA,,,CLN3
Pa-cln3.176,,179_Munroe_1997,cln3.001,c.461-280_677+382del,,,juvenile,,,Iceland,,,"Munroe et al., 1997",9311735,,,cln3.001,Intron 07 - 09,c.461-280_677+382del,,p.(?),deletion,complex,see notes,,Pathogenic,rs1555468634,g.28485965_28486930del,"The International Batten Disease Consortium, 1995                                              ",7553855,,"This deletion mutation was originally believed to stretch 1.02 kb (Batten Disease Consortium, 1995). It was later shown to span 966 bp, and is also called 1kb deletion. In culture, fibroblasts from a homozygous patient express a major transcript of 521 bp and a minor transcript of 408 bp (Kitzmüller, Haines, Codlin, Cutler, & Mole, 2008). The major transcript contains exon 6 spliced to exon 9 and is thought to encode a protein containing the first 153 amino acids of CLN3 plus an additional 28 novel amino acids resulting from an out‐of‐frame RNA sequence at the novel splice site. ",,,CLN3
Pa-cln3.176,,179_Munroe_1997,cln3.016,p.(His315fs),,,juvenile,,,Iceland,,,"Munroe et al., 1997",9311735,,,cln3.016,Exon 13,c.944dup,315,p.(His315fs),duplication,frameshift,,new acceptor splice site,pathogenic,rs386833740,g.28482345dup,"Munroe et al., Am J Hum Genet; 1997",9311735,,c.944-945insA,,,CLN3
Pa-cln3.177,,180_Munroe_1997,cln3.001,c.461-280_677+382del,,,juvenile,,,USA,,,"Munroe et al., 1997",9311735,,,cln3.001,Intron 07 - 09,c.461-280_677+382del,,p.(?),deletion,complex,see notes,,Pathogenic,rs1555468634,g.28485965_28486930del,"The International Batten Disease Consortium, 1995                                              ",7553855,,"This deletion mutation was originally believed to stretch 1.02 kb (Batten Disease Consortium, 1995). It was later shown to span 966 bp, and is also called 1kb deletion. In culture, fibroblasts from a homozygous patient express a major transcript of 521 bp and a minor transcript of 408 bp (Kitzmüller, Haines, Codlin, Cutler, & Mole, 2008). The major transcript contains exon 6 spliced to exon 9 and is thought to encode a protein containing the first 153 amino acids of CLN3 plus an additional 28 novel amino acids resulting from an out‐of‐frame RNA sequence at the novel splice site. ",,,CLN3
Pa-cln3.177,,180_Munroe_1997,cln3.016,p.(His315fs),,,juvenile,,,USA,,,"Munroe et al., 1997",9311735,,,cln3.016,Exon 13,c.944dup,315,p.(His315fs),duplication,frameshift,,new acceptor splice site,pathogenic,rs386833740,g.28482345dup,"Munroe et al., Am J Hum Genet; 1997",9311735,,c.944-945insA,,,CLN3
Pa-cln3.190,,L125_Munroe_1997,cln3.001,c.461-280_677+382del,c.1211A>G,,juvenile,,,,,,"Munroe et al., 1997a, Eksandh et al., 2000",9311735,9450775,possibly as sib from PMID 10916181,cln3.001,Intron 07 - 09,c.461-280_677+382del,,p.(?),deletion,complex,see notes,,Pathogenic,rs1555468634,g.28485965_28486930del,"The International Batten Disease Consortium, 1995                                              ",7553855,,"This deletion mutation was originally believed to stretch 1.02 kb (Batten Disease Consortium, 1995). It was later shown to span 966 bp, and is also called 1kb deletion. In culture, fibroblasts from a homozygous patient express a major transcript of 521 bp and a minor transcript of 408 bp (Kitzmüller, Haines, Codlin, Cutler, & Mole, 2008). The major transcript contains exon 6 spliced to exon 9 and is thought to encode a protein containing the first 153 amino acids of CLN3 plus an additional 28 novel amino acids resulting from an out‐of‐frame RNA sequence at the novel splice site. ",,,CLN3
Pa-cln3.190,,L125_Munroe_1997,,,,,juvenile,,,,,,"Munroe et al., 1997a, Eksandh et al., 2000",9311735,9450775,possibly as sib from PMID 10916181,,,,,,,,,,,,,,,,,,,CLN3
Pa-cln3.191,,188_Munroe_1997,,,,,juvenile,,,,,,"Munroe et al., 1997",9311735,,,,,,,,,,,,,,,,,,,,,CLN3
Pa-cln3.192,REL03,1_Lauronen_1999,cln3.001,c.461-280_677+382del,,,Protracted juvenile,8,FP / CL,Finland,,,"IBDC, 1995",7553855,,,cln3.001,Intron 07 - 09,c.461-280_677+382del,,p.(?),deletion,complex,see notes,,Pathogenic,rs1555468634,g.28485965_28486930del,"The International Batten Disease Consortium, 1995                                              ",7553855,,"This deletion mutation was originally believed to stretch 1.02 kb (Batten Disease Consortium, 1995). It was later shown to span 966 bp, and is also called 1kb deletion. In culture, fibroblasts from a homozygous patient express a major transcript of 521 bp and a minor transcript of 408 bp (Kitzmüller, Haines, Codlin, Cutler, & Mole, 2008). The major transcript contains exon 6 spliced to exon 9 and is thought to encode a protein containing the first 153 amino acids of CLN3 plus an additional 28 novel amino acids resulting from an out‐of‐frame RNA sequence at the novel splice site. ",,,CLN3
Pa-cln3.192,REL03,1_Lauronen_1999,cln3.027,c.(790+1_791-1)_(1056+1_1057-1)del,,,Protracted juvenile,8,FP / CL,Finland,,,"The International Batten Disease Consortium, 1995 Lauronen et al., 1999","7553855, 9932957",,,cln3.027,Intron 10 - 14,c.(790+1_791-1)_(1056+1_1057-1)del,,p.(?),deletion,,,,,,g.28482105_2848672,"Lauronen et al., Neurology, 1999",9932957,p.(Gly264Valfs*29); D16S298 is not deleted. Exact location of deletion not determined.,"2.8-kb genomic deletion of exons 10-13: a truncated protein of 291 amino acids, 28 of which are new; 2.8 kb deletion or p.Gly264_Gln352delinsValfsX29; D16S298 not deleted. g.28482111_28482678del - Mirza co-ordinates normalised by VarVal; c.792_1056+1del; exon 11 to intron 14",,,CLN3
Pa-cln3.193,REL03,2_Lauronen_1999,cln3.001,c.461-280_677+382del,,,Protracted juvenile,6.7,FP / CL,Finland,,,"IBDC, 1995",7553855,,,cln3.001,Intron 07 - 09,c.461-280_677+382del,,p.(?),deletion,complex,see notes,,Pathogenic,rs1555468634,g.28485965_28486930del,"The International Batten Disease Consortium, 1995                                              ",7553855,,"This deletion mutation was originally believed to stretch 1.02 kb (Batten Disease Consortium, 1995). It was later shown to span 966 bp, and is also called 1kb deletion. In culture, fibroblasts from a homozygous patient express a major transcript of 521 bp and a minor transcript of 408 bp (Kitzmüller, Haines, Codlin, Cutler, & Mole, 2008). The major transcript contains exon 6 spliced to exon 9 and is thought to encode a protein containing the first 153 amino acids of CLN3 plus an additional 28 novel amino acids resulting from an out‐of‐frame RNA sequence at the novel splice site. ",,,CLN3
Pa-cln3.193,REL03,2_Lauronen_1999,cln3.027,c.(790+1_791-1)_(1056+1_1057-1)del,,,Protracted juvenile,6.7,FP / CL,Finland,,,"The International Batten Disease Consortium, 1995 Lauronen et al., 1999","7553855, 9932957",,,cln3.027,Intron 10 - 14,c.(790+1_791-1)_(1056+1_1057-1)del,,p.(?),deletion,,,,,,g.28482105_2848672,"Lauronen et al., Neurology, 1999",9932957,p.(Gly264Valfs*29); D16S298 is not deleted. Exact location of deletion not determined.,"2.8-kb genomic deletion of exons 10-13: a truncated protein of 291 amino acids, 28 of which are new; 2.8 kb deletion or p.Gly264_Gln352delinsValfsX29; D16S298 not deleted. g.28482111_28482678del - Mirza co-ordinates normalised by VarVal; c.792_1056+1del; exon 11 to intron 14",,,CLN3
Pa-cln3.194,REL03,3_Lauronen_1999,cln3.001,c.461-280_677+382del,,,Protracted juvenile,5.6,FP / CL,Finland,,,"IBDC, 1995",7553855,,,cln3.001,Intron 07 - 09,c.461-280_677+382del,,p.(?),deletion,complex,see notes,,Pathogenic,rs1555468634,g.28485965_28486930del,"The International Batten Disease Consortium, 1995                                              ",7553855,,"This deletion mutation was originally believed to stretch 1.02 kb (Batten Disease Consortium, 1995). It was later shown to span 966 bp, and is also called 1kb deletion. In culture, fibroblasts from a homozygous patient express a major transcript of 521 bp and a minor transcript of 408 bp (Kitzmüller, Haines, Codlin, Cutler, & Mole, 2008). The major transcript contains exon 6 spliced to exon 9 and is thought to encode a protein containing the first 153 amino acids of CLN3 plus an additional 28 novel amino acids resulting from an out‐of‐frame RNA sequence at the novel splice site. ",,,CLN3
Pa-cln3.194,REL03,3_Lauronen_1999,cln3.027,c.(790+1_791-1)_(1056+1_1057-1)del,,,Protracted juvenile,5.6,FP / CL,Finland,,,"The International Batten Disease Consortium, 1995 Lauronen et al., 1999","7553855, 9932957",,,cln3.027,Intron 10 - 14,c.(790+1_791-1)_(1056+1_1057-1)del,,p.(?),deletion,,,,,,g.28482105_2848672,"Lauronen et al., Neurology, 1999",9932957,p.(Gly264Valfs*29); D16S298 is not deleted. Exact location of deletion not determined.,"2.8-kb genomic deletion of exons 10-13: a truncated protein of 291 amino acids, 28 of which are new; 2.8 kb deletion or p.Gly264_Gln352delinsValfsX29; D16S298 not deleted. g.28482111_28482678del - Mirza co-ordinates normalised by VarVal; c.792_1056+1del; exon 11 to intron 14",,,CLN3
Pa-cln3.195,REL04,4_Lauronen_1999,cln3.001,c.461-280_677+382del,,,Protracted juvenile,5.5,FP / CL,Finland,,,"IBDC, 1995",7553855,,,cln3.001,Intron 07 - 09,c.461-280_677+382del,,p.(?),deletion,complex,see notes,,Pathogenic,rs1555468634,g.28485965_28486930del,"The International Batten Disease Consortium, 1995                                              ",7553855,,"This deletion mutation was originally believed to stretch 1.02 kb (Batten Disease Consortium, 1995). It was later shown to span 966 bp, and is also called 1kb deletion. In culture, fibroblasts from a homozygous patient express a major transcript of 521 bp and a minor transcript of 408 bp (Kitzmüller, Haines, Codlin, Cutler, & Mole, 2008). The major transcript contains exon 6 spliced to exon 9 and is thought to encode a protein containing the first 153 amino acids of CLN3 plus an additional 28 novel amino acids resulting from an out‐of‐frame RNA sequence at the novel splice site. ",,,CLN3
Pa-cln3.195,REL04,4_Lauronen_1999,cln3.027,c.(790+1_791-1)_(1056+1_1057-1)del,,,Protracted juvenile,5.5,FP / CL,Finland,,,"The International Batten Disease Consortium, 1995 Lauronen et al., 1999","7553855, 9932957",,,cln3.027,Intron 10 - 14,c.(790+1_791-1)_(1056+1_1057-1)del,,p.(?),deletion,,,,,,g.28482105_2848672,"Lauronen et al., Neurology, 1999",9932957,p.(Gly264Valfs*29); D16S298 is not deleted. Exact location of deletion not determined.,"2.8-kb genomic deletion of exons 10-13: a truncated protein of 291 amino acids, 28 of which are new; 2.8 kb deletion or p.Gly264_Gln352delinsValfsX29; D16S298 not deleted. g.28482111_28482678del - Mirza co-ordinates normalised by VarVal; c.792_1056+1del; exon 11 to intron 14",,,CLN3
Pa-cln3.196,REL04,5_Lauronen_1999,cln3.001,c.461-280_677+382del,,,Protracted juvenile,6,FP / CL,Finland,,,"IBDC, 1995",7553855,,,cln3.001,Intron 07 - 09,c.461-280_677+382del,,p.(?),deletion,complex,see notes,,Pathogenic,rs1555468634,g.28485965_28486930del,"The International Batten Disease Consortium, 1995                                              ",7553855,,"This deletion mutation was originally believed to stretch 1.02 kb (Batten Disease Consortium, 1995). It was later shown to span 966 bp, and is also called 1kb deletion. In culture, fibroblasts from a homozygous patient express a major transcript of 521 bp and a minor transcript of 408 bp (Kitzmüller, Haines, Codlin, Cutler, & Mole, 2008). The major transcript contains exon 6 spliced to exon 9 and is thought to encode a protein containing the first 153 amino acids of CLN3 plus an additional 28 novel amino acids resulting from an out‐of‐frame RNA sequence at the novel splice site. ",,,CLN3
Pa-cln3.196,REL04,5_Lauronen_1999,cln3.027,c.(790+1_791-1)_(1056+1_1057-1)del,,,Protracted juvenile,6,FP / CL,Finland,,,"The International Batten Disease Consortium, 1995 Lauronen et al., 1999","7553855, 9932957",,,cln3.027,Intron 10 - 14,c.(790+1_791-1)_(1056+1_1057-1)del,,p.(?),deletion,,,,,,g.28482105_2848672,"Lauronen et al., Neurology, 1999",9932957,p.(Gly264Valfs*29); D16S298 is not deleted. Exact location of deletion not determined.,"2.8-kb genomic deletion of exons 10-13: a truncated protein of 291 amino acids, 28 of which are new; 2.8 kb deletion or p.Gly264_Gln352delinsValfsX29; D16S298 not deleted. g.28482111_28482678del - Mirza co-ordinates normalised by VarVal; c.792_1056+1del; exon 11 to intron 14",,,CLN3
Pa-cln3.197,,6_Lauronen_1999,cln3.001,c.461-280_677+382del,,,Protracted juvenile,5,FP / CL,Finland,,,"IBDC, 1995",7553855,,,cln3.001,Intron 07 - 09,c.461-280_677+382del,,p.(?),deletion,complex,see notes,,Pathogenic,rs1555468634,g.28485965_28486930del,"The International Batten Disease Consortium, 1995                                              ",7553855,,"This deletion mutation was originally believed to stretch 1.02 kb (Batten Disease Consortium, 1995). It was later shown to span 966 bp, and is also called 1kb deletion. In culture, fibroblasts from a homozygous patient express a major transcript of 521 bp and a minor transcript of 408 bp (Kitzmüller, Haines, Codlin, Cutler, & Mole, 2008). The major transcript contains exon 6 spliced to exon 9 and is thought to encode a protein containing the first 153 amino acids of CLN3 plus an additional 28 novel amino acids resulting from an out‐of‐frame RNA sequence at the novel splice site. ",,,CLN3
Pa-cln3.197,,6_Lauronen_1999,cln3.027,c.(790+1_791-1)_(1056+1_1057-1)del,,,Protracted juvenile,5,FP / CL,Finland,,,"The International Batten Disease Consortium, 1995 Lauronen et al., 1999","7553855, 9932957",,,cln3.027,Intron 10 - 14,c.(790+1_791-1)_(1056+1_1057-1)del,,p.(?),deletion,,,,,,g.28482105_2848672,"Lauronen et al., Neurology, 1999",9932957,p.(Gly264Valfs*29); D16S298 is not deleted. Exact location of deletion not determined.,"2.8-kb genomic deletion of exons 10-13: a truncated protein of 291 amino acids, 28 of which are new; 2.8 kb deletion or p.Gly264_Gln352delinsValfsX29; D16S298 not deleted. g.28482111_28482678del - Mirza co-ordinates normalised by VarVal; c.792_1056+1del; exon 11 to intron 14",,,CLN3
Pa-cln3.230,REL05,1_Wisniewski_1998,cln3.001,c.461-280_677+382del,,,Protracted juvenile,5,FP / CL / GROD,,Germany / The Netherlands,,"Wisniewski et al., 1998b",9450775,,,cln3.001,Intron 07 - 09,c.461-280_677+382del,,p.(?),deletion,complex,see notes,,Pathogenic,rs1555468634,g.28485965_28486930del,"The International Batten Disease Consortium, 1995                                              ",7553855,,"This deletion mutation was originally believed to stretch 1.02 kb (Batten Disease Consortium, 1995). It was later shown to span 966 bp, and is also called 1kb deletion. In culture, fibroblasts from a homozygous patient express a major transcript of 521 bp and a minor transcript of 408 bp (Kitzmüller, Haines, Codlin, Cutler, & Mole, 2008). The major transcript contains exon 6 spliced to exon 9 and is thought to encode a protein containing the first 153 amino acids of CLN3 plus an additional 28 novel amino acids resulting from an out‐of‐frame RNA sequence at the novel splice site. ",,,CLN3
Pa-cln3.230,REL05,1_Wisniewski_1998,cln3.015,p.(Glu295Lys),,,Protracted juvenile,5,FP / CL / GROD,,Germany / The Netherlands,,"Wisniewski et al., 1998b",9450775,,,cln3.015,Exon 12,c.883G>A,295,p.(Glu295Lys),substitution,missense,Benign,Alteration of auxiliary sequences,pathogenic,rs121434286,g.28482500C>T,"Munroe et al., Am J Hum Genet; 1997",9311735,,This is not a common variant; <0.001 total (ALFA); <0.01% 1000 genomes;,,,CLN3
Pa-cln3.231,REL05,2_Wisniewski_1998,cln3.001,c.461-280_677+382del,,,Protracted juvenile,5,FP / CL / GROD,,Germany / The Netherlands,,"Wisniewski et al., 1998b",9450775,,,cln3.001,Intron 07 - 09,c.461-280_677+382del,,p.(?),deletion,complex,see notes,,Pathogenic,rs1555468634,g.28485965_28486930del,"The International Batten Disease Consortium, 1995                                              ",7553855,,"This deletion mutation was originally believed to stretch 1.02 kb (Batten Disease Consortium, 1995). It was later shown to span 966 bp, and is also called 1kb deletion. In culture, fibroblasts from a homozygous patient express a major transcript of 521 bp and a minor transcript of 408 bp (Kitzmüller, Haines, Codlin, Cutler, & Mole, 2008). The major transcript contains exon 6 spliced to exon 9 and is thought to encode a protein containing the first 153 amino acids of CLN3 plus an additional 28 novel amino acids resulting from an out‐of‐frame RNA sequence at the novel splice site. ",,,CLN3
Pa-cln3.231,REL05,2_Wisniewski_1998,cln3.015,p.(Glu295Lys),,,Protracted juvenile,5,FP / CL / GROD,,Germany / The Netherlands,,"Wisniewski et al., 1998b",9450775,,,cln3.015,Exon 12,c.883G>A,295,p.(Glu295Lys),substitution,missense,Benign,Alteration of auxiliary sequences,pathogenic,rs121434286,g.28482500C>T,"Munroe et al., Am J Hum Genet; 1997",9311735,,This is not a common variant; <0.001 total (ALFA); <0.01% 1000 genomes;,,,CLN3
Pa-cln3.232,,A_Eksandh_2000,cln3.001,c.461-280_677+382del,,,juvenile,,,Sweden,,,"Eksandh et al., 2000",10916181,,,cln3.001,Intron 07 - 09,c.461-280_677+382del,,p.(?),deletion,complex,see notes,,Pathogenic,rs1555468634,g.28485965_28486930del,"The International Batten Disease Consortium, 1995                                              ",7553855,,"This deletion mutation was originally believed to stretch 1.02 kb (Batten Disease Consortium, 1995). It was later shown to span 966 bp, and is also called 1kb deletion. In culture, fibroblasts from a homozygous patient express a major transcript of 521 bp and a minor transcript of 408 bp (Kitzmüller, Haines, Codlin, Cutler, & Mole, 2008). The major transcript contains exon 6 spliced to exon 9 and is thought to encode a protein containing the first 153 amino acids of CLN3 plus an additional 28 novel amino acids resulting from an out‐of‐frame RNA sequence at the novel splice site. ",,,CLN3
Pa-cln3.233,,B_Eksandh_2000,cln3.001,c.461-280_677+382del,,,juvenile,,,Sweden,,,"Eksandh et al., 2000",10916181,,,cln3.001,Intron 07 - 09,c.461-280_677+382del,,p.(?),deletion,complex,see notes,,Pathogenic,rs1555468634,g.28485965_28486930del,"The International Batten Disease Consortium, 1995                                              ",7553855,,"This deletion mutation was originally believed to stretch 1.02 kb (Batten Disease Consortium, 1995). It was later shown to span 966 bp, and is also called 1kb deletion. In culture, fibroblasts from a homozygous patient express a major transcript of 521 bp and a minor transcript of 408 bp (Kitzmüller, Haines, Codlin, Cutler, & Mole, 2008). The major transcript contains exon 6 spliced to exon 9 and is thought to encode a protein containing the first 153 amino acids of CLN3 plus an additional 28 novel amino acids resulting from an out‐of‐frame RNA sequence at the novel splice site. ",,,CLN3
Pa-cln3.234,,C_Eksandh_2000,cln3.001,c.461-280_677+382del,,,juvenile,,,Sweden,,,"Eksandh et al., 2000",10916181,,,cln3.001,Intron 07 - 09,c.461-280_677+382del,,p.(?),deletion,complex,see notes,,Pathogenic,rs1555468634,g.28485965_28486930del,"The International Batten Disease Consortium, 1995                                              ",7553855,,"This deletion mutation was originally believed to stretch 1.02 kb (Batten Disease Consortium, 1995). It was later shown to span 966 bp, and is also called 1kb deletion. In culture, fibroblasts from a homozygous patient express a major transcript of 521 bp and a minor transcript of 408 bp (Kitzmüller, Haines, Codlin, Cutler, & Mole, 2008). The major transcript contains exon 6 spliced to exon 9 and is thought to encode a protein containing the first 153 amino acids of CLN3 plus an additional 28 novel amino acids resulting from an out‐of‐frame RNA sequence at the novel splice site. ",,,CLN3
Pa-cln3.235,REL06,D_Eksandh_2000,cln3.001,c.461-280_677+382del,c.1211A>G,,juvenile,,,Sweden,,,"Eksandh et al., 2000",10916181,One of these may by L125_Munroe,,cln3.001,Intron 07 - 09,c.461-280_677+382del,,p.(?),deletion,complex,see notes,,Pathogenic,rs1555468634,g.28485965_28486930del,"The International Batten Disease Consortium, 1995                                              ",7553855,,"This deletion mutation was originally believed to stretch 1.02 kb (Batten Disease Consortium, 1995). It was later shown to span 966 bp, and is also called 1kb deletion. In culture, fibroblasts from a homozygous patient express a major transcript of 521 bp and a minor transcript of 408 bp (Kitzmüller, Haines, Codlin, Cutler, & Mole, 2008). The major transcript contains exon 6 spliced to exon 9 and is thought to encode a protein containing the first 153 amino acids of CLN3 plus an additional 28 novel amino acids resulting from an out‐of‐frame RNA sequence at the novel splice site. ",,,CLN3
Pa-cln3.235,REL06,D_Eksandh_2000,,,,,juvenile,,,Sweden,,,"Eksandh et al., 2000",10916181,One of these may by L125_Munroe,,,,,,,,,,,,,,,,,,,,CLN3
Pa-cln3.236,REL06,E_Eksandh_2000,cln3.001,c.461-280_677+382del,c.1211A>G,,juvenile,,,Sweden,,,"Eksandh et al., 2000",10916181,One of these may by L125_Munroe,,cln3.001,Intron 07 - 09,c.461-280_677+382del,,p.(?),deletion,complex,see notes,,Pathogenic,rs1555468634,g.28485965_28486930del,"The International Batten Disease Consortium, 1995                                              ",7553855,,"This deletion mutation was originally believed to stretch 1.02 kb (Batten Disease Consortium, 1995). It was later shown to span 966 bp, and is also called 1kb deletion. In culture, fibroblasts from a homozygous patient express a major transcript of 521 bp and a minor transcript of 408 bp (Kitzmüller, Haines, Codlin, Cutler, & Mole, 2008). The major transcript contains exon 6 spliced to exon 9 and is thought to encode a protein containing the first 153 amino acids of CLN3 plus an additional 28 novel amino acids resulting from an out‐of‐frame RNA sequence at the novel splice site. ",,,CLN3
Pa-cln3.236,REL06,E_Eksandh_2000,,,,,juvenile,,,Sweden,,,"Eksandh et al., 2000",10916181,One of these may by L125_Munroe,,,,,,,,,,,,,,,,,,,,CLN3
Pa-cln3.237,,1_Bensaoula_2000,cln3.001,c.461-280_677+382del,,,late infantile,3,,USA,,,"Bensaoula et al., 2000",10964839,,,cln3.001,Intron 07 - 09,c.461-280_677+382del,,p.(?),deletion,complex,see notes,,Pathogenic,rs1555468634,g.28485965_28486930del,"The International Batten Disease Consortium, 1995                                              ",7553855,,"This deletion mutation was originally believed to stretch 1.02 kb (Batten Disease Consortium, 1995). It was later shown to span 966 bp, and is also called 1kb deletion. In culture, fibroblasts from a homozygous patient express a major transcript of 521 bp and a minor transcript of 408 bp (Kitzmüller, Haines, Codlin, Cutler, & Mole, 2008). The major transcript contains exon 6 spliced to exon 9 and is thought to encode a protein containing the first 153 amino acids of CLN3 plus an additional 28 novel amino acids resulting from an out‐of‐frame RNA sequence at the novel splice site. ",,,CLN3
Pa-cln3.237,,1_Bensaoula_2000,cln3.007,p.(Val142fs),,,late infantile,3,,USA,,,"Bensaoula et al., 2000",10964839,,,cln3.007,Exon 07,c.424del,142,p.(Val142fs),deletion,frameshift,,new acceptor splice site,pathogenic,rs386833720,g.28487493del,"Munroe et al., Am J Hum Genet; 1997; ",9311735,,described as p.Val142LeufsX39 in Kousi et al 2012 p.(Val142Leufs*39),,,CLN3
Pa-cln3.240,REL07,3_Teixeira_2003,cln3.001,c.461-280_677+382del,,,juvenile,>5,FP / CV,Portugal,,,"Teixeira et al., 2003b",12796825,5-7 years age of onset,,cln3.001,Intron 07 - 09,c.461-280_677+382del,,p.(?),deletion,complex,see notes,,Pathogenic,rs1555468634,g.28485965_28486930del,"The International Batten Disease Consortium, 1995                                              ",7553855,,"This deletion mutation was originally believed to stretch 1.02 kb (Batten Disease Consortium, 1995). It was later shown to span 966 bp, and is also called 1kb deletion. In culture, fibroblasts from a homozygous patient express a major transcript of 521 bp and a minor transcript of 408 bp (Kitzmüller, Haines, Codlin, Cutler, & Mole, 2008). The major transcript contains exon 6 spliced to exon 9 and is thought to encode a protein containing the first 153 amino acids of CLN3 plus an additional 28 novel amino acids resulting from an out‐of‐frame RNA sequence at the novel splice site. ",,,CLN3
Pa-cln3.241,REL07,4_Teixeira_2003,cln3.001,c.461-280_677+382del,,,juvenile,>5,FP / CV,Portugal,,,"Teixeira et al., 2003b",12796825,5-7 years age of onset,,cln3.001,Intron 07 - 09,c.461-280_677+382del,,p.(?),deletion,complex,see notes,,Pathogenic,rs1555468634,g.28485965_28486930del,"The International Batten Disease Consortium, 1995                                              ",7553855,,"This deletion mutation was originally believed to stretch 1.02 kb (Batten Disease Consortium, 1995). It was later shown to span 966 bp, and is also called 1kb deletion. In culture, fibroblasts from a homozygous patient express a major transcript of 521 bp and a minor transcript of 408 bp (Kitzmüller, Haines, Codlin, Cutler, & Mole, 2008). The major transcript contains exon 6 spliced to exon 9 and is thought to encode a protein containing the first 153 amino acids of CLN3 plus an additional 28 novel amino acids resulting from an out‐of‐frame RNA sequence at the novel splice site. ",,,CLN3
Pa-cln3.242,REL08,5_Teixeira_2003,cln3.001,c.461-280_677+382del,,,juvenile,>5,FP / CV,Portugal,,,"Teixeira et al., 2003b",12796825,5-7 years age of onset,,cln3.001,Intron 07 - 09,c.461-280_677+382del,,p.(?),deletion,complex,see notes,,Pathogenic,rs1555468634,g.28485965_28486930del,"The International Batten Disease Consortium, 1995                                              ",7553855,,"This deletion mutation was originally believed to stretch 1.02 kb (Batten Disease Consortium, 1995). It was later shown to span 966 bp, and is also called 1kb deletion. In culture, fibroblasts from a homozygous patient express a major transcript of 521 bp and a minor transcript of 408 bp (Kitzmüller, Haines, Codlin, Cutler, & Mole, 2008). The major transcript contains exon 6 spliced to exon 9 and is thought to encode a protein containing the first 153 amino acids of CLN3 plus an additional 28 novel amino acids resulting from an out‐of‐frame RNA sequence at the novel splice site. ",,,CLN3
Pa-cln3.243,REL08,6_Teixeira_2003,cln3.001,c.461-280_677+382del,,,juvenile,>5,FP / CV,Portugal,,,"Teixeira et al., 2003b",12796825,5-7 years age of onset,,cln3.001,Intron 07 - 09,c.461-280_677+382del,,p.(?),deletion,complex,see notes,,Pathogenic,rs1555468634,g.28485965_28486930del,"The International Batten Disease Consortium, 1995                                              ",7553855,,"This deletion mutation was originally believed to stretch 1.02 kb (Batten Disease Consortium, 1995). It was later shown to span 966 bp, and is also called 1kb deletion. In culture, fibroblasts from a homozygous patient express a major transcript of 521 bp and a minor transcript of 408 bp (Kitzmüller, Haines, Codlin, Cutler, & Mole, 2008). The major transcript contains exon 6 spliced to exon 9 and is thought to encode a protein containing the first 153 amino acids of CLN3 plus an additional 28 novel amino acids resulting from an out‐of‐frame RNA sequence at the novel splice site. ",,,CLN3
Pa-cln3.244,,7_Teixeira_2003,cln3.001,c.461-280_677+382del,,,juvenile,>5,FP / CV,Portugal,,,"Teixeira et al., 2003b",12796825,5-7 years age of onset,,cln3.001,Intron 07 - 09,c.461-280_677+382del,,p.(?),deletion,complex,see notes,,Pathogenic,rs1555468634,g.28485965_28486930del,"The International Batten Disease Consortium, 1995                                              ",7553855,,"This deletion mutation was originally believed to stretch 1.02 kb (Batten Disease Consortium, 1995). It was later shown to span 966 bp, and is also called 1kb deletion. In culture, fibroblasts from a homozygous patient express a major transcript of 521 bp and a minor transcript of 408 bp (Kitzmüller, Haines, Codlin, Cutler, & Mole, 2008). The major transcript contains exon 6 spliced to exon 9 and is thought to encode a protein containing the first 153 amino acids of CLN3 plus an additional 28 novel amino acids resulting from an out‐of‐frame RNA sequence at the novel splice site. ",,,CLN3
Pa-cln3.245,,8_Teixeira_2003,cln3.001,c.461-280_677+382del,,,juvenile,>5,FP / CV,Portugal,,,"Teixeira et al., 2003b",12796825,5-7 years age of onset,,cln3.001,Intron 07 - 09,c.461-280_677+382del,,p.(?),deletion,complex,see notes,,Pathogenic,rs1555468634,g.28485965_28486930del,"The International Batten Disease Consortium, 1995                                              ",7553855,,"This deletion mutation was originally believed to stretch 1.02 kb (Batten Disease Consortium, 1995). It was later shown to span 966 bp, and is also called 1kb deletion. In culture, fibroblasts from a homozygous patient express a major transcript of 521 bp and a minor transcript of 408 bp (Kitzmüller, Haines, Codlin, Cutler, & Mole, 2008). The major transcript contains exon 6 spliced to exon 9 and is thought to encode a protein containing the first 153 amino acids of CLN3 plus an additional 28 novel amino acids resulting from an out‐of‐frame RNA sequence at the novel splice site. ",,,CLN3
Pa-cln3.246,,9_Teixeira_2003,cln3.001,c.461-280_677+382del,,,juvenile,>5,FP / CV,Portugal,,,"Teixeira et al., 2003b",12796825,5-7 years age of onset,,cln3.001,Intron 07 - 09,c.461-280_677+382del,,p.(?),deletion,complex,see notes,,Pathogenic,rs1555468634,g.28485965_28486930del,"The International Batten Disease Consortium, 1995                                              ",7553855,,"This deletion mutation was originally believed to stretch 1.02 kb (Batten Disease Consortium, 1995). It was later shown to span 966 bp, and is also called 1kb deletion. In culture, fibroblasts from a homozygous patient express a major transcript of 521 bp and a minor transcript of 408 bp (Kitzmüller, Haines, Codlin, Cutler, & Mole, 2008). The major transcript contains exon 6 spliced to exon 9 and is thought to encode a protein containing the first 153 amino acids of CLN3 plus an additional 28 novel amino acids resulting from an out‐of‐frame RNA sequence at the novel splice site. ",,,CLN3
Pa-cln3.247,,10_Teixeira_2003,cln3.001,c.461-280_677+382del,,,juvenile,>5,FP / CV,Portugal,,,"Teixeira et al., 2003b",12796825,5-7 years age of onset,,cln3.001,Intron 07 - 09,c.461-280_677+382del,,p.(?),deletion,complex,see notes,,Pathogenic,rs1555468634,g.28485965_28486930del,"The International Batten Disease Consortium, 1995                                              ",7553855,,"This deletion mutation was originally believed to stretch 1.02 kb (Batten Disease Consortium, 1995). It was later shown to span 966 bp, and is also called 1kb deletion. In culture, fibroblasts from a homozygous patient express a major transcript of 521 bp and a minor transcript of 408 bp (Kitzmüller, Haines, Codlin, Cutler, & Mole, 2008). The major transcript contains exon 6 spliced to exon 9 and is thought to encode a protein containing the first 153 amino acids of CLN3 plus an additional 28 novel amino acids resulting from an out‐of‐frame RNA sequence at the novel splice site. ",,,CLN3
Pa-cln3.248,,11_Teixeira_2003,cln3.001,c.461-280_677+382del,,,juvenile,>5,FP / CV,Portugal,,,"Teixeira et al., 2003b",12796825,5-7 years age of onset,,cln3.001,Intron 07 - 09,c.461-280_677+382del,,p.(?),deletion,complex,see notes,,Pathogenic,rs1555468634,g.28485965_28486930del,"The International Batten Disease Consortium, 1995                                              ",7553855,,"This deletion mutation was originally believed to stretch 1.02 kb (Batten Disease Consortium, 1995). It was later shown to span 966 bp, and is also called 1kb deletion. In culture, fibroblasts from a homozygous patient express a major transcript of 521 bp and a minor transcript of 408 bp (Kitzmüller, Haines, Codlin, Cutler, & Mole, 2008). The major transcript contains exon 6 spliced to exon 9 and is thought to encode a protein containing the first 153 amino acids of CLN3 plus an additional 28 novel amino acids resulting from an out‐of‐frame RNA sequence at the novel splice site. ",,,CLN3
Pa-cln3.248,,11_Teixeira_2003,,,,,juvenile,>5,FP / CV,Portugal,,,"Teixeira et al., 2003b",12796825,5-7 years age of onset,,,,,,,,,,,,,,,,,,,,CLN3
Pa-cln3.249,REL09,12_Teixeira_2003,cln3.001,c.461-280_677+382del,,,juvenile,>5,FP / CV,Portugal,,,"Teixeira et al., 2003b",12796825,5-7 years age of onset,,cln3.001,Intron 07 - 09,c.461-280_677+382del,,p.(?),deletion,complex,see notes,,Pathogenic,rs1555468634,g.28485965_28486930del,"The International Batten Disease Consortium, 1995                                              ",7553855,,"This deletion mutation was originally believed to stretch 1.02 kb (Batten Disease Consortium, 1995). It was later shown to span 966 bp, and is also called 1kb deletion. In culture, fibroblasts from a homozygous patient express a major transcript of 521 bp and a minor transcript of 408 bp (Kitzmüller, Haines, Codlin, Cutler, & Mole, 2008). The major transcript contains exon 6 spliced to exon 9 and is thought to encode a protein containing the first 153 amino acids of CLN3 plus an additional 28 novel amino acids resulting from an out‐of‐frame RNA sequence at the novel splice site. ",,,CLN3
Pa-cln3.249,REL09,12_Teixeira_2003,cln3.049,p.(Gly190fs),,,juvenile,>5,FP / CV,Portugal,,,"Teixeira et al., 2003b",12796825,5-7 years age of onset,,cln3.049,Exon 09,c.569del,190,p.(Gly190fs),deletion,frameshift,,new donor splice site; new acceptor splice site,likely pathogenic,rs386833732,g.28486459del,"Bessa et al., Mol Genet Metab, 2006",16814585,,previously described as c.568delG,,,CLN3
Pa-cln3.250,REL09,13_Teixeira_2003,cln3.001,c.461-280_677+382del,,,juvenile,>5,FP / CV,Portugal,,,"Teixeira et al., 2003b",12796825,5-7 years age of onset,,cln3.001,Intron 07 - 09,c.461-280_677+382del,,p.(?),deletion,complex,see notes,,Pathogenic,rs1555468634,g.28485965_28486930del,"The International Batten Disease Consortium, 1995                                              ",7553855,,"This deletion mutation was originally believed to stretch 1.02 kb (Batten Disease Consortium, 1995). It was later shown to span 966 bp, and is also called 1kb deletion. In culture, fibroblasts from a homozygous patient express a major transcript of 521 bp and a minor transcript of 408 bp (Kitzmüller, Haines, Codlin, Cutler, & Mole, 2008). The major transcript contains exon 6 spliced to exon 9 and is thought to encode a protein containing the first 153 amino acids of CLN3 plus an additional 28 novel amino acids resulting from an out‐of‐frame RNA sequence at the novel splice site. ",,,CLN3
Pa-cln3.250,REL09,13_Teixeira_2003,cln3.049,p.(Gly190fs),,,juvenile,>5,FP / CV,Portugal,,,"Teixeira et al., 2003b",12796825,5-7 years age of onset,,cln3.049,Exon 09,c.569del,190,p.(Gly190fs),deletion,frameshift,,new donor splice site; new acceptor splice site,likely pathogenic,rs386833732,g.28486459del,"Bessa et al., Mol Genet Metab, 2006",16814585,,previously described as c.568delG,,,CLN3
Pa-cln3.251,,1_de los Reyes_2004,cln3.001,c.461-280_677+382del,,,infantile,0.4,no inclusions,USA,,,"de los Reyes et al., 2004",15032383,,,cln3.001,Intron 07 - 09,c.461-280_677+382del,,p.(?),deletion,complex,see notes,,Pathogenic,rs1555468634,g.28485965_28486930del,"The International Batten Disease Consortium, 1995                                              ",7553855,,"This deletion mutation was originally believed to stretch 1.02 kb (Batten Disease Consortium, 1995). It was later shown to span 966 bp, and is also called 1kb deletion. In culture, fibroblasts from a homozygous patient express a major transcript of 521 bp and a minor transcript of 408 bp (Kitzmüller, Haines, Codlin, Cutler, & Mole, 2008). The major transcript contains exon 6 spliced to exon 9 and is thought to encode a protein containing the first 153 amino acids of CLN3 plus an additional 28 novel amino acids resulting from an out‐of‐frame RNA sequence at the novel splice site. ",,,CLN3
Pa-cln3.251,,1_de los Reyes_2004,,,,,infantile,0.4,no inclusions,USA,,,"de los Reyes et al., 2004",15032383,,,,,,,,,,,,,,,,,,,,,CLN3
Pa-cln3.252,,1_Leman_2005,cln3.001,c.461-280_677+382del,,,juvenile,,,USA,,,"Leman et al., 2005",15991331,,,cln3.001,Intron 07 - 09,c.461-280_677+382del,,p.(?),deletion,complex,see notes,,Pathogenic,rs1555468634,g.28485965_28486930del,"The International Batten Disease Consortium, 1995                                              ",7553855,,"This deletion mutation was originally believed to stretch 1.02 kb (Batten Disease Consortium, 1995). It was later shown to span 966 bp, and is also called 1kb deletion. In culture, fibroblasts from a homozygous patient express a major transcript of 521 bp and a minor transcript of 408 bp (Kitzmüller, Haines, Codlin, Cutler, & Mole, 2008). The major transcript contains exon 6 spliced to exon 9 and is thought to encode a protein containing the first 153 amino acids of CLN3 plus an additional 28 novel amino acids resulting from an out‐of‐frame RNA sequence at the novel splice site. ",,,CLN3
Pa-cln3.252,,1_Leman_2005,cln3.021,p.(Gln352*),,,juvenile,,,USA,,,"Leman et al., 2005",15991331,,,cln3.021,Exon 14,c.1054C>T,352,p.(Gln352*),substitution,nonsense,,Alteration of auxiliary sequences; broken WT donor site; new donor splice site,Pathogenic,rs386833697,g.28482107G>A,"Munroe et al., Am J Hum Genet; 1997",9311735,,Gomes-Giro et al. 2019 show that this mutation causes a novel splicing variant PMID: 31888773 ,,,CLN3
Pa-cln3.253,,1_Kwon_2005,cln3.001,c.461-280_677+382del,,,juvenile,5,,USA,,,"Kwon et al., 2005",16087292,,,cln3.001,Intron 07 - 09,c.461-280_677+382del,,p.(?),deletion,complex,see notes,,Pathogenic,rs1555468634,g.28485965_28486930del,"The International Batten Disease Consortium, 1995                                              ",7553855,,"This deletion mutation was originally believed to stretch 1.02 kb (Batten Disease Consortium, 1995). It was later shown to span 966 bp, and is also called 1kb deletion. In culture, fibroblasts from a homozygous patient express a major transcript of 521 bp and a minor transcript of 408 bp (Kitzmüller, Haines, Codlin, Cutler, & Mole, 2008). The major transcript contains exon 6 spliced to exon 9 and is thought to encode a protein containing the first 153 amino acids of CLN3 plus an additional 28 novel amino acids resulting from an out‐of‐frame RNA sequence at the novel splice site. ",,,CLN3
Pa-cln3.253,,1_Kwon_2005,cln3.044,p.(Glu17*),,,juvenile,5,,USA,,,"Kwon et al., 2005",16087292,,,cln3.044,Exon 03,c.49G>T,17,p.(Glu17*),substitution,nonsense,,Alteration of auxiliary sequences; new donor splice site; new acceptor splice site,likely pathogenic,rs386833726,g.28491558C>A,"Kwon et al., Neurosci Lett., 2005",16087292,,,HM040128,,CLN3
Pa-cln3.254,REL10,CLN3_1_Moore_2008,cln3.001,c.461-280_677+382del,,,juvenile,6.7,CL,Canada,Newfoundland,,"Moore et al., 2008",18684116,,,cln3.001,Intron 07 - 09,c.461-280_677+382del,,p.(?),deletion,complex,see notes,,Pathogenic,rs1555468634,g.28485965_28486930del,"The International Batten Disease Consortium, 1995                                              ",7553855,,"This deletion mutation was originally believed to stretch 1.02 kb (Batten Disease Consortium, 1995). It was later shown to span 966 bp, and is also called 1kb deletion. In culture, fibroblasts from a homozygous patient express a major transcript of 521 bp and a minor transcript of 408 bp (Kitzmüller, Haines, Codlin, Cutler, & Mole, 2008). The major transcript contains exon 6 spliced to exon 9 and is thought to encode a protein containing the first 153 amino acids of CLN3 plus an additional 28 novel amino acids resulting from an out‐of‐frame RNA sequence at the novel splice site. ",,,CLN3
Pa-cln3.255,REL10,CLN3_2_Moore_2008,cln3.001,c.461-280_677+382del,,,juvenile,6.7,FP / CV,Canada,Newfoundland,,"Moore et al., 2008",18684116,,,cln3.001,Intron 07 - 09,c.461-280_677+382del,,p.(?),deletion,complex,see notes,,Pathogenic,rs1555468634,g.28485965_28486930del,"The International Batten Disease Consortium, 1995                                              ",7553855,,"This deletion mutation was originally believed to stretch 1.02 kb (Batten Disease Consortium, 1995). It was later shown to span 966 bp, and is also called 1kb deletion. In culture, fibroblasts from a homozygous patient express a major transcript of 521 bp and a minor transcript of 408 bp (Kitzmüller, Haines, Codlin, Cutler, & Mole, 2008). The major transcript contains exon 6 spliced to exon 9 and is thought to encode a protein containing the first 153 amino acids of CLN3 plus an additional 28 novel amino acids resulting from an out‐of‐frame RNA sequence at the novel splice site. ",,,CLN3
Pa-cln3.256,REL10,CLN3_3_Moore_2008,cln3.001,c.461-280_677+382del,,,juvenile,6.7,FP / CV / RL,Canada,Newfoundland,,"Moore et al., 2008",18684116,,,cln3.001,Intron 07 - 09,c.461-280_677+382del,,p.(?),deletion,complex,see notes,,Pathogenic,rs1555468634,g.28485965_28486930del,"The International Batten Disease Consortium, 1995                                              ",7553855,,"This deletion mutation was originally believed to stretch 1.02 kb (Batten Disease Consortium, 1995). It was later shown to span 966 bp, and is also called 1kb deletion. In culture, fibroblasts from a homozygous patient express a major transcript of 521 bp and a minor transcript of 408 bp (Kitzmüller, Haines, Codlin, Cutler, & Mole, 2008). The major transcript contains exon 6 spliced to exon 9 and is thought to encode a protein containing the first 153 amino acids of CLN3 plus an additional 28 novel amino acids resulting from an out‐of‐frame RNA sequence at the novel splice site. ",,,CLN3
Pa-cln3.257,REL11,A.II:7_Sarpong_2009,cln3.029,p.(Tyr199*),,,Protracted juvenile,6,FP,Lebanon,,,"Sarpong et al., 2009",19489875,,,cln3.029,Exon 09,c.597C>A,199,p.(Tyr199*),substitution,nonsense,,no significant impact on splicing signals,pathogenic / likely pathogenic,rs267606737,g.28486427G>T,"Sarpong et al., Clin Genet, 2009",19489875,,,,,CLN3
Pa-cln3.258,REL11,A.II:8_Sarpong_2009,cln3.029,p.(Tyr199*),,,Protracted juvenile,7,FP,Lebanon,,,"Sarpong et al., 2009",19489875,,,cln3.029,Exon 09,c.597C>A,199,p.(Tyr199*),substitution,nonsense,,no significant impact on splicing signals,pathogenic / likely pathogenic,rs267606737,g.28486427G>T,"Sarpong et al., Clin Genet, 2009",19489875,,,,,CLN3
Pa-cln3.259,REL11,A.II:9_Sarpong_2009,cln3.029,p.(Tyr199*),,,Protracted juvenile,6,FP,Lebanon,,,"Sarpong et al., 2009",19489875,,,cln3.029,Exon 09,c.597C>A,199,p.(Tyr199*),substitution,nonsense,,no significant impact on splicing signals,pathogenic / likely pathogenic,rs267606737,g.28486427G>T,"Sarpong et al., Clin Genet, 2009",19489875,,,,,CLN3
Pa-cln3.260,REL11,A.II:10_Sarpong_2009,cln3.029,p.(Tyr199*),,,Protracted juvenile,6,FP,Lebanon,,,"Sarpong et al., 2009",19489875,,,cln3.029,Exon 09,c.597C>A,199,p.(Tyr199*),substitution,nonsense,,no significant impact on splicing signals,pathogenic / likely pathogenic,rs267606737,g.28486427G>T,"Sarpong et al., Clin Genet, 2009",19489875,,,,,CLN3
Pa-cln3.261,REL11,A.II:11_Sarpong_2009,cln3.029,p.(Tyr199*),,,Protracted juvenile,9,FP,Lebanon,,,"Sarpong et al., 2009",19489875,,,cln3.029,Exon 09,c.597C>A,199,p.(Tyr199*),substitution,nonsense,,no significant impact on splicing signals,pathogenic / likely pathogenic,rs267606737,g.28486427G>T,"Sarpong et al., Clin Genet, 2009",19489875,,,,,CLN3
Pa-cln3.262,,7a_Pérez-Poyato_2011,cln3.001,c.461-280_677+382del,,,juvenile,6,,Spain,,,"Pérez-Poyato et al., 2011",21499717,,,cln3.001,Intron 07 - 09,c.461-280_677+382del,,p.(?),deletion,complex,see notes,,Pathogenic,rs1555468634,g.28485965_28486930del,"The International Batten Disease Consortium, 1995                                              ",7553855,,"This deletion mutation was originally believed to stretch 1.02 kb (Batten Disease Consortium, 1995). It was later shown to span 966 bp, and is also called 1kb deletion. In culture, fibroblasts from a homozygous patient express a major transcript of 521 bp and a minor transcript of 408 bp (Kitzmüller, Haines, Codlin, Cutler, & Mole, 2008). The major transcript contains exon 6 spliced to exon 9 and is thought to encode a protein containing the first 153 amino acids of CLN3 plus an additional 28 novel amino acids resulting from an out‐of‐frame RNA sequence at the novel splice site. ",,,CLN3
Pa-cln3.262,,7a_Pérez-Poyato_2011,cln3.064,p.(Ser125Asn) ,,,juvenile,6,,Spain,,,"Pérez-Poyato et al., 2011",21499717,,,cln3.064,Exon 06,c.374G>A,125,p.(Ser125Asn) ,substitution,missense,benign,splice donor variant; most probably affecting splicing,uncertain significance, rs386833716,g.28487662C>T,"Pérez-Poyato et al., J Inherit Metab Dis 2011",21499717,p.Ser125Asn / splice-site affecting,,,,CLN3
Pa-cln3.263,,7b_Pérez-Poyato_2011,cln3.001,c.461-280_677+382del,,,juvenile,6,,Spain,,,"Pérez-Poyato et al., 2011",21499717,,,cln3.001,Intron 07 - 09,c.461-280_677+382del,,p.(?),deletion,complex,see notes,,Pathogenic,rs1555468634,g.28485965_28486930del,"The International Batten Disease Consortium, 1995                                              ",7553855,,"This deletion mutation was originally believed to stretch 1.02 kb (Batten Disease Consortium, 1995). It was later shown to span 966 bp, and is also called 1kb deletion. In culture, fibroblasts from a homozygous patient express a major transcript of 521 bp and a minor transcript of 408 bp (Kitzmüller, Haines, Codlin, Cutler, & Mole, 2008). The major transcript contains exon 6 spliced to exon 9 and is thought to encode a protein containing the first 153 amino acids of CLN3 plus an additional 28 novel amino acids resulting from an out‐of‐frame RNA sequence at the novel splice site. ",,,CLN3
Pa-cln3.263,,7b_Pérez-Poyato_2011,cln3.064,p.(Ser125Asn) ,,,juvenile,6,,Spain,,,"Pérez-Poyato et al., 2011",21499717,,,cln3.064,Exon 06,c.374G>A,125,p.(Ser125Asn) ,substitution,missense,benign,splice donor variant; most probably affecting splicing,uncertain significance, rs386833716,g.28487662C>T,"Pérez-Poyato et al., J Inherit Metab Dis 2011",21499717,p.Ser125Asn / splice-site affecting,,,,CLN3
Pa-cln3.264,,9_Pérez-Poyato_2011,cln3.001,c.461-280_677+382del,,,juvenile,5,,Spain,,,"Pérez-Poyato et al., 2011",21499717,,,cln3.001,Intron 07 - 09,c.461-280_677+382del,,p.(?),deletion,complex,see notes,,Pathogenic,rs1555468634,g.28485965_28486930del,"The International Batten Disease Consortium, 1995                                              ",7553855,,"This deletion mutation was originally believed to stretch 1.02 kb (Batten Disease Consortium, 1995). It was later shown to span 966 bp, and is also called 1kb deletion. In culture, fibroblasts from a homozygous patient express a major transcript of 521 bp and a minor transcript of 408 bp (Kitzmüller, Haines, Codlin, Cutler, & Mole, 2008). The major transcript contains exon 6 spliced to exon 9 and is thought to encode a protein containing the first 153 amino acids of CLN3 plus an additional 28 novel amino acids resulting from an out‐of‐frame RNA sequence at the novel splice site. ",,,CLN3
Pa-cln3.265,,10_Pérez-Poyato_2011,cln3.001,c.461-280_677+382del,,,juvenile,7,,Spain,,,"Pérez-Poyato et al., 2011",21499717,,,cln3.001,Intron 07 - 09,c.461-280_677+382del,,p.(?),deletion,complex,see notes,,Pathogenic,rs1555468634,g.28485965_28486930del,"The International Batten Disease Consortium, 1995                                              ",7553855,,"This deletion mutation was originally believed to stretch 1.02 kb (Batten Disease Consortium, 1995). It was later shown to span 966 bp, and is also called 1kb deletion. In culture, fibroblasts from a homozygous patient express a major transcript of 521 bp and a minor transcript of 408 bp (Kitzmüller, Haines, Codlin, Cutler, & Mole, 2008). The major transcript contains exon 6 spliced to exon 9 and is thought to encode a protein containing the first 153 amino acids of CLN3 plus an additional 28 novel amino acids resulting from an out‐of‐frame RNA sequence at the novel splice site. ",,,CLN3
Pa-cln3.266,,11_Pérez-Poyato_2011,cln3.025,p.(Ser208Phefs*28),,,late infantile,2,FP,Spain,,,"Pérez-Poyato et al., 2011",21499717,,,cln3.025,Exon 09,c.622dup,208,p.(Ser208Phefs*28),duplication,frameshift,,activation of cryptic acceptor site,Pathogenic,rs386833736,g.28486402dup,"Pérez-Poyato et al., J Inherit Metab Dis 2011",21499717,,,,,CLN3
Pa-cln3.267,,12_Pérez-Poyato_2011,cln3.001,c.461-280_677+382del,,,late infantile,4,FP / CV,Spain,,,"Pérez-Poyato et al., 2011",21499717,,,cln3.001,Intron 07 - 09,c.461-280_677+382del,,p.(?),deletion,complex,see notes,,Pathogenic,rs1555468634,g.28485965_28486930del,"The International Batten Disease Consortium, 1995                                              ",7553855,,"This deletion mutation was originally believed to stretch 1.02 kb (Batten Disease Consortium, 1995). It was later shown to span 966 bp, and is also called 1kb deletion. In culture, fibroblasts from a homozygous patient express a major transcript of 521 bp and a minor transcript of 408 bp (Kitzmüller, Haines, Codlin, Cutler, & Mole, 2008). The major transcript contains exon 6 spliced to exon 9 and is thought to encode a protein containing the first 153 amino acids of CLN3 plus an additional 28 novel amino acids resulting from an out‐of‐frame RNA sequence at the novel splice site. ",,,CLN3
Pa-cln3.267,,12_Pérez-Poyato_2011,,,,,late infantile,4,FP / CV,Spain,,,"Pérez-Poyato et al., 2011",21499717,,,,,,,,,,,,,,,,,,,,,CLN3
Pa-cln3.268,,13_Pérez-Poyato_2011,cln3.001,c.461-280_677+382del,,,juvenile,5,,Spain,,,"Pérez-Poyato et al., 2011",21499717,,,cln3.001,Intron 07 - 09,c.461-280_677+382del,,p.(?),deletion,complex,see notes,,Pathogenic,rs1555468634,g.28485965_28486930del,"The International Batten Disease Consortium, 1995                                              ",7553855,,"This deletion mutation was originally believed to stretch 1.02 kb (Batten Disease Consortium, 1995). It was later shown to span 966 bp, and is also called 1kb deletion. In culture, fibroblasts from a homozygous patient express a major transcript of 521 bp and a minor transcript of 408 bp (Kitzmüller, Haines, Codlin, Cutler, & Mole, 2008). The major transcript contains exon 6 spliced to exon 9 and is thought to encode a protein containing the first 153 amino acids of CLN3 plus an additional 28 novel amino acids resulting from an out‐of‐frame RNA sequence at the novel splice site. ",,,CLN3
Pa-cln3.269,,14_Pérez-Poyato_2011,cln3.001,c.461-280_677+382del,,,juvenile,7,FP / CV,Spain,,,"Pérez-Poyato et al., 2011",21499717,,,cln3.001,Intron 07 - 09,c.461-280_677+382del,,p.(?),deletion,complex,see notes,,Pathogenic,rs1555468634,g.28485965_28486930del,"The International Batten Disease Consortium, 1995                                              ",7553855,,"This deletion mutation was originally believed to stretch 1.02 kb (Batten Disease Consortium, 1995). It was later shown to span 966 bp, and is also called 1kb deletion. In culture, fibroblasts from a homozygous patient express a major transcript of 521 bp and a minor transcript of 408 bp (Kitzmüller, Haines, Codlin, Cutler, & Mole, 2008). The major transcript contains exon 6 spliced to exon 9 and is thought to encode a protein containing the first 153 amino acids of CLN3 plus an additional 28 novel amino acids resulting from an out‐of‐frame RNA sequence at the novel splice site. ",,,CLN3
Pa-cln3.270,,15_Pérez-Poyato_2011,cln3.025,p.(Ser208Phefs*28),,,late infantile,2,FP / GROD,Spain,,,"Pérez-Poyato et al., 2011",21499717,,,cln3.025,Exon 09,c.622dup,208,p.(Ser208Phefs*28),duplication,frameshift,,activation of cryptic acceptor site,Pathogenic,rs386833736,g.28486402dup,"Pérez-Poyato et al., J Inherit Metab Dis 2011",21499717,,,,,CLN3
Pa-cln3.270,,15_Pérez-Poyato_2011,cln3.063,p.(Gly192Glu),,,late infantile,2,FP / GROD,Spain,,,"Pérez-Poyato et al., 2011",21499717,,,cln3.063,Exon 09,c.575G>A,192,p.(Gly192Glu),substitution,missense,Probably damaging,no significant impact on splicing signals,uncertain significance,rs386833733,g.28486449C>T,"Pérez-Poyato et al., J Inherit Metab Dis 2011",21499717,,,,,CLN3
Pa-cln3.271,,16_Pérez-Poyato_2011,cln3.062,p.(Arg89*),,,juvenile,8,,Spain,,,"Pérez-Poyato et al., 2011",21499717,,,cln3.062,Exon 05,c.265C>T,89,p.(Arg89*),substitution,nonsense,,Alteration of auxiliary sequences,pathogenic / likely pathogenic,rs386833713,g.28488620G>A,"Pérez-Poyato et al., J Inherit Metab Dis 2011",21499717,,,,,CLN3
Pa-cln3.272,,17_Pérez-Poyato_2011,cln3.001,c.461-280_677+382del,,,juvenile,6,,Spain,,,"Pérez-Poyato et al., 2011",21499717,,,cln3.001,Intron 07 - 09,c.461-280_677+382del,,p.(?),deletion,complex,see notes,,Pathogenic,rs1555468634,g.28485965_28486930del,"The International Batten Disease Consortium, 1995                                              ",7553855,,"This deletion mutation was originally believed to stretch 1.02 kb (Batten Disease Consortium, 1995). It was later shown to span 966 bp, and is also called 1kb deletion. In culture, fibroblasts from a homozygous patient express a major transcript of 521 bp and a minor transcript of 408 bp (Kitzmüller, Haines, Codlin, Cutler, & Mole, 2008). The major transcript contains exon 6 spliced to exon 9 and is thought to encode a protein containing the first 153 amino acids of CLN3 plus an additional 28 novel amino acids resulting from an out‐of‐frame RNA sequence at the novel splice site. ",,,CLN3
Pa-cln3.273,,18_Pérez-Poyato_2011,cln3.020,p.(Arg334His),,,juvenile,6,,Spain,,,"Pérez-Poyato et al., 2011",21499717,,,cln3.020,Exon 14,c.1001G>A,334,p.(Arg334His),substitution,missense,Probably damaging,no significant impact on splicing signals,pathogenic / likely pathogenic,rs386833695,g.28482160C>T,"Munroe et al., Am J Hum Genet; 1997",9311735,,,,,CLN3
Pa-cln3.273,,18_Pérez-Poyato_2011,cln3.037,p.(Tyr124fs),,,juvenile,6,,Spain,,,"Pérez-Poyato et al., 2011",21499717,,,cln3.037,Exon 06,c.370dup,124,p.(Tyr124fs),duplication,frameshift,,activation of cryptic acceptor site,likely pathogenic,rs386833715,g.28487666dup,"Pérez-Poyato et al., J Inherit Metab Dis 2011",21499717,,p.(Tyr124Leufs*36),,,CLN3
Pa-cln3.274,,6GCH_Kousi_2012_novel,cln3.001,c.461-280_677+382del,,,teenage,16,FPs,Brazil,,,"Kousi et al., 2012",21990111,,,cln3.001,Intron 07 - 09,c.461-280_677+382del,,p.(?),deletion,complex,see notes,,Pathogenic,rs1555468634,g.28485965_28486930del,"The International Batten Disease Consortium, 1995                                              ",7553855,,"This deletion mutation was originally believed to stretch 1.02 kb (Batten Disease Consortium, 1995). It was later shown to span 966 bp, and is also called 1kb deletion. In culture, fibroblasts from a homozygous patient express a major transcript of 521 bp and a minor transcript of 408 bp (Kitzmüller, Haines, Codlin, Cutler, & Mole, 2008). The major transcript contains exon 6 spliced to exon 9 and is thought to encode a protein containing the first 153 amino acids of CLN3 plus an additional 28 novel amino acids resulting from an out‐of‐frame RNA sequence at the novel splice site. ",,,CLN3
Pa-cln3.275,,17BH_Kousi_2012_novel,cln3.001,c.461-280_677+382del,,,adult,19,CB,Argentina,,,"Kousi et al., 2012",21990111,,,cln3.001,Intron 07 - 09,c.461-280_677+382del,,p.(?),deletion,complex,see notes,,Pathogenic,rs1555468634,g.28485965_28486930del,"The International Batten Disease Consortium, 1995                                              ",7553855,,"This deletion mutation was originally believed to stretch 1.02 kb (Batten Disease Consortium, 1995). It was later shown to span 966 bp, and is also called 1kb deletion. In culture, fibroblasts from a homozygous patient express a major transcript of 521 bp and a minor transcript of 408 bp (Kitzmüller, Haines, Codlin, Cutler, & Mole, 2008). The major transcript contains exon 6 spliced to exon 9 and is thought to encode a protein containing the first 153 amino acids of CLN3 plus an additional 28 novel amino acids resulting from an out‐of‐frame RNA sequence at the novel splice site. ",,,CLN3
Pa-cln3.276,,17BF_Kousi_2012_novel,cln3.001,c.461-280_677+382del,,,teenage,14,CB,Argentina,,,"Kousi et al., 2012",21990111,,,cln3.001,Intron 07 - 09,c.461-280_677+382del,,p.(?),deletion,complex,see notes,,Pathogenic,rs1555468634,g.28485965_28486930del,"The International Batten Disease Consortium, 1995                                              ",7553855,,"This deletion mutation was originally believed to stretch 1.02 kb (Batten Disease Consortium, 1995). It was later shown to span 966 bp, and is also called 1kb deletion. In culture, fibroblasts from a homozygous patient express a major transcript of 521 bp and a minor transcript of 408 bp (Kitzmüller, Haines, Codlin, Cutler, & Mole, 2008). The major transcript contains exon 6 spliced to exon 9 and is thought to encode a protein containing the first 153 amino acids of CLN3 plus an additional 28 novel amino acids resulting from an out‐of‐frame RNA sequence at the novel splice site. ",,,CLN3
Pa-cln3.277,,128SL_Kousi_2012_novel,cln3.001,c.461-280_677+382del,,,adult,22,CB / FP,Argentina,,,"Kousi et al., 2012",21990111,,,cln3.001,Intron 07 - 09,c.461-280_677+382del,,p.(?),deletion,complex,see notes,,Pathogenic,rs1555468634,g.28485965_28486930del,"The International Batten Disease Consortium, 1995                                              ",7553855,,"This deletion mutation was originally believed to stretch 1.02 kb (Batten Disease Consortium, 1995). It was later shown to span 966 bp, and is also called 1kb deletion. In culture, fibroblasts from a homozygous patient express a major transcript of 521 bp and a minor transcript of 408 bp (Kitzmüller, Haines, Codlin, Cutler, & Mole, 2008). The major transcript contains exon 6 spliced to exon 9 and is thought to encode a protein containing the first 153 amino acids of CLN3 plus an additional 28 novel amino acids resulting from an out‐of‐frame RNA sequence at the novel splice site. ",,,CLN3
Pa-cln3.277,,128SL_Kousi_2012_novel,cln3.019,p.(Arg334Cys),,,adult,22,CB / FP,Argentina,,,"Kousi et al., 2012",21990111,,,cln3.019,Exon 14,c.1000C>T,334,p.(Arg334Cys),substitution,missense,Probably damaging,no significant impact on splicing signals,pathogenic / likely pathogenic,rs386833694,g.28482161G>A,"Munroe et al., Am J Hum Genet; 1997",9311735,,,,,CLN3
Pa-cln3.278,,BAR6_Kousi_2012_novel,cln3.025,p.(Ser208Phefs*28),,,,,,Spain,,,"Kousi et al., 2012",21990111,,,cln3.025,Exon 09,c.622dup,208,p.(Ser208Phefs*28),duplication,frameshift,,activation of cryptic acceptor site,Pathogenic,rs386833736,g.28486402dup,"Pérez-Poyato et al., J Inherit Metab Dis 2011",21499717,,,,,CLN3
Pa-cln3.278,,BAR6_Kousi_2012_novel,cln3.031,p.(Gly187Ala),,,,,,Spain,,,"Kousi et al., 2012",21990111,,,cln3.031,Exon 09,c.560G>C,187,p.(Gly187Ala),substitution,missense,Probably damaging,no significant impact on splicing signals,probable pathogenic,rs386833730,g.28486464C>G,"Kousi et al., Hum Mutat, 2012",21990111,,,CM011758,,CLN3
Pa-cln3.279,,POR1_Kousi_2012_novel,cln3.001,c.461-280_677+382del,,,,,,Portugal,,,"Kousi et al., 2012",21990111,,,cln3.001,Intron 07 - 09,c.461-280_677+382del,,p.(?),deletion,complex,see notes,,Pathogenic,rs1555468634,g.28485965_28486930del,"The International Batten Disease Consortium, 1995                                              ",7553855,,"This deletion mutation was originally believed to stretch 1.02 kb (Batten Disease Consortium, 1995). It was later shown to span 966 bp, and is also called 1kb deletion. In culture, fibroblasts from a homozygous patient express a major transcript of 521 bp and a minor transcript of 408 bp (Kitzmüller, Haines, Codlin, Cutler, & Mole, 2008). The major transcript contains exon 6 spliced to exon 9 and is thought to encode a protein containing the first 153 amino acids of CLN3 plus an additional 28 novel amino acids resulting from an out‐of‐frame RNA sequence at the novel splice site. ",,,CLN3
Pa-cln3.279,,POR1_Kousi_2012_novel,cln3.054,p.(Gly189Arg),,,,,,Portugal,,,"Kousi et al., 2012",21990111,,,cln3.054,Exon 09,c.565G>C,189,p.(Gly189Arg),substitution,missense,Probably damaging,no significant impact on splicing signals,likely pathogenic,rs386833731,g.28486459C>G,"Wang et al., 2014",24154662,,,,,CLN3
Pa-cln3.280,,GER1_Kousi_2012_novel,cln3.036,p.(Trp35*),,,juvenile,,,Germany,,,"Kousi et al., 2012",21990111,,,cln3.036,Exon 03,c.105G>A,35,p.(Trp35*),substitution,nonsense,,Alteration of auxiliary sequences,Pathogenic,rs386833700,g.28491502C>T,"Kousi et al., Hum Mutat, 2012",21990111,,,CM052841,,CLN3
Pa-cln3.280,,GER1_Kousi_2012_novel,cln3.053,c.678-?_1317+?del,,,juvenile,,,Germany,,,"Kousi et al., 2012",21990111,,,cln3.053,Intron 04,c.222+5G>C,,p.(?),substitution,splice donor variant,most probably affecting splicing,,likely pathogenic,rs386833711,g.28489285C>G,"Kousi et al., Hum Mutat, 2012",21990111,,,,,CLN3
Pa-cln3.281,,CZR27_Kousi_2012_novel,cln3.001,c.461-280_677+382del,,,,,,Czech Republic,,,"Kousi et al., 2012",21990111,,,cln3.001,Intron 07 - 09,c.461-280_677+382del,,p.(?),deletion,complex,see notes,,Pathogenic,rs1555468634,g.28485965_28486930del,"The International Batten Disease Consortium, 1995                                              ",7553855,,"This deletion mutation was originally believed to stretch 1.02 kb (Batten Disease Consortium, 1995). It was later shown to span 966 bp, and is also called 1kb deletion. In culture, fibroblasts from a homozygous patient express a major transcript of 521 bp and a minor transcript of 408 bp (Kitzmüller, Haines, Codlin, Cutler, & Mole, 2008). The major transcript contains exon 6 spliced to exon 9 and is thought to encode a protein containing the first 153 amino acids of CLN3 plus an additional 28 novel amino acids resulting from an out‐of‐frame RNA sequence at the novel splice site. ",,,CLN3
Pa-cln3.282,,CZR28_Kousi_2012_novel,cln3.001,c.461-280_677+382del,,,,,,Czech Republic,,,"Kousi et al., 2012",21990111,,,cln3.001,Intron 07 - 09,c.461-280_677+382del,,p.(?),deletion,complex,see notes,,Pathogenic,rs1555468634,g.28485965_28486930del,"The International Batten Disease Consortium, 1995                                              ",7553855,,"This deletion mutation was originally believed to stretch 1.02 kb (Batten Disease Consortium, 1995). It was later shown to span 966 bp, and is also called 1kb deletion. In culture, fibroblasts from a homozygous patient express a major transcript of 521 bp and a minor transcript of 408 bp (Kitzmüller, Haines, Codlin, Cutler, & Mole, 2008). The major transcript contains exon 6 spliced to exon 9 and is thought to encode a protein containing the first 153 amino acids of CLN3 plus an additional 28 novel amino acids resulting from an out‐of‐frame RNA sequence at the novel splice site. ",,,CLN3
Pa-cln3.283,,CZR29_Kousi_2012_novel,cln3.001,c.461-280_677+382del,,,,,,Czech Republic,,,"Kousi et al., 2012",21990111,,,cln3.001,Intron 07 - 09,c.461-280_677+382del,,p.(?),deletion,complex,see notes,,Pathogenic,rs1555468634,g.28485965_28486930del,"The International Batten Disease Consortium, 1995                                              ",7553855,,"This deletion mutation was originally believed to stretch 1.02 kb (Batten Disease Consortium, 1995). It was later shown to span 966 bp, and is also called 1kb deletion. In culture, fibroblasts from a homozygous patient express a major transcript of 521 bp and a minor transcript of 408 bp (Kitzmüller, Haines, Codlin, Cutler, & Mole, 2008). The major transcript contains exon 6 spliced to exon 9 and is thought to encode a protein containing the first 153 amino acids of CLN3 plus an additional 28 novel amino acids resulting from an out‐of‐frame RNA sequence at the novel splice site. ",,,CLN3
Pa-cln3.284,,CZR30_Kousi_2012_novel,cln3.001,c.461-280_677+382del,,,,,,USA,,,"Kousi et al., 2012",21990111,,,cln3.001,Intron 07 - 09,c.461-280_677+382del,,p.(?),deletion,complex,see notes,,Pathogenic,rs1555468634,g.28485965_28486930del,"The International Batten Disease Consortium, 1995                                              ",7553855,,"This deletion mutation was originally believed to stretch 1.02 kb (Batten Disease Consortium, 1995). It was later shown to span 966 bp, and is also called 1kb deletion. In culture, fibroblasts from a homozygous patient express a major transcript of 521 bp and a minor transcript of 408 bp (Kitzmüller, Haines, Codlin, Cutler, & Mole, 2008). The major transcript contains exon 6 spliced to exon 9 and is thought to encode a protein containing the first 153 amino acids of CLN3 plus an additional 28 novel amino acids resulting from an out‐of‐frame RNA sequence at the novel splice site. ",,,CLN3
Pa-cln3.285,,ITA6_Kousi_2012_novel,cln3.001,c.461-280_677+382del,,,juvenile,,FP,Italy,,,"Kousi et al., 2012",21990111,,,cln3.001,Intron 07 - 09,c.461-280_677+382del,,p.(?),deletion,complex,see notes,,Pathogenic,rs1555468634,g.28485965_28486930del,"The International Batten Disease Consortium, 1995                                              ",7553855,,"This deletion mutation was originally believed to stretch 1.02 kb (Batten Disease Consortium, 1995). It was later shown to span 966 bp, and is also called 1kb deletion. In culture, fibroblasts from a homozygous patient express a major transcript of 521 bp and a minor transcript of 408 bp (Kitzmüller, Haines, Codlin, Cutler, & Mole, 2008). The major transcript contains exon 6 spliced to exon 9 and is thought to encode a protein containing the first 153 amino acids of CLN3 plus an additional 28 novel amino acids resulting from an out‐of‐frame RNA sequence at the novel splice site. ",,,CLN3
Pa-cln3.285,,ITA6_Kousi_2012_novel,cln3.065,p.(Cys134Arg),,,juvenile,,FP,Italy,,,"Kousi et al., 2012",21990111,,,cln3.065,Exon 07,c.400T>C,134,p.(Cys134Arg),substitution,missense,Benign,no significant impact on splicing signals,uncertain significance, rs386833719,g.28487516A>G,"Kousi et al., Hum Mutat, 2012",21990111,,No information on frequency for A>G change,,,CLN3
Pa-cln3.286,,ITA7_Kousi_2012_novel,cln3.001,c.461-280_677+382del,,,juvenile,,FP,Italy,,,"Kousi et al., 2012",21990111,,,cln3.001,Intron 07 - 09,c.461-280_677+382del,,p.(?),deletion,complex,see notes,,Pathogenic,rs1555468634,g.28485965_28486930del,"The International Batten Disease Consortium, 1995                                              ",7553855,,"This deletion mutation was originally believed to stretch 1.02 kb (Batten Disease Consortium, 1995). It was later shown to span 966 bp, and is also called 1kb deletion. In culture, fibroblasts from a homozygous patient express a major transcript of 521 bp and a minor transcript of 408 bp (Kitzmüller, Haines, Codlin, Cutler, & Mole, 2008). The major transcript contains exon 6 spliced to exon 9 and is thought to encode a protein containing the first 153 amino acids of CLN3 plus an additional 28 novel amino acids resulting from an out‐of‐frame RNA sequence at the novel splice site. ",,,CLN3
Pa-cln3.286,,ITA7_Kousi_2012_novel,cln3.032,p.(Glu399*),,,juvenile,,FP,Italy,,,"Kousi et al., 2012",21990111,,,cln3.032,Exon 15,c.1195G>T,399,p.(Glu399*),substitution,nonsense,,Alteration of auxiliary sequences; new donor splice site,pathogenic / likely pathogenic,rs386833701,g.28477739C>A,"Kousi et al., Hum Mutat, 2012",21990111,,27-bp deletion,,,CLN3
Pa-cln3.322,,N7503_Kousi_2012_novel,cln3.030,c.126-1G>A,,,,,,Turkey,,,"Kousi et al., 2012",21990111,,,cln3.030,Intron 03,c.126-1G>A,,p.(?),substitution,splice acceptor variant,most probably affecting splicing,,likely pathogenic,rs386833705,g.28489387C>T,"Kousi et al., Hum Mutat, 2012",21990111,,,,,CLN3
Pa-cln3.323,,N7003_Kousi_2012_novel,cln3.061,p.(Thr80fs),,,,,,Turkey,,,"Kousi et al., 2012",21990111,,,cln3.061,Exon 05,c.233dup,80,p.(Thr80fs),duplication,frameshift,,no significant impact on splicing signals,likely pathogenic,rs386833712,g.28488653dup,"Kousi et al., Hum Mutat, 2012",21990111,,,,,CLN3
Pa-cln3.337,,LUMC053_Kousi_2012_novel,cln3.001,c.461-280_677+382del,,,,,,The Netherlands,,,"Kousi et al., 2012",21990111,,,cln3.001,Intron 07 - 09,c.461-280_677+382del,,p.(?),deletion,complex,see notes,,Pathogenic,rs1555468634,g.28485965_28486930del,"The International Batten Disease Consortium, 1995                                              ",7553855,,"This deletion mutation was originally believed to stretch 1.02 kb (Batten Disease Consortium, 1995). It was later shown to span 966 bp, and is also called 1kb deletion. In culture, fibroblasts from a homozygous patient express a major transcript of 521 bp and a minor transcript of 408 bp (Kitzmüller, Haines, Codlin, Cutler, & Mole, 2008). The major transcript contains exon 6 spliced to exon 9 and is thought to encode a protein containing the first 153 amino acids of CLN3 plus an additional 28 novel amino acids resulting from an out‐of‐frame RNA sequence at the novel splice site. ",,,CLN3
Pa-cln3.337,,LUMC053_Kousi_2012_novel,cln3.007,p.(Val142fs),,,,,,The Netherlands,,,"Kousi et al., 2012",21990111,,,cln3.007,Exon 07,c.424del,142,p.(Val142fs),deletion,frameshift,,new acceptor splice site,pathogenic,rs386833720,g.28487493del,"Munroe et al., Am J Hum Genet; 1997; ",9311735,,described as p.Val142LeufsX39 in Kousi et al 2012 p.(Val142Leufs*39),,,CLN3
Pa-cln3.338,,LUMC054_Kousi_2012_novel,cln3.001,c.461-280_677+382del,,,,,,Belgium,,,"Kousi et al., 2012",21990111,,,cln3.001,Intron 07 - 09,c.461-280_677+382del,,p.(?),deletion,complex,see notes,,Pathogenic,rs1555468634,g.28485965_28486930del,"The International Batten Disease Consortium, 1995                                              ",7553855,,"This deletion mutation was originally believed to stretch 1.02 kb (Batten Disease Consortium, 1995). It was later shown to span 966 bp, and is also called 1kb deletion. In culture, fibroblasts from a homozygous patient express a major transcript of 521 bp and a minor transcript of 408 bp (Kitzmüller, Haines, Codlin, Cutler, & Mole, 2008). The major transcript contains exon 6 spliced to exon 9 and is thought to encode a protein containing the first 153 amino acids of CLN3 plus an additional 28 novel amino acids resulting from an out‐of‐frame RNA sequence at the novel splice site. ",,,CLN3
Pa-cln3.338,,LUMC054_Kousi_2012_novel,cln3.007,p.(Val142fs),,,,,,Belgium,,,"Kousi et al., 2012",21990111,,,cln3.007,Exon 07,c.424del,142,p.(Val142fs),deletion,frameshift,,new acceptor splice site,pathogenic,rs386833720,g.28487493del,"Munroe et al., Am J Hum Genet; 1997; ",9311735,,described as p.Val142LeufsX39 in Kousi et al 2012 p.(Val142Leufs*39),,,CLN3
Pa-cln3.339,,LUMC055_Kousi_2012_novel,cln3.001,c.461-280_677+382del,,,,,,,,,"Kousi et al., 2012",21990111,,,cln3.001,Intron 07 - 09,c.461-280_677+382del,,p.(?),deletion,complex,see notes,,Pathogenic,rs1555468634,g.28485965_28486930del,"The International Batten Disease Consortium, 1995                                              ",7553855,,"This deletion mutation was originally believed to stretch 1.02 kb (Batten Disease Consortium, 1995). It was later shown to span 966 bp, and is also called 1kb deletion. In culture, fibroblasts from a homozygous patient express a major transcript of 521 bp and a minor transcript of 408 bp (Kitzmüller, Haines, Codlin, Cutler, & Mole, 2008). The major transcript contains exon 6 spliced to exon 9 and is thought to encode a protein containing the first 153 amino acids of CLN3 plus an additional 28 novel amino acids resulting from an out‐of‐frame RNA sequence at the novel splice site. ",,,CLN3
Pa-cln3.339,,LUMC055_Kousi_2012_novel,cln3.007,p.(Val142fs),,,,,,,,,"Kousi et al., 2012",21990111,,,cln3.007,Exon 07,c.424del,142,p.(Val142fs),deletion,frameshift,,new acceptor splice site,pathogenic,rs386833720,g.28487493del,"Munroe et al., Am J Hum Genet; 1997; ",9311735,,described as p.Val142LeufsX39 in Kousi et al 2012 p.(Val142Leufs*39),,,CLN3
Pa-cln3.340,,LUMC056_Kousi_2012_novel,cln3.001,c.461-280_677+382del,,,,,,The Netherlands,,,"Kousi et al., 2012",21990111,,,cln3.001,Intron 07 - 09,c.461-280_677+382del,,p.(?),deletion,complex,see notes,,Pathogenic,rs1555468634,g.28485965_28486930del,"The International Batten Disease Consortium, 1995                                              ",7553855,,"This deletion mutation was originally believed to stretch 1.02 kb (Batten Disease Consortium, 1995). It was later shown to span 966 bp, and is also called 1kb deletion. In culture, fibroblasts from a homozygous patient express a major transcript of 521 bp and a minor transcript of 408 bp (Kitzmüller, Haines, Codlin, Cutler, & Mole, 2008). The major transcript contains exon 6 spliced to exon 9 and is thought to encode a protein containing the first 153 amino acids of CLN3 plus an additional 28 novel amino acids resulting from an out‐of‐frame RNA sequence at the novel splice site. ",,,CLN3
Pa-cln3.340,,LUMC056_Kousi_2012_novel,cln3.021,p.(Gln352*),,,,,,The Netherlands,,,"Kousi et al., 2012",21990111,,,cln3.021,Exon 14,c.1054C>T,352,p.(Gln352*),substitution,nonsense,,Alteration of auxiliary sequences; broken WT donor site; new donor splice site,Pathogenic,rs386833697,g.28482107G>A,"Munroe et al., Am J Hum Genet; 1997",9311735,,Gomes-Giro et al. 2019 show that this mutation causes a novel splicing variant PMID: 31888773 ,,,CLN3
Pa-cln3.341,,LUMC057_Kousi_2012_novel,cln3.001,c.461-280_677+382del,,,,,,The Netherlands,,,"Kousi et al., 2012",21990111,,,cln3.001,Intron 07 - 09,c.461-280_677+382del,,p.(?),deletion,complex,see notes,,Pathogenic,rs1555468634,g.28485965_28486930del,"The International Batten Disease Consortium, 1995                                              ",7553855,,"This deletion mutation was originally believed to stretch 1.02 kb (Batten Disease Consortium, 1995). It was later shown to span 966 bp, and is also called 1kb deletion. In culture, fibroblasts from a homozygous patient express a major transcript of 521 bp and a minor transcript of 408 bp (Kitzmüller, Haines, Codlin, Cutler, & Mole, 2008). The major transcript contains exon 6 spliced to exon 9 and is thought to encode a protein containing the first 153 amino acids of CLN3 plus an additional 28 novel amino acids resulting from an out‐of‐frame RNA sequence at the novel splice site. ",,,CLN3
Pa-cln3.341,,LUMC057_Kousi_2012_novel,cln3.021,p.(Gln352*),,,,,,The Netherlands,,,"Kousi et al., 2012",21990111,,,cln3.021,Exon 14,c.1054C>T,352,p.(Gln352*),substitution,nonsense,,Alteration of auxiliary sequences; broken WT donor site; new donor splice site,Pathogenic,rs386833697,g.28482107G>A,"Munroe et al., Am J Hum Genet; 1997",9311735,,Gomes-Giro et al. 2019 show that this mutation causes a novel splicing variant PMID: 31888773 ,,,CLN3
Pa-cln3.342,,LUMC024_Kousi_2011_novel,cln3.001,c.461-280_677+382del,,,,,,The Netherlands,,,"Kousi et al., 2012",21990111,,,cln3.001,Intron 07 - 09,c.461-280_677+382del,,p.(?),deletion,complex,see notes,,Pathogenic,rs1555468634,g.28485965_28486930del,"The International Batten Disease Consortium, 1995                                              ",7553855,,"This deletion mutation was originally believed to stretch 1.02 kb (Batten Disease Consortium, 1995). It was later shown to span 966 bp, and is also called 1kb deletion. In culture, fibroblasts from a homozygous patient express a major transcript of 521 bp and a minor transcript of 408 bp (Kitzmüller, Haines, Codlin, Cutler, & Mole, 2008). The major transcript contains exon 6 spliced to exon 9 and is thought to encode a protein containing the first 153 amino acids of CLN3 plus an additional 28 novel amino acids resulting from an out‐of‐frame RNA sequence at the novel splice site. ",,,CLN3
Pa-cln3.342,,LUMC024_Kousi_2011_novel,cln3.058,c.1A>C,,,,,,The Netherlands,,,"Kousi et al., 2012",21990111,,,cln3.058,Exon 02,c.1A>C,1,p.(?),substitution,Start-loss,No significant impact on splicing signals,,likely pathogenic,rs386833708,g.28491759T>G,"Kousi et al., Hum Mutat, 2012",21990111,,Note that HGVS nomenclature does not give p.(Met1) variant,,,CLN3
Pa-cln3.343,,LUMC025_Kousi_2012_novel,cln3.001,c.461-280_677+382del,,,,,,Sweden,,,"Kousi et al., 2012",21990111,,,cln3.001,Intron 07 - 09,c.461-280_677+382del,,p.(?),deletion,complex,see notes,,Pathogenic,rs1555468634,g.28485965_28486930del,"The International Batten Disease Consortium, 1995                                              ",7553855,,"This deletion mutation was originally believed to stretch 1.02 kb (Batten Disease Consortium, 1995). It was later shown to span 966 bp, and is also called 1kb deletion. In culture, fibroblasts from a homozygous patient express a major transcript of 521 bp and a minor transcript of 408 bp (Kitzmüller, Haines, Codlin, Cutler, & Mole, 2008). The major transcript contains exon 6 spliced to exon 9 and is thought to encode a protein containing the first 153 amino acids of CLN3 plus an additional 28 novel amino acids resulting from an out‐of‐frame RNA sequence at the novel splice site. ",,,CLN3
Pa-cln3.343,,LUMC025_Kousi_2012_novel,cln3.068,c.954_962+18del,,,,,,Sweden,,,"Kousi et al., 2012",21990111,,,cln3.068,Exon 13 - Intron 13,c.954_962+18del,,p.?,deletion,,,,pathogenic,rs386833741,g.28482312_28482338del,"Kousi et al., Hum Mutat, 2012",21990111,p.Leu313_Trp321del / splice defect,,,,CLN3
Pa-cln3.344,,LUMC027_Kousi_2012_novel,cln3.062,p.(Arg89*),,,,,,Norway,,,"Kousi et al., 2012",21990111,,,cln3.062,Exon 05,c.265C>T,89,p.(Arg89*),substitution,nonsense,,Alteration of auxiliary sequences,pathogenic / likely pathogenic,rs386833713,g.28488620G>A,"Pérez-Poyato et al., J Inherit Metab Dis 2011",21499717,,,,,CLN3
Pa-cln3.344,,LUMC027_Kousi_2012_novel,cln3.068,c.954_962+18del,,,,,,Norway,,,"Kousi et al., 2012",21990111,,,cln3.068,Exon 13 - Intron 13,c.954_962+18del,,p.?,deletion,,,,pathogenic,rs386833741,g.28482312_28482338del,"Kousi et al., Hum Mutat, 2012",21990111,p.Leu313_Trp321del / splice defect,,,,CLN3
Pa-cln3.345,,LUMC028_Kousi_2012_novel,cln3.001,c.461-280_677+382del,,,,,,The Netherlands,,,"Kousi et al., 2012",21990111,,,cln3.001,Intron 07 - 09,c.461-280_677+382del,,p.(?),deletion,complex,see notes,,Pathogenic,rs1555468634,g.28485965_28486930del,"The International Batten Disease Consortium, 1995                                              ",7553855,,"This deletion mutation was originally believed to stretch 1.02 kb (Batten Disease Consortium, 1995). It was later shown to span 966 bp, and is also called 1kb deletion. In culture, fibroblasts from a homozygous patient express a major transcript of 521 bp and a minor transcript of 408 bp (Kitzmüller, Haines, Codlin, Cutler, & Mole, 2008). The major transcript contains exon 6 spliced to exon 9 and is thought to encode a protein containing the first 153 amino acids of CLN3 plus an additional 28 novel amino acids resulting from an out‐of‐frame RNA sequence at the novel splice site. ",,,CLN3
Pa-cln3.345,,LUMC028_Kousi_2012_novel,cln3.019,p.(Arg334Cys),,,,,,The Netherlands,,,"Kousi et al., 2012",21990111,,,cln3.019,Exon 14,c.1000C>T,334,p.(Arg334Cys),substitution,missense,Probably damaging,no significant impact on splicing signals,pathogenic / likely pathogenic,rs386833694,g.28482161G>A,"Munroe et al., Am J Hum Genet; 1997",9311735,,,,,CLN3
Pa-cln3.346,,LUMC029_Kousi_2012_novel,cln3.007,p.(Val142fs),,,,,,Belgium,,,"Kousi et al., 2012",21990111,,,cln3.007,Exon 07,c.424del,142,p.(Val142fs),deletion,frameshift,,new acceptor splice site,pathogenic,rs386833720,g.28487493del,"Munroe et al., Am J Hum Genet; 1997; ",9311735,,described as p.Val142LeufsX39 in Kousi et al 2012 p.(Val142Leufs*39),,,CLN3
Pa-cln3.346,,LUMC029_Kousi_2012_novel,cln3.059,c.125+5G>A,,,,,,Belgium,,,"Kousi et al., 2012",21990111,,,cln3.059,Intron 03,c.125+5G>A,,p.(?),substitution,splice donor variant,most probably affecting splicing,,uncertain significance,rs386833704,g.28491477C>T,"Kousi et al., Hum Mutat, 2012",21990111,,,,,CLN3
Pa-cln3.347,,LUMC030_Kousi_2012_novel,cln3.001,c.461-280_677+382del,,,,,,UK,,,"Kousi et al., 2012",21990111,,,cln3.001,Intron 07 - 09,c.461-280_677+382del,,p.(?),deletion,complex,see notes,,Pathogenic,rs1555468634,g.28485965_28486930del,"The International Batten Disease Consortium, 1995                                              ",7553855,,"This deletion mutation was originally believed to stretch 1.02 kb (Batten Disease Consortium, 1995). It was later shown to span 966 bp, and is also called 1kb deletion. In culture, fibroblasts from a homozygous patient express a major transcript of 521 bp and a minor transcript of 408 bp (Kitzmüller, Haines, Codlin, Cutler, & Mole, 2008). The major transcript contains exon 6 spliced to exon 9 and is thought to encode a protein containing the first 153 amino acids of CLN3 plus an additional 28 novel amino acids resulting from an out‐of‐frame RNA sequence at the novel splice site. ",,,CLN3
Pa-cln3.347,,LUMC030_Kousi_2012_novel,cln3.060,c.963-1G>T,,,,,,UK,,,"Kousi et al., 2012",21990111,,,cln3.060,Intron 13,c.963-1G>T,,p.(?),substitution,splice acceptor variant,most probably affecting splicing,,likely pathogenic,rs386833742,g.28482199C>A,"Kousi et al., Hum Mutat, 2012",21990111,,,,,CLN3
Pa-cln3.348,,RAY10_Kousi_2012_novel,cln3.001,c.461-280_677+382del,,,,,,Canada,,,"Kousi et al., 2012",21990111,,,cln3.001,Intron 07 - 09,c.461-280_677+382del,,p.(?),deletion,complex,see notes,,Pathogenic,rs1555468634,g.28485965_28486930del,"The International Batten Disease Consortium, 1995                                              ",7553855,,"This deletion mutation was originally believed to stretch 1.02 kb (Batten Disease Consortium, 1995). It was later shown to span 966 bp, and is also called 1kb deletion. In culture, fibroblasts from a homozygous patient express a major transcript of 521 bp and a minor transcript of 408 bp (Kitzmüller, Haines, Codlin, Cutler, & Mole, 2008). The major transcript contains exon 6 spliced to exon 9 and is thought to encode a protein containing the first 153 amino acids of CLN3 plus an additional 28 novel amino acids resulting from an out‐of‐frame RNA sequence at the novel splice site. ",,,CLN3
Pa-cln3.349,,RAY13_Kousi_2012_novel,cln3.001,c.461-280_677+382del,,,,,,Canada,,,"Kousi et al., 2012",21990111,,,cln3.001,Intron 07 - 09,c.461-280_677+382del,,p.(?),deletion,complex,see notes,,Pathogenic,rs1555468634,g.28485965_28486930del,"The International Batten Disease Consortium, 1995                                              ",7553855,,"This deletion mutation was originally believed to stretch 1.02 kb (Batten Disease Consortium, 1995). It was later shown to span 966 bp, and is also called 1kb deletion. In culture, fibroblasts from a homozygous patient express a major transcript of 521 bp and a minor transcript of 408 bp (Kitzmüller, Haines, Codlin, Cutler, & Mole, 2008). The major transcript contains exon 6 spliced to exon 9 and is thought to encode a protein containing the first 153 amino acids of CLN3 plus an additional 28 novel amino acids resulting from an out‐of‐frame RNA sequence at the novel splice site. ",,,CLN3
Pa-cln3.350,,RAY29_Kousi_2012_novel,cln3.001,c.461-280_677+382del,,,,,,Canada,,,"Kousi et al., 2012",21990111,,,cln3.001,Intron 07 - 09,c.461-280_677+382del,,p.(?),deletion,complex,see notes,,Pathogenic,rs1555468634,g.28485965_28486930del,"The International Batten Disease Consortium, 1995                                              ",7553855,,"This deletion mutation was originally believed to stretch 1.02 kb (Batten Disease Consortium, 1995). It was later shown to span 966 bp, and is also called 1kb deletion. In culture, fibroblasts from a homozygous patient express a major transcript of 521 bp and a minor transcript of 408 bp (Kitzmüller, Haines, Codlin, Cutler, & Mole, 2008). The major transcript contains exon 6 spliced to exon 9 and is thought to encode a protein containing the first 153 amino acids of CLN3 plus an additional 28 novel amino acids resulting from an out‐of‐frame RNA sequence at the novel splice site. ",,,CLN3
Pa-cln3.350,,RAY29_Kousi_2012_novel,cln3.048,c.461-1G>C,,,,,,Canada,,,"Kousi et al., 2012",21990111,this allele in Kousi paper,,cln3.048,Intron 07,c.461-1G>C,,p.(?),substitution,splice acceptor variant,most probably affecting splicing,,likely pathogenic,rs386833722,g.28486651C>G,"Kousi et al., Hum Mutat, 2012",21990111,,,,,CLN3
Pa-cln3.351,,RAY31_Kousi_2012_novel,cln3.020,p.(Arg334His),,,,,,Canada,,,"Kousi et al., 2012",21990111,,,cln3.020,Exon 14,c.1001G>A,334,p.(Arg334His),substitution,missense,Probably damaging,no significant impact on splicing signals,pathogenic / likely pathogenic,rs386833695,g.28482160C>T,"Munroe et al., Am J Hum Genet; 1997",9311735,,,,,CLN3
Pa-cln3.352,,RAY32_Kousi_2012_novel,cln3.020,p.(Arg334His),,,,,,Canada,,,"Kousi et al., 2012",21990111,,,cln3.020,Exon 14,c.1001G>A,334,p.(Arg334His),substitution,missense,Probably damaging,no significant impact on splicing signals,pathogenic / likely pathogenic,rs386833695,g.28482160C>T,"Munroe et al., Am J Hum Genet; 1997",9311735,,,,,CLN3
Pa-cln3.353,,RAY50_Kousi_2012_novel,cln3.067,c.790+3A>C,,,,,,Canada,,,"Kousi et al., 2012",21990111,,,cln3.067,Intron 10,c.790+3A>C,,p.(?),substitution,splice donor variant,most probably affecting splicing,,conflicting interpretations of pathogenicity, rs386833738,g.28484003T>G,"Kousi et al., Hum Mutat, 2012",21990111,,frameshift / premature truncation,,,CLN3
Pa-cln3.353,,RAY50_Kousi_2012_novel,,,,,,,,Canada,,,"Kousi et al., 2012",21990111,,,,,,,,,,,,,,,,,,,,,CLN3
Pa-cln3.354,,RAY51_Kousi_2012_novel,,,c.1211A>G,,,,,Canada,,,"Kousi et al., 2012",21990111,"listed as additional allele, and sequence variant",,,,,,,,,,,,,,,,,,,,CLN3
Pa-cln3.354,,RAY51_Kousi_2012_novel,,,,,,,,Canada,,,"Kousi et al., 2012",21990111,,,,,,,,,,,,,,,,,,,,,CLN3
Pa-cln3.355,,RAY52_Kousi_2012_novel,,,c.1211A>G,,,,,Canada,,,"Kousi et al., 2012",21990111,"listed as additional allele, and sequence variant",,,,,,,,,,,,,,,,,,,,CLN3
Pa-cln3.355,,RAY52_Kousi_2012_novel,,,,,,,,Canada,,,"Kousi et al., 2012",21990111,,,,,,,,,,,,,,,,,,,,,CLN3
Pa-cln3.356,,RAY54_Kousi_2012_novel,,,c.1211A>G,,,,,Canada,,,"Kousi et al., 2012",21990111,"listed as additional allele, and sequence variant",,,,,,,,,,,,,,,,,,,,CLN3
Pa-cln3.356,,RAY54_Kousi_2012_novel,,,,,,,,Canada,,,"Kousi et al., 2012",21990111,,,,,,,,,,,,,,,,,,,,,CLN3
Pa-cln3.357,,HM103_Kousi_2012_novel,cln3.001,c.461-280_677+382del,,,,,,USA,,,"Kousi et al., 2012",21990111,,,cln3.001,Intron 07 - 09,c.461-280_677+382del,,p.(?),deletion,complex,see notes,,Pathogenic,rs1555468634,g.28485965_28486930del,"The International Batten Disease Consortium, 1995                                              ",7553855,,"This deletion mutation was originally believed to stretch 1.02 kb (Batten Disease Consortium, 1995). It was later shown to span 966 bp, and is also called 1kb deletion. In culture, fibroblasts from a homozygous patient express a major transcript of 521 bp and a minor transcript of 408 bp (Kitzmüller, Haines, Codlin, Cutler, & Mole, 2008). The major transcript contains exon 6 spliced to exon 9 and is thought to encode a protein containing the first 153 amino acids of CLN3 plus an additional 28 novel amino acids resulting from an out‐of‐frame RNA sequence at the novel splice site. ",,,CLN3
Pa-cln3.357,,HM103_Kousi_2012_novel,cln3.007,p.(Val142fs),,,,,,USA,,,,,,,cln3.007,Exon 07,c.424del,142,p.(Val142fs),deletion,frameshift,,new acceptor splice site,pathogenic,rs386833720,g.28487493del,"Munroe et al., Am J Hum Genet; 1997; ",9311735,,described as p.Val142LeufsX39 in Kousi et al 2012 p.(Val142Leufs*39),,,CLN3
Pa-cln3.358,,HM321_Kousi_2012_novel,cln3.001,c.461-280_677+382del,,,,,,France,,,"Kousi et al., 2012",21990111,,,cln3.001,Intron 07 - 09,c.461-280_677+382del,,p.(?),deletion,complex,see notes,,Pathogenic,rs1555468634,g.28485965_28486930del,"The International Batten Disease Consortium, 1995                                              ",7553855,,"This deletion mutation was originally believed to stretch 1.02 kb (Batten Disease Consortium, 1995). It was later shown to span 966 bp, and is also called 1kb deletion. In culture, fibroblasts from a homozygous patient express a major transcript of 521 bp and a minor transcript of 408 bp (Kitzmüller, Haines, Codlin, Cutler, & Mole, 2008). The major transcript contains exon 6 spliced to exon 9 and is thought to encode a protein containing the first 153 amino acids of CLN3 plus an additional 28 novel amino acids resulting from an out‐of‐frame RNA sequence at the novel splice site. ",,,CLN3
Pa-cln3.358,,,cln3.021,p.(Gln352*),,,,,,France,,,"Kousi et al., 2012",21990111,,,cln3.021,Exon 14,c.1054C>T,352,p.(Gln352*),substitution,nonsense,,Alteration of auxiliary sequences; broken WT donor site; new donor splice site,Pathogenic,rs386833697,g.28482107G>A,"Munroe et al., Am J Hum Genet; 1997",9311735,,Gomes-Giro et al. 2019 show that this mutation causes a novel splicing variant PMID: 31888773 ,,,CLN3
Pa-cln3.359,,HM387_Kousi_2012_novel,cln3.030,c.126-1G>A,,,juvenile,,,Turkey,,,"Kousi et al., 2012",21990111,,,cln3.030,Intron 03,c.126-1G>A,,p.(?),substitution,splice acceptor variant,most probably affecting splicing,,likely pathogenic,rs386833705,g.28489387C>T,"Kousi et al., Hum Mutat, 2012",21990111,,,,,CLN3
Pa-cln3.359,,,cln3.030,c.126-1G>A,,,juvenile,,,Turkey,,,"Kousi et al., 2012",21990111,,,cln3.030,Intron 03,c.126-1G>A,,p.(?),substitution,splice acceptor variant,most probably affecting splicing,,likely pathogenic,rs386833705,g.28489387C>T,"Kousi et al., Hum Mutat, 2012",21990111,,,,,CLN3
Pa-cln3.360,,HM172_Kousi_2012_novel,cln3.001,c.461-280_677+382del,,,,,"CL, FP",Belgium,,,"Kousi et al., 2012",21990111,,,cln3.001,Intron 07 - 09,c.461-280_677+382del,,p.(?),deletion,complex,see notes,,Pathogenic,rs1555468634,g.28485965_28486930del,"The International Batten Disease Consortium, 1995                                              ",7553855,,"This deletion mutation was originally believed to stretch 1.02 kb (Batten Disease Consortium, 1995). It was later shown to span 966 bp, and is also called 1kb deletion. In culture, fibroblasts from a homozygous patient express a major transcript of 521 bp and a minor transcript of 408 bp (Kitzmüller, Haines, Codlin, Cutler, & Mole, 2008). The major transcript contains exon 6 spliced to exon 9 and is thought to encode a protein containing the first 153 amino acids of CLN3 plus an additional 28 novel amino acids resulting from an out‐of‐frame RNA sequence at the novel splice site. ",,,CLN3
Pa-cln3.360,,,cln3.001,c.461-280_677+382del,,,,,"CL, FP",Belgium,,,"Kousi et al., 2012",21990111,,,cln3.001,Intron 07 - 09,c.461-280_677+382del,,p.(?),deletion,complex,see notes,,Pathogenic,rs1555468634,g.28485965_28486930del,"The International Batten Disease Consortium, 1995                                              ",7553855,,"This deletion mutation was originally believed to stretch 1.02 kb (Batten Disease Consortium, 1995). It was later shown to span 966 bp, and is also called 1kb deletion. In culture, fibroblasts from a homozygous patient express a major transcript of 521 bp and a minor transcript of 408 bp (Kitzmüller, Haines, Codlin, Cutler, & Mole, 2008). The major transcript contains exon 6 spliced to exon 9 and is thought to encode a protein containing the first 153 amino acids of CLN3 plus an additional 28 novel amino acids resulting from an out‐of‐frame RNA sequence at the novel splice site. ",,,CLN3
Pa-cln3.361,,HM265_Kousi_2012_novel,cln3.001,c.461-280_677+382del,,,,,,Germany,,,"Kousi et al., 2012",21990111,,,cln3.001,Intron 07 - 09,c.461-280_677+382del,,p.(?),deletion,complex,see notes,,Pathogenic,rs1555468634,g.28485965_28486930del,"The International Batten Disease Consortium, 1995                                              ",7553855,,"This deletion mutation was originally believed to stretch 1.02 kb (Batten Disease Consortium, 1995). It was later shown to span 966 bp, and is also called 1kb deletion. In culture, fibroblasts from a homozygous patient express a major transcript of 521 bp and a minor transcript of 408 bp (Kitzmüller, Haines, Codlin, Cutler, & Mole, 2008). The major transcript contains exon 6 spliced to exon 9 and is thought to encode a protein containing the first 153 amino acids of CLN3 plus an additional 28 novel amino acids resulting from an out‐of‐frame RNA sequence at the novel splice site. ",,,CLN3
Pa-cln3.361,,,cln3.001,c.461-280_677+382del,,,,,,Germany,,,"Kousi et al., 2012",21990111,,,cln3.001,Intron 07 - 09,c.461-280_677+382del,,p.(?),deletion,complex,see notes,,Pathogenic,rs1555468634,g.28485965_28486930del,"The International Batten Disease Consortium, 1995                                              ",7553855,,"This deletion mutation was originally believed to stretch 1.02 kb (Batten Disease Consortium, 1995). It was later shown to span 966 bp, and is also called 1kb deletion. In culture, fibroblasts from a homozygous patient express a major transcript of 521 bp and a minor transcript of 408 bp (Kitzmüller, Haines, Codlin, Cutler, & Mole, 2008). The major transcript contains exon 6 spliced to exon 9 and is thought to encode a protein containing the first 153 amino acids of CLN3 plus an additional 28 novel amino acids resulting from an out‐of‐frame RNA sequence at the novel splice site. ",,,CLN3
Pa-cln3.362,,HM281_Kousi_2012_novel,cln3.001,c.461-280_677+382del,,,juvenile,,FP,Ireland,,,"Kousi et al., 2012",21990111,,,cln3.001,Intron 07 - 09,c.461-280_677+382del,,p.(?),deletion,complex,see notes,,Pathogenic,rs1555468634,g.28485965_28486930del,"The International Batten Disease Consortium, 1995                                              ",7553855,,"This deletion mutation was originally believed to stretch 1.02 kb (Batten Disease Consortium, 1995). It was later shown to span 966 bp, and is also called 1kb deletion. In culture, fibroblasts from a homozygous patient express a major transcript of 521 bp and a minor transcript of 408 bp (Kitzmüller, Haines, Codlin, Cutler, & Mole, 2008). The major transcript contains exon 6 spliced to exon 9 and is thought to encode a protein containing the first 153 amino acids of CLN3 plus an additional 28 novel amino acids resulting from an out‐of‐frame RNA sequence at the novel splice site. ",,,CLN3
Pa-cln3.362,,,cln3.001,c.461-280_677+382del,,,juvenile,,FP,Ireland,,,"Kousi et al., 2012",21990111,,,cln3.001,Intron 07 - 09,c.461-280_677+382del,,p.(?),deletion,complex,see notes,,Pathogenic,rs1555468634,g.28485965_28486930del,"The International Batten Disease Consortium, 1995                                              ",7553855,,"This deletion mutation was originally believed to stretch 1.02 kb (Batten Disease Consortium, 1995). It was later shown to span 966 bp, and is also called 1kb deletion. In culture, fibroblasts from a homozygous patient express a major transcript of 521 bp and a minor transcript of 408 bp (Kitzmüller, Haines, Codlin, Cutler, & Mole, 2008). The major transcript contains exon 6 spliced to exon 9 and is thought to encode a protein containing the first 153 amino acids of CLN3 plus an additional 28 novel amino acids resulting from an out‐of‐frame RNA sequence at the novel splice site. ",,,CLN3
Pa-cln3.363,,HM288_Kousi_2012_novel,cln3.001,c.461-280_677+382del,,,juvenile,,FP,Italy,,,"Kousi et al., 2012",21990111,,,cln3.001,Intron 07 - 09,c.461-280_677+382del,,p.(?),deletion,complex,see notes,,Pathogenic,rs1555468634,g.28485965_28486930del,"The International Batten Disease Consortium, 1995                                              ",7553855,,"This deletion mutation was originally believed to stretch 1.02 kb (Batten Disease Consortium, 1995). It was later shown to span 966 bp, and is also called 1kb deletion. In culture, fibroblasts from a homozygous patient express a major transcript of 521 bp and a minor transcript of 408 bp (Kitzmüller, Haines, Codlin, Cutler, & Mole, 2008). The major transcript contains exon 6 spliced to exon 9 and is thought to encode a protein containing the first 153 amino acids of CLN3 plus an additional 28 novel amino acids resulting from an out‐of‐frame RNA sequence at the novel splice site. ",,,CLN3
Pa-cln3.364,,HM282_Kousi_2012_novel,cln3.001,c.461-280_677+382del,,,,,,France,,,"Kousi et al., 2012",21990111,,,cln3.001,Intron 07 - 09,c.461-280_677+382del,,p.(?),deletion,complex,see notes,,Pathogenic,rs1555468634,g.28485965_28486930del,"The International Batten Disease Consortium, 1995                                              ",7553855,,"This deletion mutation was originally believed to stretch 1.02 kb (Batten Disease Consortium, 1995). It was later shown to span 966 bp, and is also called 1kb deletion. In culture, fibroblasts from a homozygous patient express a major transcript of 521 bp and a minor transcript of 408 bp (Kitzmüller, Haines, Codlin, Cutler, & Mole, 2008). The major transcript contains exon 6 spliced to exon 9 and is thought to encode a protein containing the first 153 amino acids of CLN3 plus an additional 28 novel amino acids resulting from an out‐of‐frame RNA sequence at the novel splice site. ",,,CLN3
Pa-cln3.364,,HM282_Kousi_2012_novel,,,,,,,,France,,,"Kousi et al., 2012",21990111,,,,,,,,,,,,,,,,,,,,,CLN3
Pa-cln3.365,,HM287_Kousi_2012_novel,cln3.001,c.461-280_677+382del,,,juvenile,,,Italy,,,"Kousi et al., 2012",21990111,,,cln3.001,Intron 07 - 09,c.461-280_677+382del,,p.(?),deletion,complex,see notes,,Pathogenic,rs1555468634,g.28485965_28486930del,"The International Batten Disease Consortium, 1995                                              ",7553855,,"This deletion mutation was originally believed to stretch 1.02 kb (Batten Disease Consortium, 1995). It was later shown to span 966 bp, and is also called 1kb deletion. In culture, fibroblasts from a homozygous patient express a major transcript of 521 bp and a minor transcript of 408 bp (Kitzmüller, Haines, Codlin, Cutler, & Mole, 2008). The major transcript contains exon 6 spliced to exon 9 and is thought to encode a protein containing the first 153 amino acids of CLN3 plus an additional 28 novel amino acids resulting from an out‐of‐frame RNA sequence at the novel splice site. ",,,CLN3
Pa-cln3.365,,HM287_Kousi_2012_novel,,,,,juvenile,,,Italy,,,"Kousi et al., 2012",21990111,,,,,,,,,,,,,,,,,,,,,CLN3
Pa-cln3.366,,HM15_Kousi_2012_novel,cln3.001,c.461-280_677+382del,,,,,,UK,,,"Kousi et al., 2012",21990111,,,cln3.001,Intron 07 - 09,c.461-280_677+382del,,p.(?),deletion,complex,see notes,,Pathogenic,rs1555468634,g.28485965_28486930del,"The International Batten Disease Consortium, 1995                                              ",7553855,,"This deletion mutation was originally believed to stretch 1.02 kb (Batten Disease Consortium, 1995). It was later shown to span 966 bp, and is also called 1kb deletion. In culture, fibroblasts from a homozygous patient express a major transcript of 521 bp and a minor transcript of 408 bp (Kitzmüller, Haines, Codlin, Cutler, & Mole, 2008). The major transcript contains exon 6 spliced to exon 9 and is thought to encode a protein containing the first 153 amino acids of CLN3 plus an additional 28 novel amino acids resulting from an out‐of‐frame RNA sequence at the novel splice site. ",,,CLN3
Pa-cln3.366,,HM15_Kousi_2012_novel,,,,,,,,UK,,,"Kousi et al., 2012",21990111,,,,,,,,,,,,,,,,,,,,,CLN3
Pa-cln3.367,,HM57_Kousi_2012_novel,cln3.001,c.461-280_677+382del,,,,,,USA,,,"Kousi et al., 2012",21990111,,,cln3.001,Intron 07 - 09,c.461-280_677+382del,,p.(?),deletion,complex,see notes,,Pathogenic,rs1555468634,g.28485965_28486930del,"The International Batten Disease Consortium, 1995                                              ",7553855,,"This deletion mutation was originally believed to stretch 1.02 kb (Batten Disease Consortium, 1995). It was later shown to span 966 bp, and is also called 1kb deletion. In culture, fibroblasts from a homozygous patient express a major transcript of 521 bp and a minor transcript of 408 bp (Kitzmüller, Haines, Codlin, Cutler, & Mole, 2008). The major transcript contains exon 6 spliced to exon 9 and is thought to encode a protein containing the first 153 amino acids of CLN3 plus an additional 28 novel amino acids resulting from an out‐of‐frame RNA sequence at the novel splice site. ",,,CLN3
Pa-cln3.367,,HM57_Kousi_2012_novel,,,,,,,,USA,,,"Kousi et al., 2012",21990111,,,,,,,,,,,,,,,,,,,,,CLN3
Pa-cln3.368,,HM210_Kousi_2012_novel,cln3.001,c.461-280_677+382del,,,,,,Norway,,,"Kousi et al., 2012",21990111,,,cln3.001,Intron 07 - 09,c.461-280_677+382del,,p.(?),deletion,complex,see notes,,Pathogenic,rs1555468634,g.28485965_28486930del,"The International Batten Disease Consortium, 1995                                              ",7553855,,"This deletion mutation was originally believed to stretch 1.02 kb (Batten Disease Consortium, 1995). It was later shown to span 966 bp, and is also called 1kb deletion. In culture, fibroblasts from a homozygous patient express a major transcript of 521 bp and a minor transcript of 408 bp (Kitzmüller, Haines, Codlin, Cutler, & Mole, 2008). The major transcript contains exon 6 spliced to exon 9 and is thought to encode a protein containing the first 153 amino acids of CLN3 plus an additional 28 novel amino acids resulting from an out‐of‐frame RNA sequence at the novel splice site. ",,,CLN3
Pa-cln3.368,,HM210_Kousi_2012_novel,,,,,,,,Norway,,,"Kousi et al., 2012",21990111,,,,,,,,,,,,,,,,,,,,,CLN3
Pa-cln3.369,,HM228_Kousi_2012_novel,cln3.001,c.461-280_677+382del,,,,,,Norway,,,"Kousi et al., 2012",21990111,,,cln3.001,Intron 07 - 09,c.461-280_677+382del,,p.(?),deletion,complex,see notes,,Pathogenic,rs1555468634,g.28485965_28486930del,"The International Batten Disease Consortium, 1995                                              ",7553855,,"This deletion mutation was originally believed to stretch 1.02 kb (Batten Disease Consortium, 1995). It was later shown to span 966 bp, and is also called 1kb deletion. In culture, fibroblasts from a homozygous patient express a major transcript of 521 bp and a minor transcript of 408 bp (Kitzmüller, Haines, Codlin, Cutler, & Mole, 2008). The major transcript contains exon 6 spliced to exon 9 and is thought to encode a protein containing the first 153 amino acids of CLN3 plus an additional 28 novel amino acids resulting from an out‐of‐frame RNA sequence at the novel splice site. ",,,CLN3
Pa-cln3.369,,HM228_Kousi_2012_novel,,,,,,,,Norway,,,"Kousi et al., 2012",21990111,,,,,,,,,,,,,,,,,,,,,CLN3
Pa-cln3.370,,HM419_Kousi_2012_novel,cln3.001,c.461-280_677+382del,,,,,,Sweden,,,"Kousi et al., 2012",21990111,,,cln3.001,Intron 07 - 09,c.461-280_677+382del,,p.(?),deletion,complex,see notes,,Pathogenic,rs1555468634,g.28485965_28486930del,"The International Batten Disease Consortium, 1995                                              ",7553855,,"This deletion mutation was originally believed to stretch 1.02 kb (Batten Disease Consortium, 1995). It was later shown to span 966 bp, and is also called 1kb deletion. In culture, fibroblasts from a homozygous patient express a major transcript of 521 bp and a minor transcript of 408 bp (Kitzmüller, Haines, Codlin, Cutler, & Mole, 2008). The major transcript contains exon 6 spliced to exon 9 and is thought to encode a protein containing the first 153 amino acids of CLN3 plus an additional 28 novel amino acids resulting from an out‐of‐frame RNA sequence at the novel splice site. ",,,CLN3
Pa-cln3.370,,HM419_Kousi_2012_novel,,,,,,,,Sweden,,,"Kousi et al., 2012",21990111,,,,,,,,,,,,,,,,,,,,,CLN3
Pa-cln3.375,REL12,DAT33_Kousi_2012_novel,cln3.052,c.222+5G>C,,,,,,Portugal,,,"Kousi et al., 2012",21990111,,,cln3.052,,,,p.(?),deletion,,,,,,g.28477516-?_28484118+?del,"Kousi et al., Hum Mutat, 2012",21990111,"c.678-?_1317+?del - not that with current reference sequence, 1317 is not an intron/exon boundary",frameshift / premature truncation. End point of deletion no longer corresponds to an intronic location,,,CLN3
Pa-cln3.375,REL12,DAT33_Kousi_2012_novel,,large incompletely characterised deletion,,,,,,Portugal,,,"Kousi et al., 2012",21990111,"Original description c.678-?_1317+?del . Using NM_001042432.2, c.678-1 is in intron 9, and 1317 is in exon 16, but it is not an exon/intron boundary.",,,,,,,,,,,,,,,,,,,,CLN3
Pa-cln3.376,REL12,,cln3.052,c.222+5G>C,,,,,,Portugal,,,"Kousi et al., 2012",21990111,,,cln3.052,,,,p.(?),deletion,,,,,,g.28477516-?_28484118+?del,"Kousi et al., Hum Mutat, 2012",21990111,"c.678-?_1317+?del - not that with current reference sequence, 1317 is not an intron/exon boundary",frameshift / premature truncation. End point of deletion no longer corresponds to an intronic location,,,CLN3
Pa-cln3.376,REL12,,,large incompletely characterised deletion,,,,,,Portugal,,,"Kousi et al., 2012",21990111,"Original description c.678-?_1317+?del . Using NM_001042432.2, c.678-1 is in intron 9, and 1317 is in exon 16, but it is not an exon/intron boundary.",,,,,,,,,,,,,,,,,,,,CLN3
Pa-cln3.377,,DAT34_Kousi_2012_novel,cln3.036,p.(Trp35*),,,,,,USA,,,"Kousi et al., 2012",21990111,,,cln3.036,Exon 03,c.105G>A,35,p.(Trp35*),substitution,nonsense,,Alteration of auxiliary sequences,Pathogenic,rs386833700,g.28491502C>T,"Kousi et al., Hum Mutat, 2012",21990111,,,CM052841,,CLN3
Pa-cln3.377,,DAT34_Kousi_2012_novel,,,,,,,,USA,,,"Kousi et al., 2012",21990111,,,,,,,,,,,,,,,,,,,,,CLN3
Pa-cln3.378,,DAT35_Kousi_2012_novel,cln3.045,p.(Gln72*),,,,,,USA,,,"Kousi et al., 2012",21990111,,,cln3.045,Exon 04,c.214C>T,72,p.(Gln72*),substitution,Nonsense,,Alteration of auxiliary sequences,pathogenic / likely pathogenic,rs386833709,g.28489298G>A,"Kousi et al., Hum Mutat, 2012",21990111,,,,,CLN3
Pa-cln3.378,,DAT35_Kousi_2012_novel,,,,,,,,USA,,,"Kousi et al., 2012",21990111,,,,,,,,,,,,,,,,,,,,,CLN3
Pa-cln3.379,,DAT36_Kousi_2012_novel,cln3.037,p.(Tyr124fs),,,,,,USA,,,"Kousi et al., 2012",21990111,,,cln3.037,Exon 06,c.370dup,124,p.(Tyr124fs),duplication,frameshift,,activation of cryptic acceptor site,likely pathogenic,rs386833715,g.28487666dup,"Pérez-Poyato et al., J Inherit Metab Dis 2011",21499717,,p.(Tyr124Leufs*36),,,CLN3
Pa-cln3.379,,DAT36_Kousi_2012_novel,,,,,,,,USA,,,"Kousi et al., 2012",21990111,,,,,,,,,,,,,,,,,,,,,CLN3
Pa-cln3.380,,DAT37_Kousi_2012_novel,cln3.006,p.(Arg127fs),,,,,,Russia,,,"Kousi et al., 2012",21990111,,,cln3.006,Exon 07, c.378_379dup,127,p.(Arg127fs),duplication,frameshift,,"HGVS not accepted by HSF, despite being correct according to VariantValidator and dbSNP",likely pathogenic,rs386833717,g.28487540_28487541dup,"Munroe et al., Am J Hum Genet; 1997",9311735,p.(Arg127Profs*55),"formerly c.374-375insCC in Munroe et al 1997, and described as p.Val128GlyfsX54 in Kousi et al 2012, p.(Arg127Profs*55) ",,,CLN3
Pa-cln3.380,,DAT37_Kousi_2012_novel,,,,,,,,Russia,,,"Kousi et al., 2012",21990111,,,,,,,,,,,,,,,,,,,,,CLN3
Pa-cln3.381,,DAT38_Kousi_2012_novel,cln3.024,c.461-1G>A,,,,,,USA,,,"Kousi et al., 2012",21990111,this allele in Kousi paper,,cln3.024,Intron 07,c.461-1G>A,,p.(?),substitution,splice acceptor variant,most probably affecting splicing,,likely pathogenic,rs386833722,g.28486651C>T,"Kousi et al., Hum Mutat, 2012",21990111,,number previously used for a different variant,,,CLN3
Pa-cln3.381,,DAT38_Kousi_2012_novel,,,,,,,,USA,,,"Kousi et al., 2012",21990111,this allele in Kousi paper,,,,,,,,,,,,,,,,,,,,CLN3
Pa-cln3.382,,DAT39_Kousi_2012_novel,cln3.038,p.(Ala158Pro),,,,,,USA,,,"Kousi et al., 2012",21990111,,,cln3.038,Exon 07,c.472G>C,158,p.(Ala158Pro),substitution,missense,Probably damaging,new acceptor splice site,likely pathogenic,rs386833723,g.28486639C>G,"Kousi et al., Hum Mutat, 2012",21990111,,,CM052839,,CLN3
Pa-cln3.382,,DAT39_Kousi_2012_novel,,,,,,,,USA,,,"Kousi et al., 2012",21990111,,,,,,,,,,,,,,,,,,,,,CLN3
Pa-cln3.383,,DAT40_Kousi_2012_novel,cln3.043,c.533+1G>A,,,,,,USA,,,"Kousi et al., 2012",21990111,this allele in Kousi paper,,cln3.043,Intron 08,c.533+1G>A,,p.(?),substitution,splice donor variant,most probably affecting splicing,,likely pathogenic, rs386833728,g.28486577C>T,"Kousi et al., Hum Mutat, 2012",21990111,,number previously used for a different variant,,,CLN3
Pa-cln3.383,,DAT40_Kousi_2012_novel,,,,,,,,USA,,,"Kousi et al., 2012",21990111,,,,,,,,,,,,,,,,,,,,,CLN3
Pa-cln3.384,,DAT41_Kousi_2012_novel,cln3.031,p.(Gly187Ala),,,,,,The Netherlands,,,"Kousi et al., 2012",21990111,,,cln3.031,Exon 09,c.560G>C,187,p.(Gly187Ala),substitution,missense,Probably damaging,no significant impact on splicing signals,probable pathogenic,rs386833730,g.28486464C>G,"Kousi et al., Hum Mutat, 2012",21990111,,,CM011758,,CLN3
Pa-cln3.384,,DAT41_Kousi_2012_novel,,,,,,,,The Netherlands,,,"Kousi et al., 2012",21990111,,,,,,,,,,,,,,,,,,,,,CLN3
Pa-cln3.385,,DAT42_Kousi_2012_novel,cln3.030,c.126-1G>A,,,,,,Italy,,,"Kousi et al., 2012",21990111,,,cln3.030,Intron 03,c.126-1G>A,,p.(?),substitution,splice acceptor variant,most probably affecting splicing,,likely pathogenic,rs386833705,g.28489387C>T,"Kousi et al., Hum Mutat, 2012",21990111,,,,,CLN3
Pa-cln3.385,,DAT42_Kousi_2012_novel,,,,,,,,Italy,,,"Kousi et al., 2012",21990111,,,,,,,,,,,,,,,,,,,,,CLN3
Pa-cln3.386,,DAT43_Kousi_2012_novel,cln3.035,p.(Glu295*),,,,,,USA,,,"Kousi et al., 2012",21990111,,,cln3.035,Exon 12,c.883G>T,295,p.(Glu295*),substitution,nonsense,,Alteration of auxiliary sequences,pathogenic / likely pathogenic, rs121434286,g.28482500C>A,"Kousi et al., Hum Mutat, 2012 ",21990111,,,CM003663,,CLN3
Pa-cln3.386,,DAT43_Kousi_2012_novel,,,,,,,,USA,,,"Kousi et al., 2012",21990111,,,,,,,,,,,,,,,,,,,,,CLN3
Pa-cln3.387,,DAT44_Kousi_2012_novel,cln3.047,c.906+5G>A,,,,,,USA,,,"Kousi et al., 2012",21990111,,,cln3.047,Intron 12,c.906+5G>A,,p.(?),substitution,splice donor variant,most probably affecting splicing,,likely pathogenic,rs386833739,g.28482472C>T,"Kousi et al., Hum Mutat, 2012",21990111,,,CS003697,,CLN3
Pa-cln3.387,,DAT44_Kousi_2012_novel,,,,,,,,USA,,,"Kousi et al., 2012",21990111,,,,,,,,,,,,,,,,,,,,,CLN3
Pa-cln3.388,,DAT45_Kousi_2012_novel; DAT47_Kousi_2012_novel,cln3.040,c.1056+3A>C,,,,,,USA,,,"Kousi et al., 2012",21990111,,,cln3.040,Intron 14,c.1056+3A>C,,p.(?),substitution,splice donor variant,most probably affecting splicing,,Pathogenic,rs386833698,g.28482102T>G,"Kousi et al., Hum Mutat, 2012",21990111,,,CS052953,,CLN3
Pa-cln3.388,,DAT45_Kousi_2012_novel; DAT47_Kousi_2012_novel,cln3.041,p.(Asp416Gly),,,,,,USA,,,"Kousi et al., 2012",21990111,,,cln3.041,Exon 16,c.1247A>G,416,p.(Asp416Gly),substitution,missense,Probably damaging,no significant impact on splicing signals,likely pathogenic,rs386833703,g.28477586T>C,"Kousi et al., Hum Mutat, 2012",21990111,,,CM052840,,CLN3
Pa-cln3.389,,DAT46_Kousi_2012_novel,cln3.022,p.(Thr400*),,,,,,UK,,,"Kousi et al., 2012",21990111,,,cln3.022,Intron 15,c.1198-1G>T,400,p.(?),substitution,splice acceptor variant,most probably affecting splicing,,Pathogenic,rs386833702,g.28477636C>A,"Munroe et al., Am J Hum Genet; 1997",9311735,,splice defect (confirmed by RT-PCR),,,CLN3
Pa-cln3.389,,DAT46_Kousi_2012_novel,,,,,,,,UK,,,"Kousi et al., 2012",21990111,,,,,,,,,,,,,,,,,,,,,CLN3
Pa-cln3.390,,DAT48_Kousi_2012_novel,cln3.068,c.954_962+18del,,,,,,The Netherlands,,,"Kousi et al., 2012",21990111,,,cln3.068,Exon 13 - Intron 13,c.954_962+18del,,p.?,deletion,,,,pathogenic,rs386833741,g.28482312_28482338del,"Kousi et al., Hum Mutat, 2012",21990111,p.Leu313_Trp321del / splice defect,,,,CLN3
Pa-cln3.390,,DAT48_Kousi_2012_novel,,,,,,,,The Netherlands,,,"Kousi et al., 2012",21990111,,,,,,,,,,,,,,,,,,,,,CLN3
Pa-cln3.391,,DAT56_Kousi_2012_novel,cln3.051,p.(Leu350fs),,,,,,Russia,,,"Kousi et al., 2012",21990111,,,cln3.051,Exon 14,c.1048del,350,p.(Leu350fs),deletion,frameshift,,no significant impact on splicing signals,likely pathogenic,rs386833696,g.28482115del,"Kousi et al., Hum Mutat, 2012",21990111,,,,,CLN3
Pa-cln3.392,,DAT57_Kousi_2012_novel,cln3.046,c.222+2T>G,,,,,,Greece,,,"Kousi et al., 2012",21990111,,,cln3.046,Intron 04,c.222+2T>G,,p.(?),substitution,splice donor variant,most probably affecting splicing,,likely pathogenic,rs386833710,g.28489288A>C,"Kousi et al., Hum Mutat, 2012",21990111,,originally IVS3+2T>G,,,CLN3
Pa-cln3.392,,DAT57_Kousi_2012_novel,,,,,,,,Greece,,,"Kousi et al., 2012",21990111,,,,,,,,,,,,,,,,,,,,,CLN3
Pa-cln3.393,,DAT58_Kousi_2012_novel,cln3.055,p.(Ser423*),,,,,,Portugal,,,"Kousi et al., 2012",21990111,,,cln3.055,Exon 16,c.1268C>A,423,p.(Ser423*),substitution,nonsense,,Alteration of auxiliary sequences; new donor splice site; new acceptor splice site,likely pathogenic, rs386833706,g.28477565G>T,"Kousi et al., Hum Mutat, 2012",21990111,,,,,CLN3
Pa-cln3.393,,DAT58_Kousi_2012_novel,,,,,,,,Portugal,,,"Kousi et al., 2012",21990111,,,,,,,,,,,,,,,,,,,,,CLN3
Pa-cln3.394,,31_Mole_2001,cln3.030,c.126-1G>A,,,juvenile,,,Turkey,,,Mole et al 2001 (Taschner pers comm),11589012,,,cln3.030,Intron 03,c.126-1G>A,,p.(?),substitution,splice acceptor variant,most probably affecting splicing,,likely pathogenic,rs386833705,g.28489387C>T,"Kousi et al., Hum Mutat, 2012",21990111,,,,,CLN3
Pa-cln3.394,,31_Mole_2001,,,,,juvenile,,,Turkey,,,Mole et al 2001 (Taschner pers comm),11589012,,,,,,,,,,,,,,,,,,,,,CLN3
Pa-cln3.395,,HM_387_Mitchison,cln3.030,c.126-1G>A,,,,,,Turkey,,,"Kousi et al., 2012",21990111,,,cln3.030,Intron 03,c.126-1G>A,,p.(?),substitution,splice acceptor variant,most probably affecting splicing,,likely pathogenic,rs386833705,g.28489387C>T,"Kousi et al., Hum Mutat, 2012",21990111,,,,,CLN3
Pa-cln3.395,,HM_387_Mitchison,,,,,,,,Turkey,,,"Kousi et al., 2012",21990111,,,,,,,,,,,,,,,,,,,,,CLN3
Pa-cln3.396,,32_Mole_2001,cln3.033,c.294-58G>A ,,,,,,The Netherlands,,,Mole et al 2001 (Taschner pers comm),11589012,,,,,,,,,,,,,,,,,,,,,CLN3
Pa-cln3.396,,32_Mole_2001,,,,,,,,The Netherlands,,,Mole et al 2001 (Taschner pers comm),11589012,,,,,,,,,,,,,,,,,,,,,CLN3
Pa-cln3.397,,33_Mole_2001,cln3.034,c.294-80G>A,,,,,,,,,Mole et al 2001 (Taschner pers comm),11589012,"LOVD gives -80, and original description as IVS-81G>A",,,,,,,,,,,,,,,,,,,,CLN3
Pa-cln3.397,,33_Mole_2001,,,,,,,,,,,Mole et al 2001 (Taschner pers comm),11589012,,,,,,,,,,,,,,,,,,,,,CLN3
Pa-cln3.398,,"N5603_Kousi_2011_novel, ",,,c.1211A>G,,,,,Turkey,,,"Kousi et al., 2012",21990111,"listed as additional allele, and sequence variant",,,,,,,,,,,,,,,,,,,,CLN3
Pa-cln3.398,,"N5603_Kousi_2011_novel, ",,,,,,,,Turkey,,,"Kousi et al., 2012",21990111,,,,,,,,,,,,,,,,,,,,,CLN3
Pa-cln3.399,,"N6103_Kousi_2011_novel, ",,,c.1211A>G,,,,,Turkey,,,"Kousi et al., 2012",21990111,"listed as additional allele, and sequence variant",,,,,,,,,,,,,,,,,,,,CLN3
Pa-cln3.399,,"N6103_Kousi_2011_novel, ",,,,,,,,Turkey,,,"Kousi et al., 2012",21990111,,,,,,,,,,,,,,,,,,,,,CLN3
Pa-cln3.400,,N8803_Kousi_2011_novel,,,c.1211A>G,,,,,Turkey,,,"Kousi et al., 2012",21990111,"listed as additional allele, and sequence variant",,,,,,,,,,,,,,,,,,,,CLN3
Pa-cln3.400,,N8803_Kousi_2011_novel,,,,,,,,Turkey,,,"Kousi et al., 2012",21990111,,,,,,,,,,,,,,,,,,,,,CLN3
Pa-cln3.401,REL13,"373_Kousi_2011_novel, ",,,c.1211A>G,,,,,Turkey,,,"Kousi et al., 2012",21990111,"listed as additional allele, and sequence variant",,,,,,,,,,,,,,,,,,,,CLN3
Pa-cln3.401,REL13,"373_Kousi_2011_novel, ",,,,,,,,Turkey,,,"Kousi et al., 2012",21990111,,,,,,,,,,,,,,,,,,,,,CLN3
Pa-cln3.402,REL13,374_Kousi_2011_novel,,,c.1211A>G,,,,,Turkey,,,"Kousi et al., 2012",21990111,"listed as additional allele, and sequence variant",,,,,,,,,,,,,,,,,,,,CLN3
Pa-cln3.402,REL13,374_Kousi_2011_novel,,,,,,,,Turkey,,,"Kousi et al., 2012",21990111,,,,,,,,,,,,,,,,,,,,,CLN3
Pa-cln3.403,,,cln3.001,c.461-280_677+382del,,,juvenile,8,,Albania,,Greece,pers comm D. Zafeirou,N.A.,,,cln3.001,Intron 07 - 09,c.461-280_677+382del,,p.(?),deletion,complex,see notes,,Pathogenic,rs1555468634,g.28485965_28486930del,"The International Batten Disease Consortium, 1995                                              ",7553855,,"This deletion mutation was originally believed to stretch 1.02 kb (Batten Disease Consortium, 1995). It was later shown to span 966 bp, and is also called 1kb deletion. In culture, fibroblasts from a homozygous patient express a major transcript of 521 bp and a minor transcript of 408 bp (Kitzmüller, Haines, Codlin, Cutler, & Mole, 2008). The major transcript contains exon 6 spliced to exon 9 and is thought to encode a protein containing the first 153 amino acids of CLN3 plus an additional 28 novel amino acids resulting from an out‐of‐frame RNA sequence at the novel splice site. ",,,CLN3
Pa-cln3.404,,,cln3.001,c.461-280_677+382del,,,severe 16p deletion syndrome,9,,France,,,"Pebrel-Richard et al., 2014",23860047,hemizygous 16p11.2 microdeletion unmasks 1kb mutation in CLN3,,cln3.001,Intron 07 - 09,c.461-280_677+382del,,p.(?),deletion,complex,see notes,,Pathogenic,rs1555468634,g.28485965_28486930del,"The International Batten Disease Consortium, 1995                                              ",7553855,,"This deletion mutation was originally believed to stretch 1.02 kb (Batten Disease Consortium, 1995). It was later shown to span 966 bp, and is also called 1kb deletion. In culture, fibroblasts from a homozygous patient express a major transcript of 521 bp and a minor transcript of 408 bp (Kitzmüller, Haines, Codlin, Cutler, & Mole, 2008). The major transcript contains exon 6 spliced to exon 9 and is thought to encode a protein containing the first 153 amino acids of CLN3 plus an additional 28 novel amino acids resulting from an out‐of‐frame RNA sequence at the novel splice site. ",,,CLN3
Pa-cln3.404,,Pebrel-Richard_2014,cln3.069,1.7 Mb microdeletion,,,severe 16p deletion syndrome,9,,France,,,"Pebrel-Richard et al., 2014",23860047,hemizygous 16p11.2 microdeletion unmasks 1kb mutation in CLN3,,cln3.069,,1.7 Mb microdeletion,,p.(?),deletion,,,,,,g.28491925_30190709del,"Pebrel-Richard et al., 2014",23860047,hemizygous 16p11.2 microdeletion unmasks 1kb mutation in CLN3,Cannot validate genomiccoordinates,,,CLN3
Pa-cln3.405,,F14_Coppieters_2014,cln3.070,p.(Lys262*),,,juvenile,10,,,,,"Coppieters et al., 2014",24625443,,,cln3.070,Exon 10,c.784A>T,262,p.(Lys262*),substitution,nonsense,,Alteration of auxiliary sequences,Pathogenic, rs1064794233,g.28484012T>A,"Coppieters et al., 2014",24625443,,,,,CLN3
Pa-cln3.406,REL14,V1_Cortese,cln3.071,p.(Gly165Glu),,,autophagic vacuolar myopathy,,"Large autophagic vacuoles, no PF",Italy,,Italy,"Cortese et al., 2014",24827497,late onset seizures 7 heart failure ~40y,,cln3.071,Exon 08,c.494G>A,165,p.(Gly165Glu),substitution,missense,Probably damaging,new acceptor splice site,Pathogenic, rs786201028,g.28486617C>T,"Cortese et al., Neurol; 2014",24827497,,,,,CLN3
Pa-cln3.406,REL14,V1_Cortese,,,,,autophagic vacuolar myopathy,,"Large autophagic vacuoles, no PF",Italy,,Italy,"Cortese et al., 2014",24827497,late onset seizures 7 heart failure ~40y,,,,,,,,,,,,,,,,,,,,CLN3
Pa-cln3.407,REL14,V2_Cortese,cln3.071,p.(Gly165Glu),,,autophagic vacuolar myopathy,,"Large autophagic vacuoles, no PF",Italy,,Italy,"Cortese et al., 2014",24827497,,,cln3.071,Exon 08,c.494G>A,165,p.(Gly165Glu),substitution,missense,Probably damaging,new acceptor splice site,Pathogenic, rs786201028,g.28486617C>T,"Cortese et al., Neurol; 2014",24827497,,,,,CLN3
Pa-cln3.407,REL14,V2_Cortese,,,,,autophagic vacuolar myopathy,,"Large autophagic vacuoles, no PF",Italy,,Italy,"Cortese et al., 2014",24827497,,,,,,,,,,,,,,,,,,,,,CLN3
Pa-cln3.408,REL15,2055-1_Wang_2014,cln3.072,p.(Tyr322*),,,RP,,,Italy,Sicily,Italy,"Wang et al., 2014",24154662,only blindness at 45y,,cln3.072,Exon 14,c.966C>G,322,p.(Tyr322*),substitution,nonsense,,new acceptor splice site,,,g.28482195G>C,"Wang et al., 2014",24154662,,(in Pa with blindness only),,,CLN3
Pa-cln3.408,REL15,2055-1_Wang_2014,cln3.073,p.(Val290Leu),,,RP,,,Italy,Sicily,Italy,"Wang et al., 2014",24154662,only blindness at 45y,,cln3.073,Exon 12,c.868G>T,290,p.(Val290Leu),substitution,missense,Benign,Alteration of auxiliary sequences,uncertain significance,rs369008702,g.28482515C>A,"Wang et al., 2014",24154662,,"blindness ony, age 45y. This is not a common variant; 0% in ALFA",,,CLN3
Pa-cln3.409,REL15,2055-2_Wang_2014,cln3.072,p.(Tyr322*),,,RP,,,Italy,Sicily,Italy,"Wang et al., 2014",24154662,only blindness at 40y,,cln3.072,Exon 14,c.966C>G,322,p.(Tyr322*),substitution,nonsense,,new acceptor splice site,,,g.28482195G>C,"Wang et al., 2014",24154662,,(in Pa with blindness only),,,CLN3
Pa-cln3.409,REL15,2055-2_Wang_2014,cln3.073,p.(Val290Leu),,,RP,,,Italy,Sicily,Italy,"Wang et al., 2014",24154662,only blindness at 40y,,cln3.073,Exon 12,c.868G>T,290,p.(Val290Leu),substitution,missense,Benign,Alteration of auxiliary sequences,uncertain significance,rs369008702,g.28482515C>A,"Wang et al., 2014",24154662,,"blindness ony, age 45y. This is not a common variant; 0% in ALFA",,,CLN3
Pa-cln3.410,REL16,348-1_Wang_2014,cln3.074,p.(Arg405Trp),,,RP,,,Canada ,"Mohawk, Quebec",Canada,"Wang et al., 2014",24154662,only blindness at 50-60y,,cln3.074,Exon 16,c.1213C>T ,405,p.(Arg405Trp),substitution,missense,Probably damaging,Alteration of auxiliary sequences,conflicting interpretations of pathogenicity,rs139842473,g.28477620G>A,Weisschuh et al. 2016,26766544,,Detected by WES in patient with RP,,,CLN3
Pa-cln3.411,REL16,348-3_Wang_2014,cln3.074,p.(Arg405Trp),,,RP,,,Canada ,"Mohawk, Quebec",Canada,"Wang et al., 2014",24154662,only blindness at 50-60y,,cln3.074,Exon 16,c.1213C>T ,405,p.(Arg405Trp),substitution,missense,Probably damaging,Alteration of auxiliary sequences,conflicting interpretations of pathogenicity,rs139842473,g.28477620G>A,Weisschuh et al. 2016,26766544,,Detected by WES in patient with RP,,,CLN3
Pa-cln3.412,REL16,348-4_Wang_2014,cln3.074,p.(Arg405Trp),,,RP,,,Canada ,"Mohawk, Quebec",Canada,"Wang et al., 2014",24154662,only blindness at 50-60y,,cln3.074,Exon 16,c.1213C>T ,405,p.(Arg405Trp),substitution,missense,Probably damaging,Alteration of auxiliary sequences,conflicting interpretations of pathogenicity,rs139842473,g.28477620G>A,Weisschuh et al. 2016,26766544,,Detected by WES in patient with RP,,,CLN3
Pa-cln3.413,REL16,348-7_Wang_2014,cln3.074,p.(Arg405Trp),,,RP,,,Canada ,"Mohawk, Quebec",Canada,"Wang et al., 2014",24154662,only blindness at 50-60y,,cln3.074,Exon 16,c.1213C>T ,405,p.(Arg405Trp),substitution,missense,Probably damaging,Alteration of auxiliary sequences,conflicting interpretations of pathogenicity,rs139842473,g.28477620G>A,Weisschuh et al. 2016,26766544,,Detected by WES in patient with RP,,,CLN3
Pa-cln3.414,REL17,2044-1_Wang_2014,cln3.074,p.(Arg405Trp),,,RP,,,Mexico,,,"Wang et al., 2014",24154662,only blindness at 57y,,cln3.074,Exon 16,c.1213C>T ,405,p.(Arg405Trp),substitution,missense,Probably damaging,Alteration of auxiliary sequences,conflicting interpretations of pathogenicity,rs139842473,g.28477620G>A,Weisschuh et al. 2016,26766544,,Detected by WES in patient with RP,,,CLN3
Pa-cln3.414,REL17,2044-1_Wang_2014,cln3.075,c.125+1G>C,,,RP,,,Mexico,,,"Wang et al., 2014",24154662,only blindness at 57y,,cln3.075,Intron 03,c.125+1G>C,,p.(?),substitution,splice donor variant,most probably affecting splicing,,,,g.28491481C>G,"Wang et al., 2014",24154662,was given as Exon 02 in previous version and also in Mirza et al,(in patient with blindness only ~60y),,,CLN3
Pa-cln3.415,REL17,2044-2_Wang_2014,cln3.074,p.(Arg405Trp),,,RP,,,Mexico,,,"Wang et al., 2014",24154662,only blindness at 50-60y,,cln3.074,Exon 16,c.1213C>T ,405,p.(Arg405Trp),substitution,missense,Probably damaging,Alteration of auxiliary sequences,conflicting interpretations of pathogenicity,rs139842473,g.28477620G>A,Weisschuh et al. 2016,26766544,,Detected by WES in patient with RP,,,CLN3
Pa-cln3.415,REL17,2044-2_Wang_2014,cln3.075,c.125+1G>C,,,RP,,,Mexico,,,"Wang et al., 2014",24154662,only blindness at 50-60y,,cln3.075,Intron 03,c.125+1G>C,,p.(?),substitution,splice donor variant,most probably affecting splicing,,,,g.28491481C>G,"Wang et al., 2014",24154662,was given as Exon 02 in previous version and also in Mirza et al,(in patient with blindness only ~60y),,,CLN3
Pa-cln3.416,,2691_Wang_2014,cln3.054,p.(Gly189Arg),,,RP,,,Mexico,,,"Wang et al., 2014",24154662,only blindness at 10y,,cln3.054,Exon 09,c.565G>C,189,p.(Gly189Arg),substitution,missense,Probably damaging,no significant impact on splicing signals,likely pathogenic,rs386833731,g.28486459C>G,"Wang et al., 2014",24154662,,,,,CLN3
Pa-cln3.417,REL18,SRF41-1_Wang_2014,cln3.015,p.(Glu295Lys),,,CRD,,,China,,,"Wang et al., 2014",24154662,only blindness at 20y,,cln3.015,Exon 12,c.883G>A,295,p.(Glu295Lys),substitution,missense,Benign,Alteration of auxiliary sequences,pathogenic,rs121434286,g.28482500C>T,"Munroe et al., Am J Hum Genet; 1997",9311735,,This is not a common variant; <0.001 total (ALFA); <0.01% 1000 genomes;,,,CLN3
Pa-cln3.417,REL18,SRF41-1_Wang_2014,cln3.076,p.(Ser131Arg),,,CRD,,,China,,,"Wang et al., 2014",24154662,only blindness at 20y,,cln3.076,Exon 07,c.391A>C,131,p.(Ser131Arg),substitution,missense,Possibly damaging,no significant impact on splicing signals,,,g.28487525T>G,"Wang et al., 2014",24154662,,,,,CLN3
Pa-cln3.418,REL18,SRF41-2_Wang_2014,cln3.015,p.(Glu295Lys),,,CRD,,,China,,,"Wang et al., 2014",24154662,only blindness at 20y,,cln3.015,Exon 12,c.883G>A,295,p.(Glu295Lys),substitution,missense,Benign,Alteration of auxiliary sequences,pathogenic,rs121434286,g.28482500C>T,"Munroe et al., Am J Hum Genet; 1997",9311735,,This is not a common variant; <0.001 total (ALFA); <0.01% 1000 genomes;,,,CLN3
Pa-cln3.418,REL18,SRF41-2_Wang_2014,cln3.076,p.(Ser131Arg),,,CRD,,,China,,,"Wang et al., 2014",24154662,only blindness at 20y,,cln3.076,Exon 07,c.391A>C,131,p.(Ser131Arg),substitution,missense,Possibly damaging,no significant impact on splicing signals,,,g.28487525T>G,"Wang et al., 2014",24154662,,,,,CLN3
Pa-cln3.419,,,cln3.074,p.(Arg405Trp),,,RP,,,UK,,UK,pers comm A. Moore,N.A.,only blindness at 35y,,cln3.074,Exon 16,c.1213C>T ,405,p.(Arg405Trp),substitution,missense,Probably damaging,Alteration of auxiliary sequences,conflicting interpretations of pathogenicity,rs139842473,g.28477620G>A,Weisschuh et al. 2016,26766544,,Detected by WES in patient with RP,,,CLN3
Pa-cln3.420,,,cln3.001,c.461-280_677+382del,,,juvenile,6.5,,USA,,USA,Drack et al. 2014,23877479,,,cln3.001,Intron 07 - 09,c.461-280_677+382del,,p.(?),deletion,complex,see notes,,Pathogenic,rs1555468634,g.28485965_28486930del,"The International Batten Disease Consortium, 1995                                              ",7553855,,"This deletion mutation was originally believed to stretch 1.02 kb (Batten Disease Consortium, 1995). It was later shown to span 966 bp, and is also called 1kb deletion. In culture, fibroblasts from a homozygous patient express a major transcript of 521 bp and a minor transcript of 408 bp (Kitzmüller, Haines, Codlin, Cutler, & Mole, 2008). The major transcript contains exon 6 spliced to exon 9 and is thought to encode a protein containing the first 153 amino acids of CLN3 plus an additional 28 novel amino acids resulting from an out‐of‐frame RNA sequence at the novel splice site. ",,,CLN3
Pa-cln3.420,,,cln3.078,p.(Leu379Metfs*11),,,juvenile,6.5,,USA,,USA,Drack et al. 2014,23877479,,,cln3.078,Exon 15,c.1135_1138del,379,p.(Leu379Metfs*11),deletion,frameshift,,new acceptor site,,,g.28477797_28477800del,"Drack et al. 2014, J Child Neurol 28:1112-6",23877479,p.(Leu379fs),,,,CLN3
Pa-cln3.421,,,cln3.079,p.(Gly189Trp),,,juvenile,,"FP, vac lymphocytes",,,UK,pers comm R Williams,,,,cln3.079,Exon 09,c.565G>T,189,p.(Gly189Trp),substitution,missense,Probably damaging,Alteration of auxiliary sequences,uncertain significance,rs386833731,g.28486459C>A,R Williams pers comm,,,,,,CLN3
Pa-cln3.422,REL19,,cln3.080,p.(Glu273Lysfs*26),,,juvenile,,,,,UK,pers comm R Williams,,,,cln3.080,Exon 11,c.816_817del,273,p.(Glu273LysfsTer26),deletion,frameshift, NA,new acceptor splice site,Pathogenic,rs886041546,g.28482647_28482648del,R Williams pers comm,,,,,,CLN3
Pa-cln3.423,REL19,,cln3.080,p.(Glu273Lysfs*26),,,juvenile,,,,,UK,pers comm R Williams,,,,cln3.080,Exon 11,c.816_817del,273,p.(Glu273LysfsTer26),deletion,frameshift, NA,new acceptor splice site,Pathogenic,rs886041546,g.28482647_28482648del,R Williams pers comm,,,,,,CLN3
Pa-cln3.424,,,cln3.016,p.(His315fs),,,juvenile,,"RL, FP, vac",Italy,,Italy,Licchetta et al. 2015,26360874,visual loss in childhood; neurological impairment arose in 20s,visual loss in childhood; neurological impairment arose in 20s,cln3.016,Exon 13,c.944dup,315,p.(His315fs),duplication,frameshift,,new acceptor splice site,pathogenic,rs386833740,g.28482345dup,"Munroe et al., Am J Hum Genet; 1997",9311735,,c.944-945insA,,,CLN3
Pa-cln3.424,,,cln3.081,p.(Ala349_Leu350del) ,,,juvenile,,"RL, FP, vac",Italy,,Italy,Licchetta et al. 2015,26360874,visual loss in childhood; neurological impairment arose in 20s,visual loss in childhood; neurological impairment arose in 20s,cln3.081,Exon 14,c.1045_1050del,349_350,p.(Ala349_Leu350del) ,Deletion,deletion,,broken wild type donor site,,,g.28482118_28482123del,Licchetta et al. 2015 ,26360874,,six-nucleotide deletion predicted to result in the deletion of two amino acids in the sixth transmembrane domain of the protein. ,,,CLN3
Pa-cln3.425,,,cln3.074,p.(Arg405Trp),,,RP,,,,,,Weisschuh et al. 2016,26766544,Patient in family ARRP182. Whole exome sequencing in multiple cases of RP - no other pt information given,,cln3.074,Exon 16,c.1213C>T ,405,p.(Arg405Trp),substitution,missense,Probably damaging,Alteration of auxiliary sequences,conflicting interpretations of pathogenicity,rs139842473,g.28477620G>A,Weisschuh et al. 2016,26766544,,Detected by WES in patient with RP,,,CLN3
Pa-cln3.426,,G001009,cln3.001,c.461-280_677+382del,,,RP,,,European,,UK,Carss et al. 2017,28041643,pt at Moorfields. No further details given,,cln3.001,Intron 07 - 09,c.461-280_677+382del,,p.(?),deletion,complex,see notes,,Pathogenic,rs1555468634,g.28485965_28486930del,"The International Batten Disease Consortium, 1995                                              ",7553855,,"This deletion mutation was originally believed to stretch 1.02 kb (Batten Disease Consortium, 1995). It was later shown to span 966 bp, and is also called 1kb deletion. In culture, fibroblasts from a homozygous patient express a major transcript of 521 bp and a minor transcript of 408 bp (Kitzmüller, Haines, Codlin, Cutler, & Mole, 2008). The major transcript contains exon 6 spliced to exon 9 and is thought to encode a protein containing the first 153 amino acids of CLN3 plus an additional 28 novel amino acids resulting from an out‐of‐frame RNA sequence at the novel splice site. ",,,CLN3
Pa-cln3.426,,G001009,cln3.082,p.(Ile285Val),,,RP,,,European,,UK,Carss et al. 2017,28041643,pt at Moorfields. No further details given,,cln3.082,Exon 12,c.853A>G,285,p.(Ile285Val),substitution,missense,Benign,new donor splice site,uncertain significance,rs748844685,g.28482530T>C,Carss et al. 2017,28041643,,This is not a common variant; <0.00008% total (ExAC); 0.00004% gnomAD,,,CLN3
Pa-cln3.427,,G005260,cln3.001,c.461-280_677+382del,,,RP,,,European,,UK,Carss et al. 2017,28041643,pt at Moorfields. No further details given,,cln3.001,Intron 07 - 09,c.461-280_677+382del,,p.(?),deletion,complex,see notes,,Pathogenic,rs1555468634,g.28485965_28486930del,"The International Batten Disease Consortium, 1995                                              ",7553855,,"This deletion mutation was originally believed to stretch 1.02 kb (Batten Disease Consortium, 1995). It was later shown to span 966 bp, and is also called 1kb deletion. In culture, fibroblasts from a homozygous patient express a major transcript of 521 bp and a minor transcript of 408 bp (Kitzmüller, Haines, Codlin, Cutler, & Mole, 2008). The major transcript contains exon 6 spliced to exon 9 and is thought to encode a protein containing the first 153 amino acids of CLN3 plus an additional 28 novel amino acids resulting from an out‐of‐frame RNA sequence at the novel splice site. ",,,CLN3
Pa-cln3.427,,G005260,cln3.074,p.(Arg405Trp),,,RP,,,European,,UK,Carss et al. 2017,28041643,pt at Moorfields. No further details given,,cln3.074,Exon 16,c.1213C>T ,405,p.(Arg405Trp),substitution,missense,Probably damaging,Alteration of auxiliary sequences,conflicting interpretations of pathogenicity,rs139842473,g.28477620G>A,Weisschuh et al. 2016,26766544,,Detected by WES in patient with RP,,,CLN3
Pa-cln3.428,,G007728,cln3.074,p.(Arg405Trp),,,RP,,,,South Asian,UK,Carss et al. 2017,28041643,pt at Moorfields. No further details given,,cln3.074,Exon 16,c.1213C>T ,405,p.(Arg405Trp),substitution,missense,Probably damaging,Alteration of auxiliary sequences,conflicting interpretations of pathogenicity,rs139842473,g.28477620G>A,Weisschuh et al. 2016,26766544,,Detected by WES in patient with RP,,,CLN3
Pa-cln3.429,,W000151,cln3.001,c.461-280_677+382del,,,RP,,,European,,UK,Carss et al. 2017,28041643,pt at Moorfields. No further details given,,cln3.001,Intron 07 - 09,c.461-280_677+382del,,p.(?),deletion,complex,see notes,,Pathogenic,rs1555468634,g.28485965_28486930del,"The International Batten Disease Consortium, 1995                                              ",7553855,,"This deletion mutation was originally believed to stretch 1.02 kb (Batten Disease Consortium, 1995). It was later shown to span 966 bp, and is also called 1kb deletion. In culture, fibroblasts from a homozygous patient express a major transcript of 521 bp and a minor transcript of 408 bp (Kitzmüller, Haines, Codlin, Cutler, & Mole, 2008). The major transcript contains exon 6 spliced to exon 9 and is thought to encode a protein containing the first 153 amino acids of CLN3 plus an additional 28 novel amino acids resulting from an out‐of‐frame RNA sequence at the novel splice site. ",,,CLN3
Pa-cln3.429,,W000151,cln3.084,p.(Val330Ile),,,RP,,,European,,UK,Carss et al. 2017,28041643,pt at Moorfields. No further details given,,cln3.084,Exon 14,c.988G>A,330,p.(Val330Ile),substitution,missense,Probably damaging,no significant impact on splicing signals,conflicting interpretations of pathogenicity,rs386833744,g.28482173C>T,Carss et al. 2017,28041643,,,,,CLN3
Pa-cln3.430,,W000167,cln3.001,c.461-280_677+382del,,,RP,,,European,,UK,Carss et al. 2017,28041643,pt at Moorfields. No further details given,,cln3.001,Intron 07 - 09,c.461-280_677+382del,,p.(?),deletion,complex,see notes,,Pathogenic,rs1555468634,g.28485965_28486930del,"The International Batten Disease Consortium, 1995                                              ",7553855,,"This deletion mutation was originally believed to stretch 1.02 kb (Batten Disease Consortium, 1995). It was later shown to span 966 bp, and is also called 1kb deletion. In culture, fibroblasts from a homozygous patient express a major transcript of 521 bp and a minor transcript of 408 bp (Kitzmüller, Haines, Codlin, Cutler, & Mole, 2008). The major transcript contains exon 6 spliced to exon 9 and is thought to encode a protein containing the first 153 amino acids of CLN3 plus an additional 28 novel amino acids resulting from an out‐of‐frame RNA sequence at the novel splice site. ",,,CLN3
Pa-cln3.430,,W000167,,,,,RP,,,European,,UK,Carss et al. 2017,28041643,pt at Moorfields. No further details given. Allele given in paper has errors; the genomic and c.DNA locations do not match ,,,,,,,,,,,,,,,,,,,,CLN3
Pa-cln3.431,,W000331,cln3.074,p.(Arg405Trp),,,RP,,,European,,UK,Carss et al. 2017,28041643,pt at Moorfields. No further details given,,cln3.074,Exon 16,c.1213C>T ,405,p.(Arg405Trp),substitution,missense,Probably damaging,Alteration of auxiliary sequences,conflicting interpretations of pathogenicity,rs139842473,g.28477620G>A,Weisschuh et al. 2016,26766544,,Detected by WES in patient with RP,,,CLN3
Pa-cln3.432,,"(Case 5, KL) Probably Case B4",cln3.001,c.461-280_677+382del,,,late infantile,4,,,,,(Goebel HH et al 1975) Probably Radke et al. 2018,(PMC492133),"Patient with pigmentary degeneration of retina, seizures, abnormal EEG, ataxia, azurophilic hypergranulation of neutrophils. DNA from paraffin block muscle specimen. ",https://www.ncbi.nlm.nih.gov/pubmed/30480032,cln3.001,Intron 07 - 09,c.461-280_677+382del,,p.(?),deletion,complex,see notes,,Pathogenic,rs1555468634,g.28485965_28486930del,"The International Batten Disease Consortium, 1995                                              ",7553855,,"This deletion mutation was originally believed to stretch 1.02 kb (Batten Disease Consortium, 1995). It was later shown to span 966 bp, and is also called 1kb deletion. In culture, fibroblasts from a homozygous patient express a major transcript of 521 bp and a minor transcript of 408 bp (Kitzmüller, Haines, Codlin, Cutler, & Mole, 2008). The major transcript contains exon 6 spliced to exon 9 and is thought to encode a protein containing the first 153 amino acids of CLN3 plus an additional 28 novel amino acids resulting from an out‐of‐frame RNA sequence at the novel splice site. ",,,CLN3
Pa-cln3.432,,"(Case 5, KL) Probably Case B4",cln3.086,c.1056+34C>A,,,late infantile,4,,,,,(Goebel HH et al 1975) Probably Radke et al. 2018,(PMC492133),"Patient with pigmentary degeneration of retina, seizures, abnormal EEG, ataxia, azurophilic hypergranulation of neutrophils. DNA from paraffin block muscle specimen. ",https://www.ncbi.nlm.nih.gov/pubmed/30480032,cln3.086,Intron 14,c.1056+34C>A,,p.(?),substitution,,no significant impact on splicing signals,,,,g.28482071G>T,Goebel HH et al 1975,172609,,paraffin block muscle specimen. Heterozygous with 1kb deletion,,,CLN3
Pa-cln3.433,,MEH1,cln3.074,p.(Arg405Trp),,,IRD,30s,,,,UK,Ku et al. 2017,28542676,full clinical summary in table in paper,,cln3.074,Exon 16,c.1213C>T ,405,p.(Arg405Trp),substitution,missense,Probably damaging,Alteration of auxiliary sequences,conflicting interpretations of pathogenicity,rs139842473,g.28477620G>A,Weisschuh et al. 2016,26766544,,Detected by WES in patient with RP,,,CLN3
Pa-cln3.434,,MEH2,cln3.001,c.461-280_677+382del,,,IRD,20s,,,,UK,Ku et al. 2017,28542676,full clinical summary in table in paper,,cln3.001,Intron 07 - 09,c.461-280_677+382del,,p.(?),deletion,complex,see notes,,Pathogenic,rs1555468634,g.28485965_28486930del,"The International Batten Disease Consortium, 1995                                              ",7553855,,"This deletion mutation was originally believed to stretch 1.02 kb (Batten Disease Consortium, 1995). It was later shown to span 966 bp, and is also called 1kb deletion. In culture, fibroblasts from a homozygous patient express a major transcript of 521 bp and a minor transcript of 408 bp (Kitzmüller, Haines, Codlin, Cutler, & Mole, 2008). The major transcript contains exon 6 spliced to exon 9 and is thought to encode a protein containing the first 153 amino acids of CLN3 plus an additional 28 novel amino acids resulting from an out‐of‐frame RNA sequence at the novel splice site. ",,,CLN3
Pa-cln3.434,,MEH2,cln3.084,p.(Val330Ile),,,IRD,20s,,,,UK,Ku et al. 2017,28542676,full clinical summary in table in paper,,cln3.084,Exon 14,c.988G>A,330,p.(Val330Ile),substitution,missense,Probably damaging,no significant impact on splicing signals,conflicting interpretations of pathogenicity,rs386833744,g.28482173C>T,Carss et al. 2017,28041643,,,,,CLN3
Pa-cln3.435,,MEH3,cln3.001,c.461-280_677+382del,,,IRD,40s,,,,UK,Ku et al. 2017,28542676,full clinical summary in table in paper,,cln3.001,Intron 07 - 09,c.461-280_677+382del,,p.(?),deletion,complex,see notes,,Pathogenic,rs1555468634,g.28485965_28486930del,"The International Batten Disease Consortium, 1995                                              ",7553855,,"This deletion mutation was originally believed to stretch 1.02 kb (Batten Disease Consortium, 1995). It was later shown to span 966 bp, and is also called 1kb deletion. In culture, fibroblasts from a homozygous patient express a major transcript of 521 bp and a minor transcript of 408 bp (Kitzmüller, Haines, Codlin, Cutler, & Mole, 2008). The major transcript contains exon 6 spliced to exon 9 and is thought to encode a protein containing the first 153 amino acids of CLN3 plus an additional 28 novel amino acids resulting from an out‐of‐frame RNA sequence at the novel splice site. ",,,CLN3
Pa-cln3.435,,MEH3,cln3.087,c.837+5G>A,,,IRD,40s,,,,UK,Ku et al. 2017,28542676,full clinical summary in table in paper,,cln3.087,Intron 11,c.837+5G>A,,p.(?),substitution,splice acceptor variant,most probably affecting splicing,,uncertain significance, rs756848924,g.28482621C>T,"Ku et al., 2017",28542676,,,,,CLN3
Pa-cln3.436,,MEH4,cln3.074,p.(Arg405Trp),,,IRD,30s,,,,UK,Ku et al. 2017,28542676,full clinical summary in table in paper,,cln3.074,Exon 16,c.1213C>T ,405,p.(Arg405Trp),substitution,missense,Probably damaging,Alteration of auxiliary sequences,conflicting interpretations of pathogenicity,rs139842473,g.28477620G>A,Weisschuh et al. 2016,26766544,,Detected by WES in patient with RP,,,CLN3
Pa-cln3.437,,CEI1,cln3.001,c.461-280_677+382del,,,IRD,Late teens,,,,USA,Ku et al. 2017,28542676,full clinical summary in table in paper,,cln3.001,Intron 07 - 09,c.461-280_677+382del,,p.(?),deletion,complex,see notes,,Pathogenic,rs1555468634,g.28485965_28486930del,"The International Batten Disease Consortium, 1995                                              ",7553855,,"This deletion mutation was originally believed to stretch 1.02 kb (Batten Disease Consortium, 1995). It was later shown to span 966 bp, and is also called 1kb deletion. In culture, fibroblasts from a homozygous patient express a major transcript of 521 bp and a minor transcript of 408 bp (Kitzmüller, Haines, Codlin, Cutler, & Mole, 2008). The major transcript contains exon 6 spliced to exon 9 and is thought to encode a protein containing the first 153 amino acids of CLN3 plus an additional 28 novel amino acids resulting from an out‐of‐frame RNA sequence at the novel splice site. ",,,CLN3
Pa-cln3.437,,CEI1,cln3.088,c.461-3C>G,,,IRD,Late teens,,,,USA,Ku et al. 2017,28542676,full clinical summary in table in paper,,cln3.088,Intron 07,c.461-3C>G,,p.(?),substitution,splice acceptor variant,most probably affecting splicing,,,,g.28486653G>C,"Ku et al., 2017",28542676,,,,,CLN3
Pa-cln3.438,REL20,SK1,cln3.035,p.(Glu295*),,,IRD,<10,,,,Canada,Ku et al. 2017,28542676,full clinical summary in table in paper,,cln3.035,Exon 12,c.883G>T,295,p.(Glu295*),substitution,nonsense,,Alteration of auxiliary sequences,pathogenic / likely pathogenic, rs121434286,g.28482500C>A,"Kousi et al., Hum Mutat, 2012 ",21990111,,,CM003663,,CLN3
Pa-cln3.438,REL20,SK1,cln3.089,p.(Leu306His),,,IRD,<10,,,,Canada,Ku et al. 2017,28542676,full clinical summary in table in paper,,cln3.089,Exon 13,c.917T>A,306,p.(Leu306His),substitution,missense,probably damaging,No significant impact on splicing signals,,,g.28482372A>T,"Ku et al., 2017",28542676,,,,,CLN3
Pa-cln3.439,REL20,SK2,cln3.035,p.(Glu295*),,,IRD,>13,,,,Canada,Ku et al. 2017,28542676,full clinical summary in table in paper,Early teens,cln3.035,Exon 12,c.883G>T,295,p.(Glu295*),substitution,nonsense,,Alteration of auxiliary sequences,pathogenic / likely pathogenic, rs121434286,g.28482500C>A,"Kousi et al., Hum Mutat, 2012 ",21990111,,,CM003663,,CLN3
Pa-cln3.439,REL20,SK2,cln3.089,p.(Leu306His),,,IRD,>13,,,,Canada,Ku et al. 2017,28542676,full clinical summary in table in paper,Early teens,cln3.089,Exon 13,c.917T>A,306,p.(Leu306His),substitution,missense,probably damaging,No significant impact on splicing signals,,,g.28482372A>T,"Ku et al., 2017",28542676,,,,,CLN3
Pa-cln3.440,,MEH5,cln3.001,c.461-280_677+382del,,,IRD,>13,,,,UK,Ku et al. 2017,28542676,full clinical summary in table in paper,Early teens,cln3.001,Intron 07 - 09,c.461-280_677+382del,,p.(?),deletion,complex,see notes,,Pathogenic,rs1555468634,g.28485965_28486930del,"The International Batten Disease Consortium, 1995                                              ",7553855,,"This deletion mutation was originally believed to stretch 1.02 kb (Batten Disease Consortium, 1995). It was later shown to span 966 bp, and is also called 1kb deletion. In culture, fibroblasts from a homozygous patient express a major transcript of 521 bp and a minor transcript of 408 bp (Kitzmüller, Haines, Codlin, Cutler, & Mole, 2008). The major transcript contains exon 6 spliced to exon 9 and is thought to encode a protein containing the first 153 amino acids of CLN3 plus an additional 28 novel amino acids resulting from an out‐of‐frame RNA sequence at the novel splice site. ",,,CLN3
Pa-cln3.440,,MEH5,cln3.082,p.(Ile285Val),,,IRD,>13,,,,UK,Ku et al. 2017,28542676,full clinical summary in table in paper,Early teens,cln3.082,Exon 12,c.853A>G,285,p.(Ile285Val),substitution,missense,Benign,new donor splice site,uncertain significance,rs748844685,g.28482530T>C,Carss et al. 2017,28041643,,This is not a common variant; <0.00008% total (ExAC); 0.00004% gnomAD,,,CLN3
Pa-cln3.441,,MEH6,cln3.001,c.461-280_677+382del,,,IRD,<10,,,,UK,Ku et al. 2017,28542676,full clinical summary in table in paper,Early teens,cln3.001,Intron 07 - 09,c.461-280_677+382del,,p.(?),deletion,complex,see notes,,Pathogenic,rs1555468634,g.28485965_28486930del,"The International Batten Disease Consortium, 1995                                              ",7553855,,"This deletion mutation was originally believed to stretch 1.02 kb (Batten Disease Consortium, 1995). It was later shown to span 966 bp, and is also called 1kb deletion. In culture, fibroblasts from a homozygous patient express a major transcript of 521 bp and a minor transcript of 408 bp (Kitzmüller, Haines, Codlin, Cutler, & Mole, 2008). The major transcript contains exon 6 spliced to exon 9 and is thought to encode a protein containing the first 153 amino acids of CLN3 plus an additional 28 novel amino acids resulting from an out‐of‐frame RNA sequence at the novel splice site. ",,,CLN3
Pa-cln3.441,,MEH6,cln3.074,p.(Arg405Trp),,,IRD,<10,,,,UK,Ku et al. 2017,28542676,full clinical summary in table in paper,Early teens,cln3.074,Exon 16,c.1213C>T ,405,p.(Arg405Trp),substitution,missense,Probably damaging,Alteration of auxiliary sequences,conflicting interpretations of pathogenicity,rs139842473,g.28477620G>A,Weisschuh et al. 2016,26766544,,Detected by WES in patient with RP,,,CLN3
Pa-cln3.442,,SK3,cln3.001,c.461-280_677+382del,,,IRD,>13,,,,Canada,Ku et al. 2017,28542676,full clinical summary in table in paper,,cln3.001,Intron 07 - 09,c.461-280_677+382del,,p.(?),deletion,complex,see notes,,Pathogenic,rs1555468634,g.28485965_28486930del,"The International Batten Disease Consortium, 1995                                              ",7553855,,"This deletion mutation was originally believed to stretch 1.02 kb (Batten Disease Consortium, 1995). It was later shown to span 966 bp, and is also called 1kb deletion. In culture, fibroblasts from a homozygous patient express a major transcript of 521 bp and a minor transcript of 408 bp (Kitzmüller, Haines, Codlin, Cutler, & Mole, 2008). The major transcript contains exon 6 spliced to exon 9 and is thought to encode a protein containing the first 153 amino acids of CLN3 plus an additional 28 novel amino acids resulting from an out‐of‐frame RNA sequence at the novel splice site. ",,,CLN3
Pa-cln3.442,,SK3,cln3.091,c.375-3C>G,,,IRD,>13,,,,Canada,Ku et al. 2017,28542676,full clinical summary in table in paper,,cln3.091,Intron 06,c.375-3C>G,,p.(?),substitution,splice acceptor variant,most probably affecting splicing,,,,g.28487544G>C,"Ku et al., 2017",28542676,,,,,CLN3
Pa-cln3.443,,24_Zhong_1998 or C11189MH_Zhong_1998,cln3.001,c.461-280_677+382del,,,juvenile,,,USA,,,"Zhong et al., 1998b",9490299,,,cln3.001,Intron 07 - 09,c.461-280_677+382del,,p.(?),deletion,complex,see notes,,Pathogenic,rs1555468634,g.28485965_28486930del,"The International Batten Disease Consortium, 1995                                              ",7553855,,"This deletion mutation was originally believed to stretch 1.02 kb (Batten Disease Consortium, 1995). It was later shown to span 966 bp, and is also called 1kb deletion. In culture, fibroblasts from a homozygous patient express a major transcript of 521 bp and a minor transcript of 408 bp (Kitzmüller, Haines, Codlin, Cutler, & Mole, 2008). The major transcript contains exon 6 spliced to exon 9 and is thought to encode a protein containing the first 153 amino acids of CLN3 plus an additional 28 novel amino acids resulting from an out‐of‐frame RNA sequence at the novel splice site. ",,,CLN3
Pa-cln3.443,,24_Zhong_1998 or C11189MH_Zhong_1998,cln3.015,p.(Glu295Lys),,,juvenile,,,USA,,,"Zhong et al., 1998b",9490299,,,cln3.015,Exon 12,c.883G>A,295,p.(Glu295Lys),substitution,missense,Benign,Alteration of auxiliary sequences,pathogenic,rs121434286,g.28482500C>T,"Munroe et al., Am J Hum Genet; 1997",9311735,,This is not a common variant; <0.001 total (ALFA); <0.01% 1000 genomes;,,,CLN3
Pa-cln3.444,,25_Zhong_1998,cln3.001,c.461-280_677+382del,,,juvenile,,,USA,,,"Zhong et al., 1998b",9490299,,,cln3.001,Intron 07 - 09,c.461-280_677+382del,,p.(?),deletion,complex,see notes,,Pathogenic,rs1555468634,g.28485965_28486930del,"The International Batten Disease Consortium, 1995                                              ",7553855,,"This deletion mutation was originally believed to stretch 1.02 kb (Batten Disease Consortium, 1995). It was later shown to span 966 bp, and is also called 1kb deletion. In culture, fibroblasts from a homozygous patient express a major transcript of 521 bp and a minor transcript of 408 bp (Kitzmüller, Haines, Codlin, Cutler, & Mole, 2008). The major transcript contains exon 6 spliced to exon 9 and is thought to encode a protein containing the first 153 amino acids of CLN3 plus an additional 28 novel amino acids resulting from an out‐of‐frame RNA sequence at the novel splice site. ",,,CLN3
Pa-cln3.444,,25_Zhong_1998,cln3.015,p.(Glu295Lys),,,juvenile,,,USA,,,"Zhong et al., 1998b",9490299,,,cln3.015,Exon 12,c.883G>A,295,p.(Glu295Lys),substitution,missense,Benign,Alteration of auxiliary sequences,pathogenic,rs121434286,g.28482500C>T,"Munroe et al., Am J Hum Genet; 1997",9311735,,This is not a common variant; <0.001 total (ALFA); <0.01% 1000 genomes;,,,CLN3
Pa-cln3.445,REL21,IV.1,cln3.026,p.(Leu376Argfs*) ,,,juvenile,6,,Iraq,Kurdish,,"Gilani et al., 2021",33783722,age approximate; diagnosed as adult,"full symptoms in paper: nystagmus, cognitive decline; language problems; ataxia",cln3.026,Exon 15,c.1127del,376, p.(Leu376Argfs*) ,deletion,frameshift,,no significant impact on splicing signals,likely pathogenic,rs2046022108,g.28477807del,"Gilani et al., 2021",33783722,,number previously used for a different variant,,,CLN3
Pa-cln3.446,REL21,IV.3,cln3.026,p.(Leu376Argfs*) ,,,late infantile,3,,Iraq,Kurdish,,"Gilani et al., 2021",33783722,age approximate; diagnosed as adult,"full symptoms in paper: nystagmus, cognitive decline; language problems; ataxia",cln3.026,Exon 15,c.1127del,376, p.(Leu376Argfs*) ,deletion,frameshift,,no significant impact on splicing signals,likely pathogenic,rs2046022108,g.28477807del,"Gilani et al., 2021",33783722,,number previously used for a different variant,,,CLN3
Pa-cln3.447,REL21,IV.6,cln3.026,p.(Leu376Argfs*) ,,,juvenile,5,,Iraq,Kurdish,,"Gilani et al., 2021",33783722,age approximate; diagnosed at 12,"full symptoms in paper: nystagmus, cognitive decline; language problems; ataxia",cln3.026,Exon 15,c.1127del,376, p.(Leu376Argfs*) ,deletion,frameshift,,no significant impact on splicing signals,likely pathogenic,rs2046022108,g.28477807del,"Gilani et al., 2021",33783722,,number previously used for a different variant,,,CLN3
Pa-cln3.448,REL21,IV.7,cln3.026,p.(Leu376Argfs*) ,,,juvenile,,,Iraq,Kurdish,,"Gilani et al., 2021",33783722,age of onset 5-10y approximate; diagnosed at 11,"full symptoms in paper: nystagmus, cognitive decline; language problems; ataxia",cln3.026,Exon 15,c.1127del,376, p.(Leu376Argfs*) ,deletion,frameshift,,no significant impact on splicing signals,likely pathogenic,rs2046022108,g.28477807del,"Gilani et al., 2021",33783722,,number previously used for a different variant,,,CLN3
Pa-cln3.449,,JU#0519,cln3.039,p.(Ser161Leu),,,IRD,,,Japan,,,"Mizobuchi et al., 2020",32441891,"night blindness in teens; investigated for poor visual acuity at 26y, retinal degeneration with pigmentation and mild macular involvement found",,cln3.039,Exon 08,c.482C>T,161,p.(Ser161Leu),substitution,missense,Probably damaging,no significant impact on splicing signals,likely pathogenic,rs386833724,g.28486629G>A,"Mizobuchi et al., 2020",32441891,,C>G mutation also seen; number previously used for a different variant,,,CLN3
Pa-cln3.450,,,cln3.001,c.461-280_677+382del,,,protracted juvenile,5,,Netherlands,,,Kuper et al. 2020,32154056,cognitive stabilisation; pt is completely blind; near normal walk test,,cln3.001,Intron 07 - 09,c.461-280_677+382del,,p.(?),deletion,complex,see notes,,Pathogenic,rs1555468634,g.28485965_28486930del,"The International Batten Disease Consortium, 1995                                              ",7553855,,"This deletion mutation was originally believed to stretch 1.02 kb (Batten Disease Consortium, 1995). It was later shown to span 966 bp, and is also called 1kb deletion. In culture, fibroblasts from a homozygous patient express a major transcript of 521 bp and a minor transcript of 408 bp (Kitzmüller, Haines, Codlin, Cutler, & Mole, 2008). The major transcript contains exon 6 spliced to exon 9 and is thought to encode a protein containing the first 153 amino acids of CLN3 plus an additional 28 novel amino acids resulting from an out‐of‐frame RNA sequence at the novel splice site. ",,,CLN3
Pa-cln3.450,,,cln3.058,c.1A>C,,,protracted juvenile,5,,Netherlands,,,Kuper et al. 2020,32154056,cognitive stabilisation; pt is completely blind; near normal walk test,,cln3.058,Exon 02,c.1A>C,1,p.(?),substitution,Start-loss,No significant impact on splicing signals,,likely pathogenic,rs386833708,g.28491759T>G,"Kousi et al., Hum Mutat, 2012",21990111,,Note that HGVS nomenclature does not give p.(Met1) variant,,,CLN3
Pa-cln3.451,,,cln3.001,c.461-280_677+382del,,,protracted juvenile,7,,Netherlands,,,Kuper et al. 2020,32154056,visual onset 7y; slow progression; clear speech; walks independently,,cln3.001,Intron 07 - 09,c.461-280_677+382del,,p.(?),deletion,complex,see notes,,Pathogenic,rs1555468634,g.28485965_28486930del,"The International Batten Disease Consortium, 1995                                              ",7553855,,"This deletion mutation was originally believed to stretch 1.02 kb (Batten Disease Consortium, 1995). It was later shown to span 966 bp, and is also called 1kb deletion. In culture, fibroblasts from a homozygous patient express a major transcript of 521 bp and a minor transcript of 408 bp (Kitzmüller, Haines, Codlin, Cutler, & Mole, 2008). The major transcript contains exon 6 spliced to exon 9 and is thought to encode a protein containing the first 153 amino acids of CLN3 plus an additional 28 novel amino acids resulting from an out‐of‐frame RNA sequence at the novel splice site. ",,,CLN3
Pa-cln3.451,,,cln3.058,c.1A>C,,,protracted juvenile,7,,Netherlands,,,Kuper et al. 2020,32154056,visual onset 7y; slow progression; clear speech; walks independently,,cln3.058,Exon 02,c.1A>C,1,p.(?),substitution,Start-loss,No significant impact on splicing signals,,likely pathogenic,rs386833708,g.28491759T>G,"Kousi et al., Hum Mutat, 2012",21990111,,Note that HGVS nomenclature does not give p.(Met1) variant,,,CLN3
Pa-cln3.452,,,cln3.001,c.461-280_677+382del,,,protracted juvenile,7,,Netherlands,,,Kuper et al. 2020,32154056,visual onset 7y; cognitive and motor abilities preserved for 'years'; remained in regular education until 18; cognitive and motor decline from early twemties; death at 25.,,cln3.001,Intron 07 - 09,c.461-280_677+382del,,p.(?),deletion,complex,see notes,,Pathogenic,rs1555468634,g.28485965_28486930del,"The International Batten Disease Consortium, 1995                                              ",7553855,,"This deletion mutation was originally believed to stretch 1.02 kb (Batten Disease Consortium, 1995). It was later shown to span 966 bp, and is also called 1kb deletion. In culture, fibroblasts from a homozygous patient express a major transcript of 521 bp and a minor transcript of 408 bp (Kitzmüller, Haines, Codlin, Cutler, & Mole, 2008). The major transcript contains exon 6 spliced to exon 9 and is thought to encode a protein containing the first 153 amino acids of CLN3 plus an additional 28 novel amino acids resulting from an out‐of‐frame RNA sequence at the novel splice site. ",,,CLN3
Pa-cln3.452,,,cln3.058,c.1A>C,,,protracted juvenile,7,,Netherlands,,,Kuper et al. 2020,32154056,visual onset 7y; cognitive and motor abilities preserved for 'years'; remained in regular education until 18; cognitive and motor decline from early twemties; death at 25.,,cln3.058,Exon 02,c.1A>C,1,p.(?),substitution,Start-loss,No significant impact on splicing signals,,likely pathogenic,rs386833708,g.28491759T>G,"Kousi et al., Hum Mutat, 2012",21990111,,Note that HGVS nomenclature does not give p.(Met1) variant,,,CLN3
Pa-cln3.453,,3919,cln3.120,p.(Arg89Gln),,,RP,,,Mexico,,,Zenteno et al 2020,31736247,retinal dystrophy panel screen: retinitis pigmentosa AR (autosomal recessive),,cln3.120,Exon 15,c.1174_1175del,392,p.(Thr392Leufs*),deletion,frameshift,,new donor splice site; new acceptor splice site,,,g.28477761_28477762del,Di Fruscio et al. 2015,26075876,NM_001042432.2:c.1173_1174del ;  p.(Thr392Leufs*),From VariantValidator: NM_001042432.2:c.1173_1174del automapped to NM_001042432.2:c.1174_1175delAC,Variant reference (AT) does not agree with reference sequence (CA),,CLN3
Pa-cln3.454,,,cln3.001,c.461-280_677+382del,,,IRD,36,,Australia,,,Chen et al. 2019,30446867,"In patient leukocytes, CLN3 expression was reduced and novel CLN3 transcripts lacking exon 3 were detected. ",non-syndromic retinal dystrophy from 36 yrs 'atypical RP',cln3.001,Intron 07 - 09,c.461-280_677+382del,,p.(?),deletion,complex,see notes,,Pathogenic,rs1555468634,g.28485965_28486930del,"The International Batten Disease Consortium, 1995                                              ",7553855,,"This deletion mutation was originally believed to stretch 1.02 kb (Batten Disease Consortium, 1995). It was later shown to span 966 bp, and is also called 1kb deletion. In culture, fibroblasts from a homozygous patient express a major transcript of 521 bp and a minor transcript of 408 bp (Kitzmüller, Haines, Codlin, Cutler, & Mole, 2008). The major transcript contains exon 6 spliced to exon 9 and is thought to encode a protein containing the first 153 amino acids of CLN3 plus an additional 28 novel amino acids resulting from an out‐of‐frame RNA sequence at the novel splice site. ",,,CLN3
Pa-cln3.454,,,cln3.098,p.(Ala59Thr),,,IRD,36,,Australia,,,Chen et al. 2019,30446867,"In patient leukocytes, CLN3 expression was reduced and novel CLN3 transcripts lacking exon 3 were detected. ",non-syndromic retinal dystrophy from 36 yrs 'atypical RP',cln3.098,Exon 04,c.175G>A ,59,p.(Ala59Thr),substitution,missense,Probably damaging,Alteration of auxiliary sequences,pathogenic,rs765893479 ,g.28489337C>T,"Chen et al., 2019",30446867,,,,,CLN3
Pa-cln3.455,REL22,V3,cln3.092,p.(Asp61del) ,,,juvenile,7,,Pakistan,,,Sher et al. 2019,30892110,"blindness, stagger, intellectual disability; diagnosed 15",2 affected siblings deceased,cln3.092,Exon 04,c.181_183del,61,p.(Asp61del) ,deletion,deletion,,new acceptor splice site,,rs1567262955 ,g.28489331_28489333del,Sher et al. 2019,30892110,,,,,CLN3
Pa-cln3.455,REL22,V3,cln3.092,p.(Asp61del) ,,,juvenile,7,,Pakistan,,,Sher et al. 2019,30892110,"blindness, stagger, intellectual disability; diagnosed 16",2 affected siblings deceased,cln3.092,Exon 04,c.181_183del,61,p.(Asp61del) ,deletion,deletion,,new acceptor splice site,,rs1567262955 ,g.28489331_28489333del,Sher et al. 2019,30892110,,,,,CLN3
Pa-cln3.456,REL22,V4,cln3.092,p.(Asp61del) ,,,juvenile,7,,Pakistan,,,Sher et al. 2019,30892110,"blindness, stagger, intellectual disability; diagnosed 14",2 affected siblings deceased,cln3.092,Exon 04,c.181_183del,61,p.(Asp61del) ,deletion,deletion,,new acceptor splice site,,rs1567262955 ,g.28489331_28489333del,Sher et al. 2019,30892110,,,,,CLN3
Pa-cln3.456,REL22,V4,cln3.092,p.(Asp61del) ,,,juvenile,7,,Pakistan,,,Sher et al. 2019,30892110,"blindness, stagger, intellectual disability; diagnosed 15",2 affected siblings deceased,cln3.092,Exon 04,c.181_183del,61,p.(Asp61del) ,deletion,deletion,,new acceptor splice site,,rs1567262955 ,g.28489331_28489333del,Sher et al. 2019,30892110,,,,,CLN3
Pa-cln3.457,,,cln3.093,c.906+6T>G,,,juvenile,7,,China,,,Lau et al 2018,30053402,"visual deterioration since 7y; ataxia, dysarthria, cerebellar signs 12y",,cln3.093,Intron 12,c.906+6T>G ,,p.(?),substitution,splice donor variant,most probably affecting splicing,,,rs1422519311 ,g.28482471A>C,Lau et al 2018,30053402,,c.DNA products seen: r.838_906del; p. (Gly280_Leu302del) and r.838_906delinsguucggaugauggcuggg; p. (Gly280_Leu302delinsValArgMetMetAlaGly). r.837_838ins80; p.(Gly280ValfsTer37),,,CLN3
Pa-cln3.458,,CIC09853,cln3.001,c.461-280_677+382del,906+15C>G (cln3.094),,IRD,,,,,,Smirnov et al. 2021,33507216,inherited retinal disease screen; no neurological symptoms,Note corrigendum regarding severe / classic classification of patients https://jamanetwork.com/journals/jamaophthalmology/article-abstract/2785549;https://jamanetwork.com/journals/jamaophthalmology/fullarticle/2785550?utm_campaign=articlepdf,cln3.001,Intron 07 - 09,c.461-280_677+382del,,p.(?),deletion,complex,see notes,,Pathogenic,rs1555468634,g.28485965_28486930del,"The International Batten Disease Consortium, 1995                                              ",7553855,,"This deletion mutation was originally believed to stretch 1.02 kb (Batten Disease Consortium, 1995). It was later shown to span 966 bp, and is also called 1kb deletion. In culture, fibroblasts from a homozygous patient express a major transcript of 521 bp and a minor transcript of 408 bp (Kitzmüller, Haines, Codlin, Cutler, & Mole, 2008). The major transcript contains exon 6 spliced to exon 9 and is thought to encode a protein containing the first 153 amino acids of CLN3 plus an additional 28 novel amino acids resulting from an out‐of‐frame RNA sequence at the novel splice site. ",,,CLN3
Pa-cln3.458,,CIC09853,cln3.095,p.(Val148del),,,IRD,,,,,,Smirnov et al. 2021,33507216,inherited retinal disease screen; no neurological symptoms,Note corrigendum regarding severe / classic classification of patients https://jamanetwork.com/journals/jamaophthalmology/article-abstract/2785549;https://jamanetwork.com/journals/jamaophthalmology/fullarticle/2785550?utm_campaign=articlepdf,cln3.095,Exon 07,c.443_445del,148,p.(Val148del),deletion,deletion,,new donor splice site; new acceptor splice site,uncertain significance,rs752130042 ,g.28487472_28487474del ,Smirnov et al. 2021,33507216,,,,,CLN3
Pa-cln3.459,,CIC02713,cln3.096,p.(Met409Leu),,,IRD,,,,,,Smirnov et al. 2021,33507216,inherited retinal disease screen; no neurological symptoms,Note corrigendum regarding severe / classic classification of patients https://jamanetwork.com/journals/jamaophthalmology/article-abstract/2785549;https://jamanetwork.com/journals/jamaophthalmology/fullarticle/2785550?utm_campaign=articlepdf,cln3.096,Exon 16,c.1225A>G,409,p.(Met409Leu),substitution,missense,Benign,Alteration of auxiliary sequences; new acceptor splice site,uncertain significance,rs776443981,g.28477608T>G,Smirnov et al. 2021,33507216,,,,,CLN3
Pa-cln3.460,,CIC09088,cln3.040,c.1056+3A>C,,,IRD,,,,,,Smirnov et al. 2021,33507216,inherited retinal disease screen; no neurological symptoms,Note corrigendum regarding severe / classic classification of patients https://jamanetwork.com/journals/jamaophthalmology/article-abstract/2785549;https://jamanetwork.com/journals/jamaophthalmology/fullarticle/2785550?utm_campaign=articlepdf,cln3.040,Intron 14,c.1056+3A>C,,p.(?),substitution,splice donor variant,most probably affecting splicing,,Pathogenic,rs386833698,g.28482102T>G,"Kousi et al., Hum Mutat, 2012",21990111,,,CS052953,,CLN3
Pa-cln3.460,,CIC09088,cln3.097,p.(Leu313Pro),,,IRD,,,,,,Smirnov et al. 2021,33507216,inherited retinal disease screen; no neurological symptoms,Note corrigendum regarding severe / classic classification of patients https://jamanetwork.com/journals/jamaophthalmology/article-abstract/2785549;https://jamanetwork.com/journals/jamaophthalmology/fullarticle/2785550?utm_campaign=articlepdf,cln3.097,Exon 13,c.938T>C,313,p.(Leu313Pro),substitution,missense,Probably damaging,Alteration of auxiliary sequences,uncertain significance,rs141816714,g.28482351A>G,Smirnov et al. 2021,33507216,,,,,CLN3
Pa-cln3.461,,CIC00166,cln3.097,p.(Leu313Pro),,,IRD,,,,,,Smirnov et al. 2021,33507216,inherited retinal disease screen; no neurological symptoms,Note corrigendum regarding severe / classic classification of patients https://jamanetwork.com/journals/jamaophthalmology/article-abstract/2785549;https://jamanetwork.com/journals/jamaophthalmology/fullarticle/2785550?utm_campaign=articlepdf,cln3.097,Exon 13,c.938T>C,313,p.(Leu313Pro),substitution,missense,Probably damaging,Alteration of auxiliary sequences,uncertain significance,rs141816714,g.28482351A>G,Smirnov et al. 2021,33507216,,,,,CLN3
Pa-cln3.462,,,cln3.099,c.461-24_677+27del,,mutation in BEST1 ,visual loss,7.75,,,,Spain,pers comm from relative,,"No details of BEST1 mutation; mother reports her mutation as Ser335Tyr, although this would mean c.1004C>A was change, or something other than a point mutation.",cone dystrophy; foveal hypoplasia and bilateral maculopathy,cln3.099,Intron 07 - 09,c.461-24_677+27del,,p.(?),deletion,deletion,,,,,g.28486321_28486675del,pers comm from parent,,,,,,CLN3
Pa-cln3.462,,,cln3.100,p.(Ser335Pro),,mutation in BEST1,visual loss,7.75,,,,Spain,pers comm from relative,,"No details of BEST1 mutation; mother reports her mutation as Ser335Tyr, although this would mean c.1004C>A was change, or something other than a point mutation.",cone dystrophy; foveal hypoplasia and bilateral maculopathy,cln3.100,Exon 14,c.1003T>C,335,p.(Ser335Pro),substitution,missense,Probably damaging,no significant impact on splicing signals,uncertain significance,rs1567257016,g.28482158A>G,pers comm from parent,,,"no frequency data. Mother reportedly carries Ser335Tyr mutation, although this would mean c.1004 was C>A change, or something other than a single point mutation ",,,CLN3
Pa-cln3.463,,,cln3.012,p.(Gly187fs) (paternal),,,retinal dystrophy,5,,,,,Todiere et al. 2022,36071899,diagnosed with retinal dystrophy; tonic clonic seiures age 7 and intraventricular septal hypertrophy age 16,,cln3.012,Exon 09,c.558_559del,187,p.(Gly187fs),deletion,frameshift,,new donor splice site; new acceptor splice site,likely pathogenic,rs386833729,g.28486465_28486466del,"Munroe et al., Am J Hum Genet; 1997",9311735,,,,,CLN3
Pa-cln3.463,,,cln3.048,c.461-1G>C (maternal),,,retinal dystrophy,5,,,,,Todiere et al. 2022,36071899,diagnosed with retinal dystrophy; tonic clonic seiures age 7 and intraventricular septal hypertrophy age 16,,cln3.048,Intron 07,c.461-1G>C,,p.(?),substitution,splice acceptor variant,most probably affecting splicing,,likely pathogenic,rs386833722,g.28486651C>G,"Kousi et al., Hum Mutat, 2012",21990111,,,,,CLN3
Pa-cln3.464,,,cln3.061,p.(Thr80fs),,,RP,10,,Turkey,,,Kasapkara et al. 2023,36777709,visual loss probably started before age 10; personality and behaviour changes and progressive decline,,cln3.061,Exon 05,c.233dup,80,p.(Thr80fs),duplication,frameshift,,no significant impact on splicing signals,likely pathogenic,rs386833712,g.28488653dup,"Kousi et al., Hum Mutat, 2012",21990111,,,,,CLN3
Pa-cln3.465,,,cln3.001,с.461-280_677+382del,,,RP,6,,Russia,,,pers comm parent,,,,cln3.001,Intron 07 - 09,c.461-280_677+382del,,p.(?),deletion,complex,see notes,,Pathogenic,rs1555468634,g.28485965_28486930del,"The International Batten Disease Consortium, 1995                                              ",7553855,,"This deletion mutation was originally believed to stretch 1.02 kb (Batten Disease Consortium, 1995). It was later shown to span 966 bp, and is also called 1kb deletion. In culture, fibroblasts from a homozygous patient express a major transcript of 521 bp and a minor transcript of 408 bp (Kitzmüller, Haines, Codlin, Cutler, & Mole, 2008). The major transcript contains exon 6 spliced to exon 9 and is thought to encode a protein containing the first 153 amino acids of CLN3 plus an additional 28 novel amino acids resulting from an out‐of‐frame RNA sequence at the novel splice site. ",,,CLN3
Pa-cln3.465,,,cln3.051,p.(Leu350fs),,,RP,6,,Russia,,,pers comm parent,,,,cln3.051,Exon 14,c.1048del,350,p.(Leu350fs),deletion,frameshift,,no significant impact on splicing signals,likely pathogenic,rs386833696,g.28482115del,"Kousi et al., Hum Mutat, 2012",21990111,,,,,CLN3
Pa-cln3.466,,B1,cln3.001,с.461-280_677+382del,,,visual loss,,autofluorescent accumulation in muscle; rectilinear; curvilinear profiles,,,,Radke et al. 2018,30480032,"Radke also describes patients B2 and B3, but does not provide genetic profiles, so not included here","visual impairment, complete blindness at 18 y; 34 y cognitve decline; presence of lysosomal vacuoles in blood lymphocytes, which have also been seen in protracted CLN3, some of them containing lipopigments with fingerprint profiles",cln3.001,Intron 07 - 09,c.461-280_677+382del,,p.(?),deletion,complex,see notes,,Pathogenic,rs1555468634,g.28485965_28486930del,"The International Batten Disease Consortium, 1995                                              ",7553855,,"This deletion mutation was originally believed to stretch 1.02 kb (Batten Disease Consortium, 1995). It was later shown to span 966 bp, and is also called 1kb deletion. In culture, fibroblasts from a homozygous patient express a major transcript of 521 bp and a minor transcript of 408 bp (Kitzmüller, Haines, Codlin, Cutler, & Mole, 2008). The major transcript contains exon 6 spliced to exon 9 and is thought to encode a protein containing the first 153 amino acids of CLN3 plus an additional 28 novel amino acids resulting from an out‐of‐frame RNA sequence at the novel splice site. ",,,CLN3
Pa-cln3.466,,B1,cln3.104,p.(Leu384Pro),,,visual loss,,autofluorescent accumulation in muscle; rectilinear; curvilinear profiles,,,,Radke et al. 2018,30480032,"Radke also describes patients B2 and B3, but does not provide genetic profiles, so not included here","visual impairment, complete blindness at 18 y; 34 y cognitve decline; presence of lysosomal vacuoles in blood lymphocytes, which have also been seen in protracted CLN3, some of them containing lipopigments with fingerprint profiles",cln3.104,Exon 15,c.1151T>C ,384,p.(Leu384Pro),substitution,missense,Probably damaging,no significant impact on splicing signals,,rs770221497 ,g.28477783A>G,Radke et al.,,,very rare,,,CLN3
Pa-cln3.467,,B4,cln3.001,с.461-280_677+382del,,,visual loss,,,,,,Radke et al. 2018,30480032,"Radke also describes patients B2 and B3, but does not provide genetic profiles, so not included here",rapid loss of vision; 8 y further degenerative symptoms,cln3.001,Intron 07 - 09,c.461-280_677+382del,,p.(?),deletion,complex,see notes,,Pathogenic,rs1555468634,g.28485965_28486930del,"The International Batten Disease Consortium, 1995                                              ",7553855,,"This deletion mutation was originally believed to stretch 1.02 kb (Batten Disease Consortium, 1995). It was later shown to span 966 bp, and is also called 1kb deletion. In culture, fibroblasts from a homozygous patient express a major transcript of 521 bp and a minor transcript of 408 bp (Kitzmüller, Haines, Codlin, Cutler, & Mole, 2008). The major transcript contains exon 6 spliced to exon 9 and is thought to encode a protein containing the first 153 amino acids of CLN3 plus an additional 28 novel amino acids resulting from an out‐of‐frame RNA sequence at the novel splice site. ",,,CLN3
Pa-cln3.467,,B4,cln3.086,c.1056+34C>A,,,visual loss,,,,,,Radke et al. 2018,30480032,"Radke also describes patients B2 and B3, but does not provide genetic profiles, so not included here",rapid loss of vision; 8 y further degenerative symptoms,cln3.086,Intron 14,c.1056+34C>A,,p.(?),substitution,,no significant impact on splicing signals,,,,g.28482071G>T,Goebel HH et al 1975,172609,,paraffin block muscle specimen. Heterozygous with 1kb deletion,,,CLN3
Pa-cln3.468,,,cln3.001,с.461-280_677+382del,,,RP,,,Italy,,,Moro et al. ,30553701,"childhood onset, with cataracts, seizures as teen; autophagic vaculoar myopathy",,cln3.001,Intron 07 - 09,c.461-280_677+382del,,p.(?),deletion,complex,see notes,,Pathogenic,rs1555468634,g.28485965_28486930del,"The International Batten Disease Consortium, 1995                                              ",7553855,,"This deletion mutation was originally believed to stretch 1.02 kb (Batten Disease Consortium, 1995). It was later shown to span 966 bp, and is also called 1kb deletion. In culture, fibroblasts from a homozygous patient express a major transcript of 521 bp and a minor transcript of 408 bp (Kitzmüller, Haines, Codlin, Cutler, & Mole, 2008). The major transcript contains exon 6 spliced to exon 9 and is thought to encode a protein containing the first 153 amino acids of CLN3 plus an additional 28 novel amino acids resulting from an out‐of‐frame RNA sequence at the novel splice site. ",,,CLN3
Pa-cln3.469,,,cln3.109,deletion of exons 11-17,,,visual loss,7,,Brazil,,,pers comm Godoy,,exhibits unstable behaviour,,cln3.109,Exon 11 - 17,not described,,,deletion,,,,,,,pers comm Godoy,,,,,,CLN3
Pa-cln3.469,,,cln3.110,p.(Cys353Ter),,,visual loss,7,,Brazil,,,pers comm Godoy,,exhibits unstable behaviour,,cln3.110,Exon 15,c.1059C>A,353,p.(Cys353*),substitution,nonsense,,,pathogenic / likely pathogenic,rs1057516677,g.28477875G>T,pers comm Godoy,,,Variant Validator gives intronic location,,,CLN3
Pa-cln3.470,,,cln3.001,с.461-280_677+382del,,,unresponsive episodes,,,Australia,,,pers comm Ma,,normal eye examination and vision at 8y; possible seizures; normal MRI+,,cln3.001,Intron 07 - 09,c.461-280_677+382del,,p.(?),deletion,complex,see notes,,Pathogenic,rs1555468634,g.28485965_28486930del,"The International Batten Disease Consortium, 1995                                              ",7553855,,"This deletion mutation was originally believed to stretch 1.02 kb (Batten Disease Consortium, 1995). It was later shown to span 966 bp, and is also called 1kb deletion. In culture, fibroblasts from a homozygous patient express a major transcript of 521 bp and a minor transcript of 408 bp (Kitzmüller, Haines, Codlin, Cutler, & Mole, 2008). The major transcript contains exon 6 spliced to exon 9 and is thought to encode a protein containing the first 153 amino acids of CLN3 plus an additional 28 novel amino acids resulting from an out‐of‐frame RNA sequence at the novel splice site. ",,,CLN3
Pa-cln3.470,,,cln3.111,p.(Tyr292Cys),,,unresponsive episodes,,,Australia,,,pers comm Ma,,normal eye examination and vision at 8y; possible seizures; normal MRI+,,cln3.111,Exon 12,c.875A>G,292,p.(Tyr292Cys),substitution,missense,Probably damaging,Alteration of auxiliary sequences; new donor splice site,uncertain significance,rs755402909,g.28482508T>C,pers comm Ma,,,very rare,,,CLN3
Pa-cln3.471,,623,cln3.001,с.461-280_677+382del,,,IRD,,,,,,Stone et al. 2018,28559085,panel of 1000 IRD patients - 5 with CLN3 mutations. No further clinical details,,cln3.001,Intron 07 - 09,c.461-280_677+382del,,p.(?),deletion,complex,see notes,,Pathogenic,rs1555468634,g.28485965_28486930del,"The International Batten Disease Consortium, 1995                                              ",7553855,,"This deletion mutation was originally believed to stretch 1.02 kb (Batten Disease Consortium, 1995). It was later shown to span 966 bp, and is also called 1kb deletion. In culture, fibroblasts from a homozygous patient express a major transcript of 521 bp and a minor transcript of 408 bp (Kitzmüller, Haines, Codlin, Cutler, & Mole, 2008). The major transcript contains exon 6 spliced to exon 9 and is thought to encode a protein containing the first 153 amino acids of CLN3 plus an additional 28 novel amino acids resulting from an out‐of‐frame RNA sequence at the novel splice site. ",,,CLN3
Pa-cln3.472,,624,cln3.001,с.461-280_677+382del,,,IRD,,,,,,Stone et al. 2018,28559085,panel of 1000 IRD patients - 5 with CLN3 mutations. No further clinical details,,cln3.001,Intron 07 - 09,c.461-280_677+382del,,p.(?),deletion,complex,see notes,,Pathogenic,rs1555468634,g.28485965_28486930del,"The International Batten Disease Consortium, 1995                                              ",7553855,,"This deletion mutation was originally believed to stretch 1.02 kb (Batten Disease Consortium, 1995). It was later shown to span 966 bp, and is also called 1kb deletion. In culture, fibroblasts from a homozygous patient express a major transcript of 521 bp and a minor transcript of 408 bp (Kitzmüller, Haines, Codlin, Cutler, & Mole, 2008). The major transcript contains exon 6 spliced to exon 9 and is thought to encode a protein containing the first 153 amino acids of CLN3 plus an additional 28 novel amino acids resulting from an out‐of‐frame RNA sequence at the novel splice site. ",,,CLN3
Pa-cln3.473,,625,cln3.001,с.461-280_677+382del,,,IRD,,,,,,Stone et al. 2018,28559085,panel of 1000 IRD patients - 5 with CLN3 mutations. No further clinical details,,cln3.001,Intron 07 - 09,c.461-280_677+382del,,p.(?),deletion,complex,see notes,,Pathogenic,rs1555468634,g.28485965_28486930del,"The International Batten Disease Consortium, 1995                                              ",7553855,,"This deletion mutation was originally believed to stretch 1.02 kb (Batten Disease Consortium, 1995). It was later shown to span 966 bp, and is also called 1kb deletion. In culture, fibroblasts from a homozygous patient express a major transcript of 521 bp and a minor transcript of 408 bp (Kitzmüller, Haines, Codlin, Cutler, & Mole, 2008). The major transcript contains exon 6 spliced to exon 9 and is thought to encode a protein containing the first 153 amino acids of CLN3 plus an additional 28 novel amino acids resulting from an out‐of‐frame RNA sequence at the novel splice site. ",,,CLN3
Pa-cln3.474,,626,cln3.001,с.461-280_677+382del,,,IRD,,,,,,Stone et al. 2018,28559085,panel of 1000 IRD patients - 5 with CLN3 mutations. No further clinical details,,cln3.001,Intron 07 - 09,c.461-280_677+382del,,p.(?),deletion,complex,see notes,,Pathogenic,rs1555468634,g.28485965_28486930del,"The International Batten Disease Consortium, 1995                                              ",7553855,,"This deletion mutation was originally believed to stretch 1.02 kb (Batten Disease Consortium, 1995). It was later shown to span 966 bp, and is also called 1kb deletion. In culture, fibroblasts from a homozygous patient express a major transcript of 521 bp and a minor transcript of 408 bp (Kitzmüller, Haines, Codlin, Cutler, & Mole, 2008). The major transcript contains exon 6 spliced to exon 9 and is thought to encode a protein containing the first 153 amino acids of CLN3 plus an additional 28 novel amino acids resulting from an out‐of‐frame RNA sequence at the novel splice site. ",,,CLN3
Pa-cln3.474,,626,cln3.113,p.(Leu102del),,,IRD,,,,,,Stone et al. 2018,28559085,panel of 1000 IRD patients - 5 with CLN3 mutations. No further clinical details,,cln3.113,Exon 06,c.303_305del,102,p.(Leu102del),deletion,deletion,,no significant impact on splicing signals,,,g.28487733_28487735del,Stone et al. 2018,28559085,described as Leu101delCCT,,,,CLN3
Pa-cln3.475,,10,cln3.001,с.461-280_677+382del,,,RP,,,,,,Stone et al. 2018,28559085,panel of 1000 IRD patients - 5 with CLN3 mutations. No further clinical details,,cln3.001,Intron 07 - 09,c.461-280_677+382del,,p.(?),deletion,complex,see notes,,Pathogenic,rs1555468634,g.28485965_28486930del,"The International Batten Disease Consortium, 1995                                              ",7553855,,"This deletion mutation was originally believed to stretch 1.02 kb (Batten Disease Consortium, 1995). It was later shown to span 966 bp, and is also called 1kb deletion. In culture, fibroblasts from a homozygous patient express a major transcript of 521 bp and a minor transcript of 408 bp (Kitzmüller, Haines, Codlin, Cutler, & Mole, 2008). The major transcript contains exon 6 spliced to exon 9 and is thought to encode a protein containing the first 153 amino acids of CLN3 plus an additional 28 novel amino acids resulting from an out‐of‐frame RNA sequence at the novel splice site. ",,,CLN3
Pa-cln3.475,,10,cln3.074,p.(Arg405Trp),,,RP,,,,,,Stone et al. 2018,28559085,panel of 1000 IRD patients - 5 with CLN3 mutations. No further clinical details,,cln3.074,Exon 16,c.1213C>T ,405,p.(Arg405Trp),substitution,missense,Probably damaging,Alteration of auxiliary sequences,conflicting interpretations of pathogenicity,rs139842473,g.28477620G>A,Weisschuh et al. 2016,26766544,,Detected by WES in patient with RP,,,CLN3
Pa-cln3.476,,LOVD 307881,cln3.105,c.-359_46del,,,,,,(Sweden),,,Pers com Rus (LOVD),,diagnosed 10.25 years,,,,,,,,,,,,,,,,,,,,CLN3
Pa-cln3.477,,LOVD 307884,cln3.105,c.-359_46del,,,,,,Sweden,,,Pers com Rus (LOVD),,diagnosed 10.25 years,,,,,,,,,,,,,,,,,,,,CLN3
Pa-cln3.478,,LOVD 307885,cln3.106,p.(Ser161*),,,,6,,Saudi Arabia,,,Pers com Rus (LOVD),,? duplicate of Saleh patient 52,,cln3.106,Exon 08,c.482C>A,161,p.(Ser161Ter),substitution,nonsense,,no significant impact on splicing signals,uncertain significance,rs1328657534,g.28486629G>T,Pers comm Rus,,,,,,CLN3
Pa-cln3.479,,LOVD 307886,cln3.107,p.(Ser226ArgfsTer36),,,,,,Saudi Arabia,,,Pers com Rus (LOVD),,,,cln3.107,Exon 10,c.678_790del,226,p.(Ser226ArgfsTer36),deletion,frameshift,,broken wild type donor site; new acceptor splice site; new donor splice site,,,g.28484008_28484120del,Pers comm Rus,,,,,,CLN3
Pa-cln3.480,,,cln3.007,p.(Val142Leufs*39),,,,6,fingerprint profiles,Egypt,,,Refeat et al. 2022,,"Two Edyptian patients with identical phenotypes are reported by Rus in LOVD (LOVD 307887
LOVD 307888)",,cln3.007,Exon 07,c.424del,142,p.(Val142fs),deletion,frameshift,,new acceptor splice site,pathogenic,rs386833720,g.28487493del,"Munroe et al., Am J Hum Genet; 1997; ",9311735,,described as p.Val142LeufsX39 in Kousi et al 2012 p.(Val142Leufs*39),,,CLN3
Pa-cln3.480,,,cln3.007,p.(Val142Leufs*39),,,,6,fingerprint profiles,Egypt,,,Refeat et al. 2022,,"Two Egyptian patients with identical phenotypes are reported by Rus in LOVD (LOVD 307887
LOVD 307888) - ? if this is one of them",,cln3.007,Exon 07,c.424del,142,p.(Val142fs),deletion,frameshift,,new acceptor splice site,pathogenic,rs386833720,g.28487493del,"Munroe et al., Am J Hum Genet; 1997; ",9311735,,described as p.Val142LeufsX39 in Kousi et al 2012 p.(Val142Leufs*39),,,CLN3
Pa-cln3.481,,,cln3.108,c.906+2T>A,,,,11,fingerprint profiles,Egypt,,,Refeat et al. 2022,,,,cln3.108,Intron 12,c.906+2T>A,,,substitution,splice donor variant,most probably affecting splicing,,pathogenic / likely pathogenic,rs771788391,g.28482475A>T,Pers comm Rus,,,Two separate ClinVar entries - one gives likely pathogenic,,,CLN3
Pa-cln3.482,,,cln3.029,p.(Tyr199*),,,CRD,15,,,,,Pers comm Serrano ,,"seizures, diagnosed with cone-rod dystrophy",,cln3.029,Exon 09,c.597C>A,199,p.(Tyr199*),substitution,nonsense,,no significant impact on splicing signals,pathogenic / likely pathogenic,rs267606737,g.28486427G>T,"Sarpong et al., Clin Genet, 2009",19489875,,,,,CLN3
Pa-cln3.482,,,cln3.059,c.125+5G>A,,,CRD,15,,,,,Pers comm Serrano ,,"seizures, diagnosed with cone-rod dystrophy",,cln3.059,Intron 03,c.125+5G>A,,p.(?),substitution,splice donor variant,most probably affecting splicing,,uncertain significance,rs386833704,g.28491477C>T,"Kousi et al., Hum Mutat, 2012",21990111,,,,,CLN3
Pa-cln3.483,,,cln3.114,p.(Tyr124=),,,atypical RP,,,,,,Pers comm Arno,,Night vision issues as teenager; central vision decline in 30s; atypical RP,,cln3.114,Exon 06,c.372C>T,124,p.(Tyr124=),substitution,synonymous,,Alteration of auxiliary sequences; broken WT donor site,,,g.28487664G>A,pers comm Arno,,,exon skipping demonstrated in vitro,,,CLN3
Pa-cln3.484,,,cln3.019,p.(Arg334Cys),,,RP,,,Jordan,,,Azab et al. 2021,33921607,no systemic manifestation (early adolescence),,cln3.019,Exon 14,c.1000C>T,334,p.(Arg334Cys),substitution,missense,Probably damaging,no significant impact on splicing signals,pathogenic / likely pathogenic,rs386833694,g.28482161G>A,"Munroe et al., Am J Hum Genet; 1997",9311735,,,,,CLN3
Pa-cln3.485,,,cln3.001,с.461-280_677+382del,,,bilateral chorioretinal scarring,,,,,,"Honasoge and Smith, 2022",35599949,"Diabetic patient, presented at age 63; probable heterozygous effect of classic mutation",,cln3.001,Intron 07 - 09,c.461-280_677+382del,,p.(?),deletion,complex,see notes,,Pathogenic,rs1555468634,g.28485965_28486930del,"The International Batten Disease Consortium, 1995                                              ",7553855,,"This deletion mutation was originally believed to stretch 1.02 kb (Batten Disease Consortium, 1995). It was later shown to span 966 bp, and is also called 1kb deletion. In culture, fibroblasts from a homozygous patient express a major transcript of 521 bp and a minor transcript of 408 bp (Kitzmüller, Haines, Codlin, Cutler, & Mole, 2008). The major transcript contains exon 6 spliced to exon 9 and is thought to encode a protein containing the first 153 amino acids of CLN3 plus an additional 28 novel amino acids resulting from an out‐of‐frame RNA sequence at the novel splice site. ",,,CLN3
Pa-cln3.485,,,wildtype,,,,bilateral chorioretinal scarring,,,,,,"Honasoge and Smith, 2022",35599949,"Diabetic patient, presented at age 63; probable heterozygous effect of classic mutation",,,,,,,,,,,,,,,,,,,,CLN3
Pa-cln3.486,,,cln3.001,с.461-280_677+382del,,,protracted juvenile,6,Intracytoplasmic lipopigment in all brain areas sampled,,,USA,Evans et al. 2021,34313756,"Diagnosed CRD 6 y, changed diagnosis to RP at 8 y; seizures at 23 y and progressive decline thereafter.",,cln3.001,Intron 07 - 09,c.461-280_677+382del,,p.(?),deletion,complex,see notes,,Pathogenic,rs1555468634,g.28485965_28486930del,"The International Batten Disease Consortium, 1995                                              ",7553855,,"This deletion mutation was originally believed to stretch 1.02 kb (Batten Disease Consortium, 1995). It was later shown to span 966 bp, and is also called 1kb deletion. In culture, fibroblasts from a homozygous patient express a major transcript of 521 bp and a minor transcript of 408 bp (Kitzmüller, Haines, Codlin, Cutler, & Mole, 2008). The major transcript contains exon 6 spliced to exon 9 and is thought to encode a protein containing the first 153 amino acids of CLN3 plus an additional 28 novel amino acids resulting from an out‐of‐frame RNA sequence at the novel splice site. ",,,CLN3
Pa-cln3.486,,,cln3.001,с.461-280_677+382del,,,protracted juvenile,6,,,,USA,Evans et al. 2021,34313756,"Diagnosed CRD 6 y, changed diagnosis to RP at 8 y; seizures at 23 y and progressive decline thereafter.",,cln3.001,Intron 07 - 09,c.461-280_677+382del,,p.(?),deletion,complex,see notes,,Pathogenic,rs1555468634,g.28485965_28486930del,"The International Batten Disease Consortium, 1995                                              ",7553855,,"This deletion mutation was originally believed to stretch 1.02 kb (Batten Disease Consortium, 1995). It was later shown to span 966 bp, and is also called 1kb deletion. In culture, fibroblasts from a homozygous patient express a major transcript of 521 bp and a minor transcript of 408 bp (Kitzmüller, Haines, Codlin, Cutler, & Mole, 2008). The major transcript contains exon 6 spliced to exon 9 and is thought to encode a protein containing the first 153 amino acids of CLN3 plus an additional 28 novel amino acids resulting from an out‐of‐frame RNA sequence at the novel splice site. ",,,CLN3
Pa-cln3.487,,,cln3.030,c.128-1G>A,,,juvenile,6,,Turkey,,Switzerland,pers comm from relative,,Manifested with retinal problems,,cln3.030,Intron 03,c.126-1G>A,,p.(?),substitution,splice acceptor variant,most probably affecting splicing,,likely pathogenic,rs386833705,g.28489387C>T,"Kousi et al., Hum Mutat, 2012",21990111,,,,,CLN3
Pa-cln3.488,,G369,cln3.117,c.677+883_791-328del,,,macular dystrophy,5,,,,,Wen et al. 2023,36811936,Diagnosed with Stargardt-like macular dystrophy,,cln3.117,Intron 09 - 10,c.677+883_791-328del,,p.(?),deletion,,,cannot analyse; says invalid HGVS nomenclature,,,g.28483000_28485464del,Wen et al. 2023,36811936,NM_001042432.1:c.677+883_791-328del; NP_001035897.1:p.(Ser226Argfs∗36); NC_000016.9:g.28494321_28496785del,,,,CLN3
Pa-cln3.488,,G-369,cln3.117,c.677+883_791-328del,,,macular dystrophy,5,,,,,Wen et al. 2023,36811936,Diagnosed with Stargardt-like macular dystrophy,,cln3.117,Intron 09 - 10,c.677+883_791-328del,,p.(?),deletion,,,cannot analyse; says invalid HGVS nomenclature,,,g.28483000_28485464del,Wen et al. 2023,36811936,NM_001042432.1:c.677+883_791-328del; NP_001035897.1:p.(Ser226Argfs∗36); NC_000016.9:g.28494321_28496785del,,,,CLN3
Pa-cln3.489,,RKK-79,cln3.001,с.461-280_677+382del,,,RP,66,,,,,Wen et al. 2023,36811936,Mutation described as c.461-279_677+384del; is  more than likely cln3.001,,cln3.001,Intron 07 - 09,c.461-280_677+382del,,p.(?),deletion,complex,see notes,,Pathogenic,rs1555468634,g.28485965_28486930del,"The International Batten Disease Consortium, 1995                                              ",7553855,,"This deletion mutation was originally believed to stretch 1.02 kb (Batten Disease Consortium, 1995). It was later shown to span 966 bp, and is also called 1kb deletion. In culture, fibroblasts from a homozygous patient express a major transcript of 521 bp and a minor transcript of 408 bp (Kitzmüller, Haines, Codlin, Cutler, & Mole, 2008). The major transcript contains exon 6 spliced to exon 9 and is thought to encode a protein containing the first 153 amino acids of CLN3 plus an additional 28 novel amino acids resulting from an out‐of‐frame RNA sequence at the novel splice site. ",,,CLN3
Pa-cln3.489,,RKK-79,cln3.118,p.(Val390Met),,,RP,66,,,,,Wen et al. 2023,36811936,,,cln3.118,Exon 15,c.1168G>A,390,p.(Val390Met),substitution,missense,Probably damaging,no significant impact on splicing signals,uncertain significance,rs777383109,g.28477766C>T,Wen et al. 2023,36811936,,rare TOPMED 0.00001,,,CLN3
Pa-cln3.495,,Patient 1,cln3.001,c.461-280_677+382del,,,protracted juvenile,5,,Poland,,,Purzycka-Olewiecka et al. 2022,36576693,deterioration of visual quality and acuity; convulsions; aged 14 y at school but cognitive functions diminished; normal speech,,cln3.001,Intron 07 - 09,c.461-280_677+382del,,p.(?),deletion,complex,see notes,,Pathogenic,rs1555468634,g.28485965_28486930del,"The International Batten Disease Consortium, 1995                                              ",7553855,,"This deletion mutation was originally believed to stretch 1.02 kb (Batten Disease Consortium, 1995). It was later shown to span 966 bp, and is also called 1kb deletion. In culture, fibroblasts from a homozygous patient express a major transcript of 521 bp and a minor transcript of 408 bp (Kitzmüller, Haines, Codlin, Cutler, & Mole, 2008). The major transcript contains exon 6 spliced to exon 9 and is thought to encode a protein containing the first 153 amino acids of CLN3 plus an additional 28 novel amino acids resulting from an out‐of‐frame RNA sequence at the novel splice site. ",,,CLN3
Pa-cln3.496,REL23,Patient 3,cln3.068,c.954_962+18del,,,retinal dystrophy,3,,Poland,,,Purzycka-Olewiecka et al. 2022,36576693,nystagmus; followed by severe early onset retinal dystrophy.,,cln3.068,Exon 13 - Intron 13,c.954_962+18del,,p.?,deletion,,,,pathogenic,rs386833741,g.28482312_28482338del,"Kousi et al., Hum Mutat, 2012",21990111,p.Leu313_Trp321del / splice defect,,,,CLN3
Pa-cln3.496,REL23,Patient 3,cln3.001,c.461-280_677+382del,,,retinal dystrophy,3,,Poland,,,Purzycka-Olewiecka et al. 2022,36576693,nystagmus; followed by severe early onset retinal dystrophy.,,cln3.001,Intron 07 - 09,c.461-280_677+382del,,p.(?),deletion,complex,see notes,,Pathogenic,rs1555468634,g.28485965_28486930del,"The International Batten Disease Consortium, 1995                                              ",7553855,,"This deletion mutation was originally believed to stretch 1.02 kb (Batten Disease Consortium, 1995). It was later shown to span 966 bp, and is also called 1kb deletion. In culture, fibroblasts from a homozygous patient express a major transcript of 521 bp and a minor transcript of 408 bp (Kitzmüller, Haines, Codlin, Cutler, & Mole, 2008). The major transcript contains exon 6 spliced to exon 9 and is thought to encode a protein containing the first 153 amino acids of CLN3 plus an additional 28 novel amino acids resulting from an out‐of‐frame RNA sequence at the novel splice site. ",,,CLN3
Pa-cln3.497,REL23,Patient 4,cln3.068,c.954_962+18del,,,retinal dystrophy,7,,Poland,,,Purzycka-Olewiecka et al. 2022,36576693,"Referred at 7 years; no nystagmus, low visual acuity",,cln3.068,Exon 13 - Intron 13,c.954_962+18del,,p.?,deletion,,,,pathogenic,rs386833741,g.28482312_28482338del,"Kousi et al., Hum Mutat, 2012",21990111,p.Leu313_Trp321del / splice defect,,,,CLN3
Pa-cln3.497,REL23,Patient 4,cln3.001,c.461-280_677+382del,,,retinal dystrophy,7,,Poland,,,Purzycka-Olewiecka et al. 2022,36576693,"Referred at 7 years; no nystagmus, low visual acuity",,cln3.001,Intron 07 - 09,c.461-280_677+382del,,p.(?),deletion,complex,see notes,,Pathogenic,rs1555468634,g.28485965_28486930del,"The International Batten Disease Consortium, 1995                                              ",7553855,,"This deletion mutation was originally believed to stretch 1.02 kb (Batten Disease Consortium, 1995). It was later shown to span 966 bp, and is also called 1kb deletion. In culture, fibroblasts from a homozygous patient express a major transcript of 521 bp and a minor transcript of 408 bp (Kitzmüller, Haines, Codlin, Cutler, & Mole, 2008). The major transcript contains exon 6 spliced to exon 9 and is thought to encode a protein containing the first 153 amino acids of CLN3 plus an additional 28 novel amino acids resulting from an out‐of‐frame RNA sequence at the novel splice site. ",,,CLN3
Pa-cln3.498,,1,cln3.025,p.(Ser208Phefs*28),,,IRD,,,,,,Griffith et al 2022,36011402,no clinical data - IRD patients from South Carolina - mixed ethnicities,,cln3.025,Exon 09,c.622dup,208,p.(Ser208Phefs*28),duplication,frameshift,,activation of cryptic acceptor site,Pathogenic,rs386833736,g.28486402dup,"Pérez-Poyato et al., J Inherit Metab Dis 2011",21499717,,,,,CLN3
Pa-cln3.501,,31,,partial deletion,,,IRD,,,,,,Griffith et al 2022,36011402,no clinical data - IRD patients from South Carolina - mixed ethnicities,,,,,,,,,,,,,,,,,,,,CLN3
Pa-cln3.501,,31,cln3.115,p.Gly419Glu,,,IRD,,,,,,Griffith et al 2022,36011402,no clinical data - IRD patients from South Carolina - mixed ethnicities,,cln3.115,Exon 16,c.1256G>A,419,p.(Gly419Glu),substitution,missense,Probably damaging,new acceptor splice site,conflicting interpretations of pathogenicity,,g.28477577C>T,Griffith et al. ,PMC9407983,,,,,CLN3
Pa-cln3.503,,I,cln3.126,p.Glu295Gly,,,CRD,16,,Haiti,,,Kolesnikova et al. 2023,36912596,,,cln3.126,Exon 12,c.884A>G,295,p.(Glu295Gly),substitution,missense,possibly damaging,,uncertain significance,rs2141703722,g.28482499T>C,Kolesnikova et al. 2023,36912596,,,,,CLN3
Pa-cln3.504,,II,cln3.098,p.(Ala59Thr),,,CRD,32,,Haiti,,,Kolesnikova et al. 2023,36912596,,,cln3.098,Exon 04,c.175G>A ,59,p.(Ala59Thr),substitution,missense,Probably damaging,Alteration of auxiliary sequences,pathogenic,rs765893479 ,g.28489337C>T,"Chen et al., 2019",30446867,,,,,CLN3
Pa-cln3.505,,III,cln3.001,c.461-280_677+382del,,,CRD,19,,Europe,Ireland / Sicily,,Kolesnikova et al. 2023,36912596,,,cln3.001,Intron 07 - 09,c.461-280_677+382del,,p.(?),deletion,complex,see notes,,Pathogenic,rs1555468634,g.28485965_28486930del,"The International Batten Disease Consortium, 1995                                              ",7553855,,"This deletion mutation was originally believed to stretch 1.02 kb (Batten Disease Consortium, 1995). It was later shown to span 966 bp, and is also called 1kb deletion. In culture, fibroblasts from a homozygous patient express a major transcript of 521 bp and a minor transcript of 408 bp (Kitzmüller, Haines, Codlin, Cutler, & Mole, 2008). The major transcript contains exon 6 spliced to exon 9 and is thought to encode a protein containing the first 153 amino acids of CLN3 plus an additional 28 novel amino acids resulting from an out‐of‐frame RNA sequence at the novel splice site. ",,,CLN3
Pa-cln3.505,,III,cln3.074,p.(Arg405Trp),,,CRD,19,,Europe,Ireland / Sicily,,Kolesnikova et al. 2023,36912596,,,cln3.074,Exon 16,c.1213C>T ,405,p.(Arg405Trp),substitution,missense,Probably damaging,Alteration of auxiliary sequences,conflicting interpretations of pathogenicity,rs139842473,g.28477620G>A,Weisschuh et al. 2016,26766544,,Detected by WES in patient with RP,,,CLN3
Pa-cln3.506,,IV,cln3.001,c.461-280_677+382del,,,CRD,17,,Europe,Ireland / Sicily,,Kolesnikova et al. 2023,36912596,,,cln3.001,Intron 07 - 09,c.461-280_677+382del,,p.(?),deletion,complex,see notes,,Pathogenic,rs1555468634,g.28485965_28486930del,"The International Batten Disease Consortium, 1995                                              ",7553855,,"This deletion mutation was originally believed to stretch 1.02 kb (Batten Disease Consortium, 1995). It was later shown to span 966 bp, and is also called 1kb deletion. In culture, fibroblasts from a homozygous patient express a major transcript of 521 bp and a minor transcript of 408 bp (Kitzmüller, Haines, Codlin, Cutler, & Mole, 2008). The major transcript contains exon 6 spliced to exon 9 and is thought to encode a protein containing the first 153 amino acids of CLN3 plus an additional 28 novel amino acids resulting from an out‐of‐frame RNA sequence at the novel splice site. ",,,CLN3
Pa-cln3.506,,IV,cln3.074,p.(Arg405Trp),,,CRD,17,,Europe,Ireland / Sicily,,Kolesnikova et al. 2023,36912596,,,cln3.074,Exon 16,c.1213C>T ,405,p.(Arg405Trp),substitution,missense,Probably damaging,Alteration of auxiliary sequences,conflicting interpretations of pathogenicity,rs139842473,g.28477620G>A,Weisschuh et al. 2016,26766544,,Detected by WES in patient with RP,,,CLN3
Pa-cln3.507,,V,cln3.001,c.461-280_677+382del,,,late infantile,5,,Brazil,,,Kolesnikova et al. 2023,36912596,,,cln3.001,Intron 07 - 09,c.461-280_677+382del,,p.(?),deletion,complex,see notes,,Pathogenic,rs1555468634,g.28485965_28486930del,"The International Batten Disease Consortium, 1995                                              ",7553855,,"This deletion mutation was originally believed to stretch 1.02 kb (Batten Disease Consortium, 1995). It was later shown to span 966 bp, and is also called 1kb deletion. In culture, fibroblasts from a homozygous patient express a major transcript of 521 bp and a minor transcript of 408 bp (Kitzmüller, Haines, Codlin, Cutler, & Mole, 2008). The major transcript contains exon 6 spliced to exon 9 and is thought to encode a protein containing the first 153 amino acids of CLN3 plus an additional 28 novel amino acids resulting from an out‐of‐frame RNA sequence at the novel splice site. ",,,CLN3
Pa-cln3.508,REL24,P15,cln3.116,c.1274_1275delTC,,,juvenile,8,,Iran,,,Panjeshahi et al. 2023,37074398,"myoclonic seizues; progressive decline, regression, ataxia, visual symptoms; diagnosed age 20",,cln3.116,Exon 16,c.1274_1275del,425,p.(Leu425Profs,deletion,frameshift,,new donor splice site,,,g.28477559_28477560del,Panejeshahi et al. 2023,37074398,,,,,CLN3
Pa-cln3.509,REL24,P16,cln3.116,c.1274_1275delTC,,,juvenile,8,,Iran,,,Panjeshahi et al. 2023,37074398,myoclonic seizues; visual symptoms and difficulty at school at age 8,,cln3.116,Exon 16,c.1274_1275del,425,p.(Leu425Profs,deletion,frameshift,,new donor splice site,,,g.28477559_28477560del,Panejeshahi et al. 2023,37074398,,,,,CLN3
Pa-cln3.510,,,cln3.122,p.(Leu313*),,"RPE65 c.1198G>A, p.(Glu399Lys) hetero VUS; SPATA7 c.1283T>G, p.(Val428Gly) VUS",Juvenile,7,,India,,,"Pers comm, Ineka Whiteman",,Seizures with loss of consciousness; hallucinations; blurring of vision,,cln3.122,Exon 13,c.937del,313,p.(Leu313*),deletion,nonsense,,Alteration of auxiliary sequences,likely pathogenic,,g.28482354del,pers comm Ineka Whiteman,,,,,,CLN3
Pa-cln3.511,,,cln3.016,p.(His315Glnfs *67),,Deletion of entire SPATA7 coding region heterozygous,,7,,,Hispanic,Mexico,Garza-Garza et al. 2023,37621118,"Diminshed visual acuity, nyctalopia",,cln3.016,Exon 13,c.944dup,315,p.(His315fs),duplication,frameshift,,new acceptor splice site,pathogenic,rs386833740,g.28482345dup,"Munroe et al., Am J Hum Genet; 1997",9311735,,c.944-945insA,,,CLN3
Pa-cln3.511,,,cln3.123,p.(Cys435Trp),,Deletion of entire SPATA7 coding region heterozygous,,7,,,Hispanic,Mexico,Garza-Garza et al. 2023,37621118,"Diminshed visual acuity, nyctalopia",,cln3.123,Exon 16,c.1305C>G,435,p.(Cys435Trp),substitution,missense,Probably damaging,Alteration of auxiliary sequences,uncertain significance,rs1216521924,g.28477528G>C,Garza-Garza et al. 2023,37621118,,,,,CLN3
Pa-cln3.512,REL25,,cln3.124,p.(Tyr227Cys) ,,,Juvenile,11,,,,,"Pers comm, Ineka Whiteman",,"Visual decline from age 11. Later onset and slower progression, Aged 17 also exhibiting behavioural and cognitive changes, and mild cerebellar atrophy",,cln3.124,Exon 10,c.680A>G ,227,p.(Tyr227Cys) ,substitution,missense,Probably damaging,Alteration of auxiliary sequences,,rs1384612641,g.28484116T>C,Pers comm Ineka Whiteman,,,,,,CLN3
Pa-cln3.512,REL25,,cln3.001,c.461-280_677+382del,,,Juvenile,11,,,,,"Pers comm, Ineka Whiteman",,"Visual decline from age 11. Later onset and slower progression, Aged 17 also exhibiting behavioural and cognitive changes, and mild cerebellar atrophy",,cln3.001,Intron 07 - 09,c.461-280_677+382del,,p.(?),deletion,complex,see notes,,Pathogenic,rs1555468634,g.28485965_28486930del,"The International Batten Disease Consortium, 1995                                              ",7553855,,"This deletion mutation was originally believed to stretch 1.02 kb (Batten Disease Consortium, 1995). It was later shown to span 966 bp, and is also called 1kb deletion. In culture, fibroblasts from a homozygous patient express a major transcript of 521 bp and a minor transcript of 408 bp (Kitzmüller, Haines, Codlin, Cutler, & Mole, 2008). The major transcript contains exon 6 spliced to exon 9 and is thought to encode a protein containing the first 153 amino acids of CLN3 plus an additional 28 novel amino acids resulting from an out‐of‐frame RNA sequence at the novel splice site. ",,,CLN3
Pa-cln3.513,REL25,,cln3.124,p.(Tyr227Cys) ,,,Juvenile,11,,,,,"Pers comm, Ineka Whiteman",,Visual decline from age 11. Later onset and slower progression,,cln3.124,Exon 10,c.680A>G ,227,p.(Tyr227Cys) ,substitution,missense,Probably damaging,Alteration of auxiliary sequences,,rs1384612641,g.28484116T>C,Pers comm Ineka Whiteman,,,,,,CLN3
Pa-cln3.513,REL25,,cln3.001,c.461-280_677+382del,,,Juvenile,11,,,,,"Pers comm, Ineka Whiteman",,Visual decline from age 11. Later onset and slower progression,,cln3.001,Intron 07 - 09,c.461-280_677+382del,,p.(?),deletion,complex,see notes,,Pathogenic,rs1555468634,g.28485965_28486930del,"The International Batten Disease Consortium, 1995                                              ",7553855,,"This deletion mutation was originally believed to stretch 1.02 kb (Batten Disease Consortium, 1995). It was later shown to span 966 bp, and is also called 1kb deletion. In culture, fibroblasts from a homozygous patient express a major transcript of 521 bp and a minor transcript of 408 bp (Kitzmüller, Haines, Codlin, Cutler, & Mole, 2008). The major transcript contains exon 6 spliced to exon 9 and is thought to encode a protein containing the first 153 amino acids of CLN3 plus an additional 28 novel amino acids resulting from an out‐of‐frame RNA sequence at the novel splice site. ",,,CLN3
Pa-cln3.514,,,cln3.125,p.(Tyr52His),,,Adult,11,Autofluorescent material (muscle); granular and vaculoar deposits (skin),China,,,Yu et al. 2022,35576013,"Visual impairment, unsteady walking, loss of speech; tonic clonic seiures in 20s; atazxic gait, atrophy of cerebellum and temporal lobe. Patient has complete maternal uniparental disomy of chromosome 16.",,cln3.125,Exon 04,c.154T>C,52,p.(Tyr52His),substitution,missense,probably damaging,,,,g.28489358A>G,Yu et al. 2022,35576013,,,,,CLN3
Pa-cln3.515,,,cln3.001,c.461-280_677+382del,,,Adult,63,,,,,Honasoge and Smith 2022,PMC9121241,"Mild nuclear sclerosis, numerous pigmented chorioretinal scars, tracking into macula. From the description of the mutation, it is probably the 1kb deletion, but described incorrectly wrt to current reference sequences.",,cln3.001,Intron 07 - 09,c.461-280_677+382del,,p.(?),deletion,complex,see notes,,Pathogenic,rs1555468634,g.28485965_28486930del,"The International Batten Disease Consortium, 1995                                              ",7553855,,"This deletion mutation was originally believed to stretch 1.02 kb (Batten Disease Consortium, 1995). It was later shown to span 966 bp, and is also called 1kb deletion. In culture, fibroblasts from a homozygous patient express a major transcript of 521 bp and a minor transcript of 408 bp (Kitzmüller, Haines, Codlin, Cutler, & Mole, 2008). The major transcript contains exon 6 spliced to exon 9 and is thought to encode a protein containing the first 153 amino acids of CLN3 plus an additional 28 novel amino acids resulting from an out‐of‐frame RNA sequence at the novel splice site. ",,,CLN3
Pa-cln3.515,,,,wildtype,,,Adult,63,,,,,Honasoge and Smith 2022,PMC9121241,"Mild nuclear sclerosis, numerous pigmented chorioretinal scars, tracking into macula. From the description of the mutation, it is probably the 1kb deletion, but described incorrectly wrt to current reference sequences.",,,,,,,,,,,,,,,,,,,,CLN3
Pa-cln3.516,,,cln3.119,p.(Trp321*),,,late infantile,3,,,,Canada,Jilani et al. 2019,31741823,"Presented with visual impairment. GDD, regression, cortical blindness, seizures.",,cln3.119,Exon 14,c.963G>A,321,p.(Trp321*),Substitution,nonsense,,No significant impact on splicing signals.,,,g.28482198C>T,Jilani et al. 2019,31741823,,,,,CLN3
Pa-cln3.517,,No. 52,cln3.106,p.(Ser161*)  ,,,juvenile,6.33,,Saudi Arabia,,,Saleh et al. 2024,https://doi.org/10.1016/j.pediatrneurol.2024.03.004,"Presented with behavioural dysfunction and mental decline; followed by epilepsy, motor problems and vision loss",Could be same patient as LOVD 307885,cln3.106,Exon 08,c.482C>A,161,p.(Ser161Ter),substitution,nonsense,,no significant impact on splicing signals,uncertain significance,rs1328657534,g.28486629G>T,Pers comm Rus,,,,,,CLN3
Pa-cln3.518,,,cln3.001,c.461-280_677+382del,,,juvenile,6,,,,USA,Evans et al. 2021,34313756,"CRD; after progression diagnosis changed to RP. Onset of seizures at 23y, progression of CNS symptoms and death at 27y.",,cln3.001,Intron 07 - 09,c.461-280_677+382del,,p.(?),deletion,complex,see notes,,Pathogenic,rs1555468634,g.28485965_28486930del,"The International Batten Disease Consortium, 1995                                              ",7553855,,"This deletion mutation was originally believed to stretch 1.02 kb (Batten Disease Consortium, 1995). It was later shown to span 966 bp, and is also called 1kb deletion. In culture, fibroblasts from a homozygous patient express a major transcript of 521 bp and a minor transcript of 408 bp (Kitzmüller, Haines, Codlin, Cutler, & Mole, 2008). The major transcript contains exon 6 spliced to exon 9 and is thought to encode a protein containing the first 153 amino acids of CLN3 plus an additional 28 novel amino acids resulting from an out‐of‐frame RNA sequence at the novel splice site. ",,,CLN3
Pa-cln3.519,,ucl-pax_6,cln3.127,,,,juvenile,5,,Germany,,,Minnis et al. 2025,,"visual loss, cognitive/language/motor decline, behavioural and psychiatric abnormalities",The coordinates of the deletion in this patient cannot be validated. See mutation datasheet for full details. Preprint: https://doi.org/10.1101/2025.04.24.650398,cln3.127,Intron 07 - 09,,,,deletion,,,,,,,Minnis et al. 2025,,Preprint: https://doi.org/10.1101/2025.04.24.650398,"Deletion is described as c.(460+1_461-1)_(677+1_678-1)del, but this nomenclature is not correct",,,CLN3
Pa-cln3.519,,ucl-pax_6,cln3.128,p.(Thr97Arg),,,juvenile,5,,Germany,,,Minnis et al. 2025,,"visual loss, cognitive/language/motor decline, behavioural and psychiatric abnormalities",Preprint: https://doi.org/10.1101/2025.04.24.650398,cln3.128,Exon 05,c.290C>G,97,p.(Thr97Arg),substitution,missense,probably damaging,alteration of auxiliary sequences; new acceptor splice site,,,g.28488595G>C,Minnis et al. 2025,,Preprint: https://doi.org/10.1101/2025.04.24.650398,,,,CLN3
Pa-cln3.520,,P5,cln3.129,p.(Ser125Glnfs*),,,late infantile,4,positive for vaculoated lymphocytes and on nerve biopsy,,,Spain / Portugal,Fernandez-Marmiesse et al. 2014,24767253,"Conduct disorder, attention deficit disorder",,cln3.129,Exon 05,c.371_372insT,125,p.(Ser125Glnfs*),insertion,frameshift,,new acceptor splice site. Potential alteration of splicing (cryptic exon activation),pathogenic,rs587779397,g.28487664_28487665insA,Fernandez-Martimiesse et al. 2014,24767253 ,p.(Tys124fs),,,,CLN3
Pa-cln3.521,,sample barcode 1005,cln3.130,p.(Ser171Phe),,,,,,,,,Minnis et al. 2025,,,,cln3.130,Exon 08,c.512C>T,171,p.(Ser171Phe),substitution,missense,Probably damaging,alteration of auxiliary sequences,conflicting classification of pathogenicity,rs1401497994,g.28486599G>A,Minnis et al. 2025,,Preprint: https://doi.org/10.1101/2025.04.24.650398,,,,CLN3
Pa-cln3.521,,sample barcode 1005,cln3.001,c.461-280_677+382del,,,,,,,,,Minnis et al. 2025,,,,cln3.001,Intron 07 - 09,c.461-280_677+382del,,p.(?),deletion,complex,see notes,,Pathogenic,rs1555468634,g.28485965_28486930del,"The International Batten Disease Consortium, 1995                                              ",7553855,,"This deletion mutation was originally believed to stretch 1.02 kb (Batten Disease Consortium, 1995). It was later shown to span 966 bp, and is also called 1kb deletion. In culture, fibroblasts from a homozygous patient express a major transcript of 521 bp and a minor transcript of 408 bp (Kitzmüller, Haines, Codlin, Cutler, & Mole, 2008). The major transcript contains exon 6 spliced to exon 9 and is thought to encode a protein containing the first 153 amino acids of CLN3 plus an additional 28 novel amino acids resulting from an out‐of‐frame RNA sequence at the novel splice site. ",,,CLN3
Pa-cln3.522,,,cln3.001,c.461-280_677+382del,,,adult,,,Ukraine,,,pers comm Whiteman,,Visual loss with adult onset,,cln3.001,Intron 07 - 09,c.461-280_677+382del,,p.(?),deletion,complex,see notes,,Pathogenic,rs1555468634,g.28485965_28486930del,"The International Batten Disease Consortium, 1995                                              ",7553855,,"This deletion mutation was originally believed to stretch 1.02 kb (Batten Disease Consortium, 1995). It was later shown to span 966 bp, and is also called 1kb deletion. In culture, fibroblasts from a homozygous patient express a major transcript of 521 bp and a minor transcript of 408 bp (Kitzmüller, Haines, Codlin, Cutler, & Mole, 2008). The major transcript contains exon 6 spliced to exon 9 and is thought to encode a protein containing the first 153 amino acids of CLN3 plus an additional 28 novel amino acids resulting from an out‐of‐frame RNA sequence at the novel splice site. ",,,CLN3
Pa-cln3.522,,,cln3.131,p.(Ala158Asp),,,adult,,,Ukraine,,,pers comm Whiteman,,Visual loss with adult onset,,cln3.131,Exon 08,c.473C>A,158,p.(Ala158Asp),substitution,missense,probably damaging,uncertain significance,,,g.28486638,pers comm Whiteman,,,,,,CLN3
Pa-cln3.523,,10,cln3.132,p.(Ser131fs),,,retinal disease/adult,29,FP (skin),,,Netherlands,Saarela et al. 2024,https://www.biorxiv.org/content/10.1101/2024.05.17.594681v2,clinical symptoms with characteristic optical coherence tomography (OCT) abnormalities,,cln3.132,Exon 07,c.391_392del,131,p.(Ser131Trpfs*),deletion,,,Two new donor splice sites : Activation of a two cryptic donor sites. Potential alteration of splicing,,g.28487524_28487525del,Saarela et al. 2024,https://www.biorxiv.org/content/10.1101/2024.05.17.594681v2,,,,,,CLN3
Pa-cln3.523,,10,cln3.133,p.(Gln323=),,,retinal disease/adult,29,FP (skin),,,Netherlands,Saarela et al. 2024,https://www.biorxiv.org/content/10.1101/2024.05.17.594681v2,clinical symptoms with characteristic optical coherence tomography (OCT) abnormalities,,cln3.133,Exon 14,c.969G>A,323,p.(Gln323=),,,likely benign,New acceptor splice site. Activation of a cryptic Acceptor site. Potential alteration of splicing,likely benign,rs2141702884,g.28482192C>T,Saarela et al. 2024,https://www.biorxiv.org/content/10.1101/2024.05.17.594681v2,,,,,CLN3
Pa-cln3.524,,S-4663,cln3.002,c.(790+1_791-1)_(1056+1_1057-1)del,,,,,,India,,,Ganapathy et al. 2019,31069529,"Seizures, progressive visual blurring and cognitive impairment",Breakpoints not defined,cln3.002,Intron 10 - 14,c.(790+1_791-1)_(1056+1_1057-1)del,,p.(Gly264Valfs*29),deletion,uncertain,see notes,,Pathogenic,,,"Munroe et al., Am J Hum Genet; 1997",9311735,2.8 kb deletion or p.(Gly264_Gln352delinsValfs*29) or p.(Gly264_Leu437delinsAlaSerAspSerProAlaSerAlaSerArgValAlaGlyThrThrGly). D16S268 is deleted/not amplifiable.,"Amino acid change taken from ClinVar entry; note variance from original description. The mutation is described as c.790+532_1056+1445del, g.28480687_28483501del in both Kousi 2012 and Clinvar; however there is no accompanying published evidence for this location.  For this reason, the mutation is shown with uncertain breakpoints.",,,CLN3
Pa-cln3.525,,P15,cln3.013,p.(Ala196Glyfs*40),,,RP,6,,Turkey,,,Yavas et al. 2025,39865314,Retinitis pigmentosa,IRD panel - clinical information limited,cln3.013,Exon 09,c.586dup,196,p.(Ala196Glyfs*40),duplication,frameshift,,no significant impact on splicing signals,Likely pathogenic,rs386833735,g.28486442dup,"Munroe et al., Am J Hum Genet; 1997",9311735,,,CI972580,,CLN3
Pa-cln3.526,,1010,cln3.002,c.(790+1_791-1)_(1056+1_1057-1)del,,,CLN3,,,,,,Minnis et al. 2025,,,Preprint: https://doi.org/10.1101/2025.04.24.650398,cln3.002,Intron 10 - 14,c.(790+1_791-1)_(1056+1_1057-1)del,,p.(Gly264Valfs*29),deletion,uncertain,see notes,,Pathogenic,,,"Munroe et al., Am J Hum Genet; 1997",9311735,2.8 kb deletion or p.(Gly264_Gln352delinsValfs*29) or p.(Gly264_Leu437delinsAlaSerAspSerProAlaSerAlaSerArgValAlaGlyThrThrGly). D16S268 is deleted/not amplifiable.,"Amino acid change taken from ClinVar entry; note variance from original description. The mutation is described as c.790+532_1056+1445del, g.28480687_28483501del in both Kousi 2012 and Clinvar; however there is no accompanying published evidence for this location.  For this reason, the mutation is shown with uncertain breakpoints.",,,CLN3
Pa-cln3.526,,1010,cln3.001,c.461-280_677+382del,,,CLN3,,,,,,Minnis et al. 2025,,,Preprint: https://doi.org/10.1101/2025.04.24.650398,cln3.001,Intron 07 - 09,c.461-280_677+382del,,p.(?),deletion,complex,see notes,,Pathogenic,rs1555468634,g.28485965_28486930del,"The International Batten Disease Consortium, 1995                                              ",7553855,,"This deletion mutation was originally believed to stretch 1.02 kb (Batten Disease Consortium, 1995). It was later shown to span 966 bp, and is also called 1kb deletion. In culture, fibroblasts from a homozygous patient express a major transcript of 521 bp and a minor transcript of 408 bp (Kitzmüller, Haines, Codlin, Cutler, & Mole, 2008). The major transcript contains exon 6 spliced to exon 9 and is thought to encode a protein containing the first 153 amino acids of CLN3 plus an additional 28 novel amino acids resulting from an out‐of‐frame RNA sequence at the novel splice site. ",,,CLN3
Pa-cln3.527,,1014,cln3.012,p.(Gly187fs),,,CLN3,,,,,,Minnis et al. 2025,,,Preprint: https://doi.org/10.1101/2025.04.24.650398,cln3.012,Exon 09,c.558_559del,187,p.(Gly187fs),deletion,frameshift,,new donor splice site; new acceptor splice site,likely pathogenic,rs386833729,g.28486465_28486466del,"Munroe et al., Am J Hum Genet; 1997",9311735,,,,,CLN3
Pa-cln3.527,,1014,cln3.001,c.461-280_677+382del,,,CLN3,,,,,,Minnis et al. 2025,,,Preprint: https://doi.org/10.1101/2025.04.24.650398,cln3.001,Intron 07 - 09,c.461-280_677+382del,,p.(?),deletion,complex,see notes,,Pathogenic,rs1555468634,g.28485965_28486930del,"The International Batten Disease Consortium, 1995                                              ",7553855,,"This deletion mutation was originally believed to stretch 1.02 kb (Batten Disease Consortium, 1995). It was later shown to span 966 bp, and is also called 1kb deletion. In culture, fibroblasts from a homozygous patient express a major transcript of 521 bp and a minor transcript of 408 bp (Kitzmüller, Haines, Codlin, Cutler, & Mole, 2008). The major transcript contains exon 6 spliced to exon 9 and is thought to encode a protein containing the first 153 amino acids of CLN3 plus an additional 28 novel amino acids resulting from an out‐of‐frame RNA sequence at the novel splice site. ",,,CLN3
Pa-cln3.528,,1015,cln3.014,p.(Gln211*),,,CLN3,,,,,,Minnis et al. 2025,,,Preprint: https://doi.org/10.1101/2025.04.24.650398,cln3.014,Exon 09,c.631C>T,211,p.(Gln211*),substitution,nonsense,,Alteration of auxiliary sequences,Pathogenic,rs386833737,g.28486393G>A,"Munroe et al., Am J Hum Genet; 1997",9311735,,,,,CLN3
Pa-cln3.528,,1015,cln3.001,c.461-280_677+382del,,,CLN3,,,,,,Minnis et al. 2025,,,Preprint: https://doi.org/10.1101/2025.04.24.650398,cln3.001,Intron 07 - 09,c.461-280_677+382del,,p.(?),deletion,complex,see notes,,Pathogenic,rs1555468634,g.28485965_28486930del,"The International Batten Disease Consortium, 1995                                              ",7553855,,"This deletion mutation was originally believed to stretch 1.02 kb (Batten Disease Consortium, 1995). It was later shown to span 966 bp, and is also called 1kb deletion. In culture, fibroblasts from a homozygous patient express a major transcript of 521 bp and a minor transcript of 408 bp (Kitzmüller, Haines, Codlin, Cutler, & Mole, 2008). The major transcript contains exon 6 spliced to exon 9 and is thought to encode a protein containing the first 153 amino acids of CLN3 plus an additional 28 novel amino acids resulting from an out‐of‐frame RNA sequence at the novel splice site. ",,,CLN3
Pa-cln3.529,,1018,cln3.014,p.(Gln211*),,,CLN3,,,,,,Minnis et al. 2025,,,Preprint: https://doi.org/10.1101/2025.04.24.650398,cln3.014,Exon 09,c.631C>T,211,p.(Gln211*),substitution,nonsense,,Alteration of auxiliary sequences,Pathogenic,rs386833737,g.28486393G>A,"Munroe et al., Am J Hum Genet; 1997",9311735,,,,,CLN3
Pa-cln3.529,,1018,cln3.001,c.461-280_677+382del,,,CLN3,,,,,,Minnis et al. 2025,,,Preprint: https://doi.org/10.1101/2025.04.24.650398,cln3.001,Intron 07 - 09,c.461-280_677+382del,,p.(?),deletion,complex,see notes,,Pathogenic,rs1555468634,g.28485965_28486930del,"The International Batten Disease Consortium, 1995                                              ",7553855,,"This deletion mutation was originally believed to stretch 1.02 kb (Batten Disease Consortium, 1995). It was later shown to span 966 bp, and is also called 1kb deletion. In culture, fibroblasts from a homozygous patient express a major transcript of 521 bp and a minor transcript of 408 bp (Kitzmüller, Haines, Codlin, Cutler, & Mole, 2008). The major transcript contains exon 6 spliced to exon 9 and is thought to encode a protein containing the first 153 amino acids of CLN3 plus an additional 28 novel amino acids resulting from an out‐of‐frame RNA sequence at the novel splice site. ",,,CLN3
Pa-cln3.530,,Patient 06,cln3.134,c.838-3C>G,,,juvenile,5,,,,,Thuppanattumadam Ananthasubramanian et al. 2025 ,39675099,Onset with seizures,,cln3.134,Intron 11,c.838-3C>G,,p.(?),substitution,splice region variant,,Acceptor loss 0.73,,rs1437110742,g.28482548G>C,Thuppanattumadam Ananthasubramanian et al. 2025 ,39675099,,,,,CLN3
Pa-cln3.531,,Patient 11,cln3.079,p.(Gly189Trp),,,late infantile,4,curvilinear and fingerprint profiles,,,,Thuppanattumadam Ananthasubramanian et al. 2025 ,39675099,Onset with seizures,,cln3.079,Exon 09,c.565G>T,189,p.(Gly189Trp),substitution,missense,Probably damaging,Alteration of auxiliary sequences,uncertain significance,rs386833731,g.28486459C>A,R Williams pers comm,,,,,,CLN3
Pa-cln3.531,,Patient 11,cln3.135,c.534-2A>G,,,late infantile,4,curvilinear and fingerprint profiles,,,,Thuppanattumadam Ananthasubramanian et al. 2025 ,39675099,Onset with seizures,,cln3.135,Intron 08,c.534-2A>G,,p.(?),substitution,splice acceptor variant,,Acceptor loss 0.99; Acceptor gain 0.58,,,g.28486492T>C,Thuppanattumadam Ananthasubramanian et al. 2025 ,39675099,,,,,CLN3
Pa-cln3.532,,Patient 33,cln3.134,c.838-3C>G,,,juvenile,6,,,,,Thuppanattumadam Ananthasubramanian et al. 2025 ,39675099,Onset with visual impairment,,cln3.134,Intron 11,c.838-3C>G,,p.(?),substitution,splice region variant,,Acceptor loss 0.73,,rs1437110742,g.28482548G>C,Thuppanattumadam Ananthasubramanian et al. 2025 ,39675099,,,,,CLN3
Pa-cln3.533,,Patient 53,cln3.136,p.(Cys353Arg),,,juvenile,5,Fingerprint profiles,,,,Thuppanattumadam Ananthasubramanian et al. 2025 ,39675099,Onset with vision loss,,cln3.136,Exon 15,c.1057T>C,353,p.(Cys353Arg),substitution,missense,possibly damaging,All <0.5,uncertain significance,,g.28477877A>G,Thuppanattumadam Ananthasubramanian et al. 2025 ,39675099,,,,,CLN3
Pa-cln3.534,,19309,cln3.137,p.(Ser69*),,,Isolated retinal disease,16,,China,,,Zhang et al. 2024,39563673,"Onset with night blindness, vision loss",,cln3.137,Exon 04,c.206C>A,69,p.(Ser69*),substitution,nonsense,,All <0.1,Pathogenic,,g.28489306G>T,Zhang et al. 2024,39563673,,,,,CLN3
Pa-cln3.534,,19309,cln3.074,p.(Arg405Trp),,,Isolated retinal disease,16,,China,,,Zhang et al. 2024,39563673,"Onset with night blindness, vision loss",,cln3.074,Exon 16,c.1213C>T ,405,p.(Arg405Trp),substitution,missense,Probably damaging,Alteration of auxiliary sequences,conflicting interpretations of pathogenicity,rs139842473,g.28477620G>A,Weisschuh et al. 2016,26766544,,Detected by WES in patient with RP,,,CLN3
Pa-cln3.535,,"0,191,609",cln3.138,p.(Ser185Pro),,,juvenile,8,,China,,,Zhang et al. 2024,39563673,"Onset with rapid vision loss, night blindness; displayed typical CLN3 phenotype",,cln3.138,Exon 09,c.553T>C,185,p.(Ser185Pro),substitution,missense,Probably damaging,All <0.1,,,g.28486471A>G,Zhang et al. 2024,39563673,,,,,CLN3
Pa-cln3.535,,"0,191,609",cln3.141,c.963-13A>G,,,juvenile,8,,China,,,Zhang et al. 2024,39563673,"Onset with rapid vision loss, night blindness; ; displayed typical CLN3 phenotype",,cln3.141,Exon 14,c.963-13A>G,321,p.(Trp321delinsCysProAsnLeuArg),substitution,splice pyrimidine tract variant,,Accceptor loss 0.59; Donor gain 0.85,,,g.28482211T>C,Zhang et al. 2024,39563673,," RT–PCR results from lymphocytes demonstrated that this variant caused a 12-nt retention of intron 13, resulting in an in-frame indel p.(W321delinsCPNLR) by triggering a cryptic acceptor splice site. The 3D structural modeling demonstrated that the mutant changed one segment of an α-helical secondary structure to a loop structure. The bioinformatic analysis predicted that the mutant altered the lengths and angles of several hydrogen bonds between the related residues.",,,CLN3
Pa-cln3.536,,"0,191,730",cln3.140,c.962+1G>A,,,juvenile,6,,China,,,Zhang et al. 2024,39563673,Onset with rapid vision loss; displayed typical CLN3 phenotype,,cln3.140,Exon 13,c.962+1G>A,,p.(?),substitution,splice donor variant,,Acceptor loss 0.6; Donor loss 0.97,,,g.28482326C>T,Zhang et al. 2024,39563673,,,,,CLN3
Pa-cln3.536,,"0,191,730",,Uncharacterised deletion of exons 15 and 16,,,juvenile,6,,China,,,Zhang et al. 2024,39563673,Onset with rapid vision loss; displayed typical CLN3 phenotype,,,,,,,,,,,,,,,,,,,,CLN3
Pa-cln3.537,,"0,191,773",cln3.139,p.(Gly280Cys),,,juvenile,6,,China,,,Zhang et al. 2024,39563673,"Onset with night blindness, rapid vision loss; displayed typical CLN3 phenotype",Query about the location of this mutation - see mutation table,cln3.139,Exon 12,c.838G>T,280,p.(Gly280Cys),substitution,missense,Probably damaging,All <0.5,,,g.28482545C>A,Zhang et al. 2024,39563673,,look up in dbSNP automaps to c.910G>T p.(Glu304*) - which reference sequence is being used to describe this variant?,,,CLN3
Pa-cln3.537,,"0,191,773",cln3.142,p.(Tyr326Leufs*),,,juvenile,6,,China,,,Zhang et al. 2024,39563673,"Onset with night blindness, rapid vision loss; displayed typical CLN3 phenotype",,cln3.142,Exon 14,c.976dup,326,p.(Tyr326Leufs*),duplication,frameshift,,All <0.2,,,g.28482185dup,Zhang et al. 2024,39563673,,,,,CLN3
Pa-cln3.538,,10769,cln3.020,p.(Arg334His),,,juvenile,6,,China,,,Zhang et al. 2024,39563673,"Onset with rapid vision loss, night blindness; displayed typical CLN3 phenotype",,cln3.020,Exon 14,c.1001G>A,334,p.(Arg334His),substitution,missense,Probably damaging,no significant impact on splicing signals,pathogenic / likely pathogenic,rs386833695,g.28482160C>T,"Munroe et al., Am J Hum Genet; 1997",9311735,,,,,CLN3
Pa-cln3.538,,10769,cln3.047,c.906+5G>A,,,juvenile,6,,China,,,Zhang et al. 2024,39563673,"Onset with rapid vision loss, night blindness; displayed typical CLN3 phenotype",,cln3.047,Intron 12,c.906+5G>A,,p.(?),substitution,splice donor variant,most probably affecting splicing,,likely pathogenic,rs386833739,g.28482472C>T,"Kousi et al., Hum Mutat, 2012",21990111,,,CS003697,,CLN3
Pa-cln3.539,,10272,cln3.020,p.(Arg334His),,,juvenile,6,,China,,,Zhang et al. 2024,39563673,; displayed typical CLN3 phenotype,,cln3.020,Exon 14,c.1001G>A,334,p.(Arg334His),substitution,missense,Probably damaging,no significant impact on splicing signals,pathogenic / likely pathogenic,rs386833695,g.28482160C>T,"Munroe et al., Am J Hum Genet; 1997",9311735,,,,,CLN3
Pa-cln3.539,,10272,cln3.047,c.906+5G>A,,,juvenile,6,,China,,,Zhang et al. 2024,39563673,"Onset with rapid vision loss, night blindness; displayed typical CLN3 phenotype",,cln3.047,Intron 12,c.906+5G>A,,p.(?),substitution,splice donor variant,most probably affecting splicing,,likely pathogenic,rs386833739,g.28482472C>T,"Kousi et al., Hum Mutat, 2012",21990111,,,CS003697,,CLN3
Pa-cln3.540,,10,cln3.065,p.(Cys134Arg),,,juvenile,5,,Turkey or Syria,,,Kose et al. 2021,33486620,"presented with visual loss; neuroregression, died aged 8",,cln3.065,Exon 07,c.400T>C,134,p.(Cys134Arg),substitution,missense,Benign,no significant impact on splicing signals,uncertain significance, rs386833719,g.28487516A>G,"Kousi et al., Hum Mutat, 2012",21990111,,No information on frequency for A>G change,,,CLN3
Pa-cln3.540,,10,cln3.036,p.(Trp35*),,,juvenile,5,,Turkey or Syria,,,Kose et al. 2021,33486620,"presented with visual loss; neuroregression, died aged 8",,cln3.036,Exon 03,c.105G>A,35,p.(Trp35*),substitution,nonsense,,Alteration of auxiliary sequences,Pathogenic,rs386833700,g.28491502C>T,"Kousi et al., Hum Mutat, 2012",21990111,,,CM052841,,CLN3
Pa-cln3.541,,,cln3.001,c.461-280_677+382del,,,adult,19,,,White European,,Kalogeropoulos et al. 2025,40461003,presented with chronic cystoid macular oedema and deteriorating vision. ,,cln3.001,Intron 07 - 09,c.461-280_677+382del,,p.(?),deletion,complex,see notes,,Pathogenic,rs1555468634,g.28485965_28486930del,"The International Batten Disease Consortium, 1995                                              ",7553855,,"This deletion mutation was originally believed to stretch 1.02 kb (Batten Disease Consortium, 1995). It was later shown to span 966 bp, and is also called 1kb deletion. In culture, fibroblasts from a homozygous patient express a major transcript of 521 bp and a minor transcript of 408 bp (Kitzmüller, Haines, Codlin, Cutler, & Mole, 2008). The major transcript contains exon 6 spliced to exon 9 and is thought to encode a protein containing the first 153 amino acids of CLN3 plus an additional 28 novel amino acids resulting from an out‐of‐frame RNA sequence at the novel splice site. ",,,CLN3
Pa-cln3.541,,,cln3.074,p.(Arg405Trp),,,adult,19,,,White European,,Kalogeropoulos et al. 2025,40461003,presented with chronic cystoid macular oedema and deteriorating vision. ,,cln3.074,Exon 16,c.1213C>T ,405,p.(Arg405Trp),substitution,missense,Probably damaging,Alteration of auxiliary sequences,conflicting interpretations of pathogenicity,rs139842473,g.28477620G>A,Weisschuh et al. 2016,26766544,,Detected by WES in patient with RP,,,CLN3
Pa-cln3.542,,,cln3.001,c.461-280_677+382del,,,juvenile,6,,Sweden,,,pers comm parent,,"Presented with vision loss, and difficulty with night vision. Vision loss only, but probably on miglustat",,cln3.001,Intron 07 - 09,c.461-280_677+382del,,p.(?),deletion,complex,see notes,,Pathogenic,rs1555468634,g.28485965_28486930del,"The International Batten Disease Consortium, 1995                                              ",7553855,,"This deletion mutation was originally believed to stretch 1.02 kb (Batten Disease Consortium, 1995). It was later shown to span 966 bp, and is also called 1kb deletion. In culture, fibroblasts from a homozygous patient express a major transcript of 521 bp and a minor transcript of 408 bp (Kitzmüller, Haines, Codlin, Cutler, & Mole, 2008). The major transcript contains exon 6 spliced to exon 9 and is thought to encode a protein containing the first 153 amino acids of CLN3 plus an additional 28 novel amino acids resulting from an out‐of‐frame RNA sequence at the novel splice site. ",,,CLN3
Pa-cln3.542,,,cln3.018,p.(Val330Phe),,,juvenile,6,,Sweden,,,pers comm parent,,"Presented with vision loss, and difficulty with night vision. Vision loss only, but probably on miglustat",,cln3.018,Exon 14,c.988G>T,330,p.(Val330Phe),substitution,missense,Probably damaging,Alteration of auxiliary sequences,likely pathogenic,rs386833744,g.28482173C>A,"Munroe et al., Am J Hum Genet; 1997",9311735,,,,,CLN3
Pa-cln3.543,,,cln3.143,c.295-2A>C,,,juvenile,7,Vacuolated lymphocytes,Japan,,,Kajiwara et al. 2025,41203069,"Diagnosed with RP; seizures started aged 7, progressive visual loss; decline in motor and communication skills",,cln3.143,Intron 05,c.295-2A>C,,p.(?),substitution,splice acceptor variant,,Acceptor loss 0.98; all others <0.5,likely pathogenic,rs1478660606,g.28487743T>G,Kajiwara et al. 2025,41203069,,,,,CLN3
Pa-cln3.543,,,cln3.144,p.(His60Thrfs*),,,juvenile,7,Vacuolated lymphocytes,Japan,,,Kajiwara et al. 2025,41203069,"Diagnosed with RP; seizures started aged 7, progressive visual loss; decline in motor and communication skills",,cln3.144,Exon 04,c.178_180delinsACATCCTTAGCCACAAGAG,60,p.(His60Thrfs*),deletion insertion,frameshift,,All <0.1,,,g.28489332_28489334delinsCTCTTGTGGCTAAGGATGT,Kajiwara et al. 2025,41203069,,,,,CLN3
Disease Phenotypes,,,,,,,,,,,,,,,,,,,,,,,,,,,,,,,,,,,CLN3
IRD,inherited retinal dystrophy,,,,,,,,,,,,,,,,,,,,,,,,,,,,,,,,,,CLN3
CRD,cone rod dystrophy,,,,,,,,,,,,,,,,,,,,,,,,,,,,,,,,,,CLN3
RP,retinitis pigmentosa,,,,,,,,,,,,,,,,,,,,,,,,,,,,,,,,,,CLN3
Congenital - around birth;  infantile 0.5-1.5 y; late infantile - 2-4 y; juvenile - 5-10 y; teenage - 10-17; >18 adult,,,,,,,,,,,,,,,,,,,,,,,,,,,,,,,,,,,CLN3
"Protracted juvenile - on examination of cases previously described as delayed classic JNCL, these patients have been grouped with others with protracted juvenile disease",,,,,,,,,,,,,,,,,,,,,,,,,,,,,,,,,,,CLN3
Further study is needed to more precisely determine the disease phenotypes displayed by patients with homozygous mutations in CLN3,,,,,,,,,,,,,,,,,,,,,,,,,,,,,,,,,,,CLN3
